"sample","latitude","longitude","date","site","location","successful.count"
"MF-CNB1-1",-33.5201841,115.0222796,20070303,"Cape.Naturaliste","Capes.North","Yes"
"MF-CNB1-2",-33.52151909,115.0234335,20070303,"Cape.Naturaliste","Capes.North","Yes"
"MF-CNB1-3",-33.52016351,115.023249,20070303,"Cape.Naturaliste","Capes.North","Yes"
"MF-CNB1-4",-33.51925428,115.023345,20070303,"Cape.Naturaliste","Capes.North","Yes"
"MF-CNB1-5",-33.52136525,115.0250949,20070303,"Cape.Naturaliste","Capes.North","Yes"
"MF-CNB2-1",-33.51951354,115.0164382,20070303,"Cape.Naturaliste","Capes.North","Yes"
"MF-CNB2-2",-33.51819833,115.0165221,20070303,"Cape.Naturaliste","Capes.North","Yes"
"MF-CNB2-3",-33.51794849,115.0149991,20070303,"Cape.Naturaliste","Capes.North","Yes"
"MF-CNB2-4",-33.51828435,115.017952,20070303,"Cape.Naturaliste","Capes.North","Yes"
"MF-CNB2-5",-33.51696287,115.016518,20070303,"Cape.Naturaliste","Capes.North","Yes"
"MF-CNB3-1",-33.52168589,115.0079588,20070303,"Cape.Naturaliste","Capes.North","No"
"MF-CNB3-2",-33.52152556,115.0064014,20070303,"Cape.Naturaliste","Capes.North","No"
"MF-CNB3-3",-33.5228515,115.0075445,20070303,"Cape.Naturaliste","Capes.North","No"
"MF-CNB3-4",-33.52219722,115.0100357,20070305,"Cape.Naturaliste","Capes.North","Yes"
"MF-CNB3-5",-33.52011759,115.0085653,20070305,"Cape.Naturaliste","Capes.North","Yes"
"MF-CNB4-1",-33.52289919,114.999318,20070304,"Cape.Naturaliste","Capes.North","No"
"MF-CNB4-2",-33.52298231,114.9977657,20070304,"Cape.Naturaliste","Capes.North","Yes"
"MF-CNB4-3",-33.52416688,114.9990842,20070304,"Cape.Naturaliste","Capes.North","Yes"
"MF-CNB4-4",-33.52322534,115.0010869,20070304,"Cape.Naturaliste","Capes.North","No"
"MF-CNB4-5",-33.52240252,114.9987157,20070304,"Cape.Naturaliste","Capes.North","Yes"
"MF-CNB5-1",-33.53403354,114.996951,20070304,"Cape.Naturaliste","Capes.North","Yes"
"MF-CNB5-2",-33.53464705,114.9953001,20070304,"Cape.Naturaliste","Capes.North","Yes"
"MF-CNB5-3",-33.53403354,114.996951,20070304,"Cape.Naturaliste","Capes.North","Yes"
"MF-CNB5-4",-33.53516459,114.9988631,20070304,"Cape.Naturaliste","Capes.North","Yes"
"MF-CNB5-5",-33.53281455,114.9968499,20070304,"Cape.Naturaliste","Capes.North","Yes"
"MF-CNB6-1",-33.54756813,114.9985879,20070304,"Cape.Naturaliste","Capes.North","Yes"
"MF-CNB6-2",-33.54500221,114.9982809,20070304,"Cape.Naturaliste","Capes.North","Yes"
"MF-CNB6-3",-33.54541242,114.9968822,20070304,"Cape.Naturaliste","Capes.North","Yes"
"MF-CNB6-4",-33.54533166,114.9996948,20070304,"Cape.Naturaliste","Capes.North","Yes"
"MF-CNB7-1",-33.55388232,114.9987115,20070304,"Cape.Naturaliste","Capes.North","Yes"
"MF-CNB7-2",-33.55381652,114.9974313,20070304,"Cape.Naturaliste","Capes.North","Yes"
"MF-CNB7-3",-33.55584999,114.9988276,20070305,"Cape.Naturaliste","Capes.North","Yes"
"MF-CNB7-4",-33.55370875,115.0008048,20070305,"Cape.Naturaliste","Capes.North","Yes"
"MF-CNB7-5",-33.5526784,114.9984269,20070305,"Cape.Naturaliste","Capes.North","Yes"
"MF-GB018",-33.60790427,115.1973991,20070302,"Geographe.Bay","Geographe.Bay","Yes"
"MF-GB019",-33.6076042,115.2028047,20070302,"Geographe.Bay","Geographe.Bay","Yes"
"MF-GB036",-33.59150085,115.2475977,20070302,"Geographe.Bay","Geographe.Bay","Yes"
"MF-GB037",-33.59039751,115.2511973,20070302,"Geographe.Bay","Geographe.Bay","Yes"
"MF-GB043",-33.5917028,115.1518016,20070302,"Geographe.Bay","Geographe.Bay","Yes"
"MF-GB044",-33.57129911,115.1604992,20070302,"Geographe.Bay","Geographe.Bay","Yes"
"MF-GB047",-33.59060326,115.1982978,20070302,"Geographe.Bay","Geographe.Bay","Yes"
"MF-GB057",-33.57690392,115.1140983,20070303,"Geographe.Bay","Geographe.Bay","Yes"
"MF-GB058",-33.57589923,115.1179985,20070303,"Geographe.Bay","Geographe.Bay","Yes"
"MF-GB061",-33.58139618,115.1590998,20070302,"Geographe.Bay","Geographe.Bay","Yes"
"MF-GB064",-33.58179718,115.1880948,20070302,"Geographe.Bay","Geographe.Bay","Yes"
"MF-GB074",-33.57319811,115.1164951,20070303,"Geographe.Bay","Geographe.Bay","Yes"
"MF-GB077",-33.56839999,115.1378959,20070302,"Geographe.Bay","Geographe.Bay","Yes"
"MF-GB080",-33.57639775,115.2168001,20070302,"Geographe.Bay","Geographe.Bay","Yes"
"MF-GB091",-33.55389636,115.1479006,20070303,"Geographe.Bay","Geographe.Bay","Yes"
"MF-GB101",-33.56579717,115.1940952,20070302,"Geographe.Bay","Geographe.Bay","Yes"
"MF-GB104",-33.56809583,115.1537052,20070302,"Geographe.Bay","Geographe.Bay","Yes"
"MF-GB109",-33.55410455,115.0939042,20070303,"Geographe.Bay","Geographe.Bay","Yes"
"MF-GB112",-33.568404,115.2335002,20070302,"Geographe.Bay","Geographe.Bay","Yes"
"MF-GB113",-33.56969737,115.2362963,20070302,"Geographe.Bay","Geographe.Bay","Yes"
"MF-GB126",-33.56669549,115.2287952,20070302,"Geographe.Bay","Geographe.Bay","Yes"
"MF-GB128",-33.56540445,115.2369006,20070302,"Geographe.Bay","Geographe.Bay","Yes"
"MF-GB134",-33.56169981,115.1354977,20070303,"Geographe.Bay","Geographe.Bay","Yes"
"MF-GB145",-33.54539738,115.1344049,20070303,"Geographe.Bay","Geographe.Bay","Yes"
"MF-GB168",-33.54850245,115.1340043,20070303,"Geographe.Bay","Geographe.Bay","Yes"
"MF-GB173",-33.54690109,115.0834976,20070303,"Geographe.Bay","Geographe.Bay","Yes"
"MF-GB192",-33.53959924,115.1130031,20070303,"Geographe.Bay","Geographe.Bay","Yes"
"MF-GB199",-33.53719702,115.1109986,20070303,"Geographe.Bay","Geographe.Bay","Yes"
"MF-GB221",-33.52649658,115.0889008,20070303,"Geographe.Bay","Geographe.Bay","Yes"
"MF-GB228",-33.5245989,115.090396,20070303,"Geographe.Bay","Geographe.Bay","Yes"
"MF-INB1-1",-33.6619459,114.9831639,20070306,"Indijup","Capes.South","Yes"
"MF-INB1-2",-33.6612005,114.9816932,20070306,"Indijup","Capes.South","Yes"
"MF-INB1-3",-33.66507734,114.9838673,20070306,"Indijup","Capes.South","Yes"
"MF-INB1-4",-33.66036306,114.9933911,20070306,"Indijup","Capes.South","Yes"
"MF-INB1-5",-33.66203487,114.9864077,20070306,"Indijup","Capes.South","Yes"
"MF-INB2-1",-33.67111649,114.9826155,20070306,"Indijup","Capes.South","Yes"
"MF-INB2-2",-33.6712887,114.9815654,20070306,"Indijup","Capes.South","Yes"
"MF-INB2-3",-33.67096871,114.9829533,20070306,"Indijup","Capes.South","Yes"
"MF-INB2-4",-33.67150656,114.9849682,20070306,"Indijup","Capes.South","Yes"
"MF-INB2-5",-33.66978382,114.9832829,20070306,"Indijup","Capes.South","Yes"
"MF-INB3-1",-33.68479838,114.975069,20070306,"Indijup","Capes.South","Yes"
"MF-INB3-2",-33.68347354,114.9751108,20070306,"Indijup","Capes.South","Yes"
"MF-INB3-3",-33.68089967,114.973769,20070306,"Indijup","Capes.South","Yes"
"MF-INB3-4",-33.68373952,114.9737347,20070306,"Indijup","Capes.South","Yes"
"MF-INB3-5",-33.68348113,114.9766746,20070306,"Indijup","Capes.South","Yes"
"MF-INB4-1",-33.67111649,114.9826155,20070306,"Indijup","Capes.South","Yes"
"MF-INB4-2",-33.68888923,114.9693962,20070306,"Indijup","Capes.South","Yes"
"MF-INB4-3",-33.68851061,114.9737953,20070306,"Indijup","Capes.South","Yes"
"MF-INB4-4",-33.68996345,114.969468,20070306,"Indijup","Capes.South","Yes"
"MF-INB4-5",-33.68702764,114.9696989,20070306,"Indijup","Capes.South","Yes"
"MF-INB5-1",-33.69801017,114.9641975,20070306,"Indijup","Capes.South","Yes"
"MF-INB5-2",-33.69834979,114.961827,20070306,"Indijup","Capes.South","Yes"
"MF-INB5-3",-33.69440774,114.9611865,20070306,"Indijup","Capes.South","Yes"
"MF-INB5-4",-33.70041244,114.9666114,20070306,"Indijup","Capes.South","Yes"
"MF-INB5-5",-33.69770443,114.969178,20070306,"Indijup","Capes.South","Yes"
"MF-INB6-1",-33.71100746,114.9605892,20070306,"Indijup","Capes.South","Yes"
"MF-INB6-2",-33.71137116,114.9591348,20070306,"Indijup","Capes.South","Yes"
"MF-INB6-3",-33.71215023,114.9604435,20070307,"Indijup","Capes.South","Yes"
"MF-INB6-4",-33.70926616,114.959983,20070306,"Indijup","Capes.South","Yes"
"MF-INB6-5",-33.71164354,114.9619768,20070306,"Indijup","Capes.South","No"
"MF-INB7-1",-33.71843844,114.9655605,20070307,"Indijup","Capes.South","Yes"
"MF-INB7-2",-33.71646726,114.9635892,20070307,"Indijup","Capes.South","Yes"
"MF-INB7-3",-33.71996323,114.964521,20070307,"Indijup","Capes.South","Yes"
"MF-INB7-4",-33.7202064,114.9661446,20070307,"Indijup","Capes.South","Yes"
"MF-INB7-5",-33.71836314,114.9702993,20070307,"Indijup","Capes.South","Yes"
"MF-WC002",-33.70050024,114.9150956,20070307,"West.Coast","Capes.South","Yes"
"MF-WC003",-33.699801,114.9433018,20070307,"West.Coast","Capes.South","Yes"
"MF-WC004",-33.6999025,114.9685005,20070306,"West.Coast","Capes.South","Yes"
"MF-WC005",-33.69880426,114.9403049,20070307,"West.Coast","Capes.South","Yes"
"MF-WC007",-33.69289754,114.952204,20070307,"West.Coast","Capes.South","Yes"
"MF-WC008",-33.69239772,114.9422054,20070307,"West.Coast","Capes.South","Yes"
"MF-WC009",-33.69260126,114.9747025,20070306,"West.Coast","Capes.South","Yes"
"MF-WC010",-33.69020254,114.9274041,20070307,"West.Coast","Capes.South","Yes"
"MF-WC011",-33.6899971,114.9632971,20070306,"West.Coast","Capes.South","Yes"
"MF-WC013",-33.6897994,114.976505,20070306,"West.Coast","Capes.South","Yes"
"MF-WC014",-33.68969985,114.9830981,20070306,"West.Coast","Capes.South","Yes"
"MF-WC016",-33.68740412,114.9509968,20070307,"West.Coast","Capes.South","Yes"
"MF-WC017",-33.68669811,114.9319,20070307,"West.Coast","Capes.South","Yes"
"MF-WC020",-33.68180413,114.9668017,20070306,"West.Coast","Capes.South","Yes"
"MF-WC021",-33.68010366,114.9166992,20070307,"West.Coast","Capes.South","Yes"
"MF-WC022",-33.68039839,114.9783971,20070306,"West.Coast","Capes.South","Yes"
"MF-WC023",-33.67869871,114.9056026,20070307,"West.Coast","Capes.South","Yes"
"MF-WC025",-33.67759945,114.9639023,20070306,"West.Coast","Capes.South","Yes"
"MF-WC026",-33.67779775,114.9859,20070306,"West.Coast","Capes.South","Yes"
"MF-WC027",-33.67720298,114.9683013,20070306,"West.Coast","Capes.South","Yes"
"MF-WC029",-33.6749037,114.9705017,20070306,"West.Coast","Capes.South","Yes"
"MF-WC030",-33.67439949,114.9595991,20070306,"West.Coast","Capes.South","Yes"
"MF-WC031",-33.67409648,114.9620005,20070306,"West.Coast","Capes.South","Yes"
"MF-WC033",-33.6716033,114.9389048,20070307,"West.Coast","Capes.South","Yes"
"MF-WC034",-33.67030092,114.974104,20070226,"West.Coast","Capes.South","Yes"
"MF-WC035",-33.66939715,114.9085027,20070307,"West.Coast","Capes.South","Yes"
"MF-WC036",-33.66799763,114.9859991,20070226,"West.Coast","Capes.South","Yes"
"MF-WC038",-33.66699951,114.9823019,20070226,"West.Coast","Capes.South","Yes"
"MF-WC039",-33.66620054,114.9726041,20070226,"West.Coast","Capes.South","Yes"
"MF-WC040",-33.66439755,114.981996,20070226,"West.Coast","Capes.South","Yes"
"MF-WC041",-33.66300007,114.9698971,20070226,"West.Coast","Capes.South","Yes"
"MF-WC042",-33.66169785,114.9197958,20070307,"West.Coast","Capes.South","Yes"
"MF-WC043",-33.66240417,114.9736961,20070226,"West.Coast","Capes.South","Yes"
"MF-WC044",-33.660202,114.9113024,20070307,"West.Coast","Capes.South","Yes"
"MF-WC045",-33.66210075,114.9899,20070226,"West.Coast","Capes.South","Yes"
"MF-WC046",-33.6606043,114.9613052,20070307,"West.Coast","Capes.South","Yes"
"MF-WC047",-33.65739869,114.9086961,20070307,"West.Coast","Capes.South","Yes"
"MF-WC049",-33.65700033,114.9118003,20070307,"West.Coast","Capes.South","Yes"
"MF-WC050",-33.65749643,114.9457002,20070307,"West.Coast","Capes.South","Yes"
"MF-WC051",-33.65690078,114.9560011,20070307,"West.Coast","Capes.South","Yes"
"MF-WC052",-33.65630362,114.9744969,20070306,"West.Coast","Capes.South","Yes"
"MF-WC053",-33.65610351,114.9810036,20070306,"West.Coast","Capes.South","Yes"
"MF-WC054",-33.65599867,114.9779006,20070306,"West.Coast","Capes.South","Yes"
"MF-WC055",-33.58280158,115.0032045,20070307,"West.Coast","Capes.North","Yes"
"MF-WC056",-33.57210416,114.9785992,20070305,"West.Coast","Capes.North","Yes"
"MF-WC057",-33.57179773,114.9918993,20070305,"West.Coast","Capes.North","Yes"
"MF-WC058",-33.57000047,114.9984041,20070305,"West.Coast","Capes.North","Yes"
"MF-WC059",-33.56950237,114.9749974,20070305,"West.Coast","Capes.North","Yes"
"MF-WC060",-33.56880291,114.9790962,20070305,"West.Coast","Capes.North","Yes"
"MF-WC061",-33.56430434,114.9753019,20070305,"West.Coast","Capes.North","Yes"
"MF-WC062",-33.56300234,114.9795007,20070305,"West.Coast","Capes.North","Yes"
"MF-WC063",-33.55880445,115.0002997,20070305,"West.Coast","Capes.North","Yes"
"MF-WC065",-33.55629637,115.0018976,20070305,"West.Coast","Capes.North","Yes"
"MF-WC069",-33.55309821,115.0059993,20070305,"West.Coast","Capes.North","Yes"
"MF-WC070",-33.55039936,114.9785988,20070304,"West.Coast","Capes.North","Yes"
"MF-WC071",-33.55030013,114.9968986,20070304,"West.Coast","Capes.North","Yes"
"MF-WC072",-33.54849778,114.9914048,20070304,"West.Coast","Capes.North","Yes"
"MF-WC073",-33.54819694,114.9851009,20070304,"West.Coast","Capes.North","Yes"
"MF-WC074",-33.54680021,114.9945994,20070304,"West.Coast","Capes.North","Yes"
"MF-WC075",-33.54250121,114.9992001,20070304,"West.Coast","Capes.North","Yes"
"MF-WC076",-33.54030364,114.9899038,20070305,"West.Coast","Capes.North","Yes"
"MF-WC077",-33.53959742,114.9863989,20070304,"West.Coast","Capes.North","Yes"
"MF-WC078",-33.53330281,114.9896998,20070304,"West.Coast","Capes.North","Yes"
"MF-WC079",-33.53300192,114.983397,20070304,"West.Coast","Capes.North","Yes"
"MF-WC080",-33.52919964,114.9958027,20070305,"West.Coast","Capes.North","Yes"
"MF-WC081",-33.52650107,114.9951006,20070304,"West.Coast","Capes.North","Yes"
"MF-WC082",-33.52440224,114.986902,20070304,"West.Coast","Capes.North","Yes"
"MF-WC083",-33.52439553,114.9803993,20070304,"West.Coast","Capes.North","Yes"
"MF-WC084",-33.52390256,114.9900035,20070304,"West.Coast","Capes.North","Yes"
"MF-WC085",-33.51960343,115.0023975,20070304,"West.Coast","Capes.North","Yes"
"MF-WC086",-33.51890176,115.0052989,20070305,"West.Coast","Capes.North","Yes"
"MF-WC087",-33.5183,114.9953975,20070305,"West.Coast","Capes.North","Yes"
"MF-WC089",-33.5188026,115.0053012,20070304,"West.Coast","Capes.North","Yes"
"MF-WC090",-33.51540356,115.003097,20070305,"West.Coast","Capes.North","Yes"
"MF-WC092",-33.51359767,114.9995968,20070305,"West.Coast","Capes.North","Yes"
"MF-WC094",-33.51319752,115.0032984,20070303,"West.Coast","Capes.North","Yes"
"MF-WC095",-33.51250362,115.0050044,20070303,"West.Coast","Capes.North","Yes"
"MF-WC096",-33.51209761,114.9954976,20070305,"West.Coast","Capes.North","Yes"
"MF-WC097",-33.51109899,115.0113017,20070303,"West.Coast","Capes.North","Yes"
"MF-WC098",-33.51100395,115.0025952,20070305,"West.Coast","Capes.North","Yes"
"MF-WC099",-33.50959999,115.0213041,20070303,"West.Coast","Capes.North","Yes"
"MF-WC100",-33.50760321,115.0042019,20070305,"West.Coast","Capes.North","Yes"
"MF-WC101",-33.50300304,115.0030051,20070305,"West.Coast","Capes.North","Yes"
"MF-WC102",-33.50199585,115.0014998,20070305,"West.Coast","Capes.North","Yes"
"MF-WC104",-33.49860293,115.0260965,20070305,"West.Coast","Capes.North","Yes"
"MF-WC105",-33.49780274,115.0042978,20070305,"West.Coast","Capes.North","Yes"
"MF-WC106",-33.49719964,115.0066041,20070305,"West.Coast","Capes.North","Yes"
"MF-WC107",-33.49730422,115.0103042,20070305,"West.Coast","Capes.North","Yes"
"MF-WC108",-33.49580444,115.0293028,20070304,"West.Coast","Capes.North","Yes"
"MF-WC110",-33.49390116,115.0056035,20070305,"West.Coast","Capes.North","Yes"
"MF-WC111",-33.4927011,115.015102,20070304,"West.Coast","Capes.North","Yes"
"MF-WC115",-33.4842018,114.9952044,20070305,"West.Coast","Capes.North","Yes"
"MF-WC116",-33.48337086,115.0018202,20070305,"West.Coast","Capes.North","Yes"
"1",-33.36345,115.21415,20141210,NA,"Geographe.Bay","Yes"
"2",-33.4405333,115.10095,20141210,NA,"Geographe.Bay","Yes"
"3",-33.4920833,115.3549,20141213,NA,"Geographe.Bay","Yes"
"4",-33.3921,115.2280833,20141210,NA,"Geographe.Bay","Yes"
"5",-33.3627833,115.45495,20141211,NA,"Geographe.Bay","Yes"
"6",-33.4070833,115.1204167,20141210,NA,"Geographe.Bay","Yes"
"7",-33.4204833,115.4457,20141213,NA,"Geographe.Bay","Yes"
"9",-33.3643333,115.1361167,20141210,NA,"Geographe.Bay","Yes"
"10",-33.5281667,115.3313333,20141212,NA,"Geographe.Bay","Yes"
"11",-33.5712167,115.2958167,20141212,NA,"Geographe.Bay","Yes"
"12",-33.40395,115.2615667,20141210,NA,"Geographe.Bay","Yes"
"13",-33.4501833,115.0925167,20141209,NA,"Geographe.Bay","Yes"
"14",-33.5296667,115.4130333,20141213,NA,"Geographe.Bay","Yes"
"15",-33.5782333,115.2147833,20141212,NA,"Geographe.Bay","Yes"
"16",-33.3889,115.4986167,20141211,NA,"Geographe.Bay","Yes"
"17",-33.3635833,115.23265,20141210,NA,"Geographe.Bay","Yes"
"18",-33.3926,115.0981333,20141210,NA,"Geographe.Bay","Yes"
"19",-33.4605,115.3618,20141213,NA,"Geographe.Bay","Yes"
"20",-33.4338667,115.2221167,20141210,NA,"Geographe.Bay","Yes"
"21",-33.3857167,115.39765,20141214,NA,"Geographe.Bay","Yes"
"22",-33.57455,115.1806667,20141209,NA,"Geographe.Bay","Yes"
"23",-33.5041833,115.4289333,20141216,NA,"Geographe.Bay","Yes"
"24",-33.47115,115.2861667,20141209,NA,"Geographe.Bay","Yes"
"25",-33.3833333,115.0827833,20141210,NA,"Geographe.Bay","Yes"
"26",-33.5500333,115.3236167,20141212,NA,"Geographe.Bay","Yes"
"27",-33.5463667,115.1883833,20141209,NA,"Geographe.Bay","Yes"
"28",-33.42715,115.2872833,20141211,NA,"Geographe.Bay","Yes"
"29",-33.4869667,115.1764,20141209,NA,"Geographe.Bay","Yes"
"30",-33.42405,115.33405,20141211,NA,"Geographe.Bay","Yes"
"31",-33.5986333,115.2369167,20141212,NA,"Geographe.Bay","Yes"
"32",-33.4807833,115.46205,20141213,NA,"Geographe.Bay","Yes"
"33",-33.3527667,115.3204833,20141211,NA,"Geographe.Bay","Yes"
"34",-33.3845167,115.0739,20141210,NA,"Geographe.Bay","Yes"
"35",-33.4055,115.4157167,20141213,NA,"Geographe.Bay","Yes"
"36",-33.4269,115.20765,20141210,NA,"Geographe.Bay","Yes"
"37",-33.3585,115.3721,20141211,NA,"Geographe.Bay","Yes"
"38",-33.5036833,115.1274333,20141209,NA,"Geographe.Bay","Yes"
"39",-33.465,115.43285,20141211,NA,"Geographe.Bay","Yes"
"40",-33.4719667,115.2287167,20141209,NA,"Geographe.Bay","Yes"
"41",-33.36785,115.0985833,20141210,NA,"Geographe.Bay","Yes"
"42",-33.5425167,115.3862333,20141212,NA,"Geographe.Bay","Yes"
"44",-33.3984333,115.30965,20141211,NA,"Geographe.Bay","Yes"
"45",-33.4445667,115.13165,20141209,NA,"Geographe.Bay","Yes"
"46",-33.4028,115.3493,20141214,NA,"Geographe.Bay","Yes"
"47",-33.5485,115.2877667,20141212,NA,"Geographe.Bay","Yes"
"48",-33.40275,115.5133833,20141211,NA,"Geographe.Bay","Yes"
"49",-33.3809167,115.2720667,20141210,NA,"Geographe.Bay","Yes"
"50",-33.4108,115.1742333,20141210,NA,"Geographe.Bay","Yes"
"51",-33.4315667,115.41365,20141213,NA,"Geographe.Bay","Yes"
"52",-33.49265,115.2982,20141209,NA,"Geographe.Bay","Yes"
"53",-33.3582167,115.3565167,20141211,NA,"Geographe.Bay","Yes"
"54",-33.51305,115.1532,20141209,NA,"Geographe.Bay","Yes"
"55",-33.5708667,115.2801167,20141212,NA,"Geographe.Bay","Yes"
"56",-33.4953,115.2224167,20141209,NA,"Geographe.Bay","Yes"
"58",-33.56965,115.3795833,20141212,NA,"Geographe.Bay","Yes"
"60",-33.3626167,115.5049333,20141211,NA,"Geographe.Bay","Yes"
"61",-33.4992833,115.1345167,20141209,NA,"Geographe.Bay","Yes"
"62",-33.4505,115.3306833,20141211,NA,"Geographe.Bay","Yes"
"63",-33.50385,115.2562,20141209,NA,"Geographe.Bay","Yes"
"64",-33.4364167,115.50945,20141211,NA,"Geographe.Bay","Yes"
"65",-33.3597167,115.2047667,20141210,NA,"Geographe.Bay","Yes"
"67",-33.4783167,115.0859333,20141209,NA,"Geographe.Bay","Yes"
"68",-33.3881667,115.2426,20141210,NA,"Geographe.Bay","Yes"
"69",-33.3534333,115.4040333,20141211,NA,"Geographe.Bay","Yes"
"70",-33.4158833,115.1513667,20141210,NA,"Geographe.Bay","Yes"
"71",-33.4270833,115.4286667,20141213,NA,"Geographe.Bay","Yes"
"72",-33.4624833,115.32235,20141211,NA,"Geographe.Bay","Yes"
"73",-33.3718,115.1456,20141210,NA,"Geographe.Bay","Yes"
"75",-33.5893333,115.29455,20141212,NA,"Geographe.Bay","Yes"
"76",-33.41295,115.2846833,20141211,NA,"Geographe.Bay","Yes"
"77",-33.45575,115.1029,20141209,NA,"Geographe.Bay","Yes"
"78",-33.5076,115.4437667,20141213,NA,"Geographe.Bay","Yes"
"79",-33.5874,115.2308833,20141212,NA,"Geographe.Bay","Yes"
"80",-33.3515833,115.5195333,20141211,NA,"Geographe.Bay","Yes"
"81",-33.3788167,115.23045,20141210,NA,"Geographe.Bay","Yes"
"82",-33.3955167,115.1102833,20141210,NA,"Geographe.Bay","Yes"
"83",-33.46935,115.37905,20141213,NA,"Geographe.Bay","Yes"
"84",-33.3964667,115.1924,20141210,NA,"Geographe.Bay","Yes"
"86",-33.5405167,115.1785167,20141209,NA,"Geographe.Bay","Yes"
"87",-33.4896,115.4589333,20141213,NA,"Geographe.Bay","Yes"
"88",-33.5010667,115.2145333,20141209,NA,"Geographe.Bay","Yes"
"89",-33.3828167,115.0563833,20141210,NA,"Geographe.Bay","Yes"
"90",-33.5333167,115.3224833,20141212,NA,"Geographe.Bay","Yes"
"91",-33.5396,115.2060833,20141209,NA,"Geographe.Bay","Yes"
"92",-33.4175833,115.3149833,20141211,NA,"Geographe.Bay","Yes"
"93",-33.4813167,115.15275,20141209,NA,"Geographe.Bay","Yes"
"95",-33.5175,115.3155333,20141212,NA,"Geographe.Bay","Yes"
"96",-33.4489,115.4808167,20141211,NA,"Geographe.Bay","Yes"
"97",-33.38465,115.2926667,20141211,NA,"Geographe.Bay","Yes"
"98",-33.434,115.1726667,20141210,NA,"Geographe.Bay","Yes"
"99",-33.3953,115.3990167,20141214,NA,"Geographe.Bay","Yes"
"100",-33.4324833,115.21415,20141210,NA,"Geographe.Bay","Yes"
"101",-33.3885833,115.37675,20141214,NA,"Geographe.Bay","Yes"
"102",-33.5185,115.1196,20141209,NA,"Geographe.Bay","Yes"
"103",-33.4581167,115.4547167,20141211,NA,"Geographe.Bay","Yes"
"104",-33.4597333,115.2450667,20141209,NA,"Geographe.Bay","Yes"
"106",-33.57825,115.3451333,20141212,NA,"Geographe.Bay","Yes"
"107",-33.5833333,115.1881167,20141215,NA,"Geographe.Bay","Yes"
"108",-33.4690833,115.1676667,20141209,NA,"Geographe.Bay","Yes"
"110",-33.4022667,115.3556833,20141214,NA,"Geographe.Bay","Yes"
"111",-33.5369,115.3219167,20141212,NA,"Geographe.Bay","Yes"
"112",-33.4052,115.5224,20141211,NA,"Geographe.Bay","Yes"
"113",-33.3658333,115.27785,20141210,NA,"Geographe.Bay","Yes"
"114",-33.3984333,115.1639167,20141210,NA,"Geographe.Bay","Yes"
"115",-33.4446333,115.4064667,20141213,NA,"Geographe.Bay","Yes"
"116",-33.4981667,115.2863667,20141209,NA,"Geographe.Bay","Yes"
"119",-33.4388333,115.5567333,20141214,NA,"Geographe.Bay","Yes"
"122",-33.5375,115.4020833,20141213,NA,"Geographe.Bay","Yes"
"135",-33.50185,115.4207333,20141216,NA,"Geographe.Bay","Yes"
"138",-33.5808333,115.1139333,20141215,NA,"Geographe.Bay","Yes"
"139",-33.60325,115.2736667,20141217,NA,"Geographe.Bay","Yes"
"143",-33.5761667,115.2367,20141215,NA,"Geographe.Bay","Yes"
"144",-33.5342333,115.4323167,20141216,NA,"Geographe.Bay","Yes"
"151",-33.4768,115.4328833,20141216,NA,"Geographe.Bay","Yes"
"154",-33.6033667,115.19675,20141215,NA,"Geographe.Bay","Yes"
"160",-33.6033667,115.2477833,20141216,NA,"Geographe.Bay","Yes"
"167",-33.4627333,115.4805667,20141216,NA,"Geographe.Bay","Yes"
"170",-33.54165,115.3698333,20141216,NA,"Geographe.Bay","Yes"
"175",-33.5518167,115.12275,20141215,NA,"Geographe.Bay","Yes"
"176",-33.59,115.1290667,20141215,NA,"Geographe.Bay","Yes"
"183",-33.5687667,115.2488,20141215,NA,"Geographe.Bay","Yes"
"192",-33.4273167,115.5755833,20141214,NA,"Geographe.Bay","Yes"
"196",-33.5098167,115.4045,20141216,NA,"Geographe.Bay","Yes"
"199",-33.5975167,115.2108833,20141215,NA,"Geographe.Bay","Yes"
"202",-33.5779333,115.4117167,20141217,NA,"Geographe.Bay","Yes"
"207",-33.5738333,115.23165,20141212,NA,"Geographe.Bay","Yes"
"208",-33.3873,115.5742333,20141214,NA,"Geographe.Bay","Yes"
"215",-33.6065667,115.2241167,20141215,NA,"Geographe.Bay","Yes"
"218",-33.5954833,115.3030667,20141217,NA,"Geographe.Bay","Yes"
"224",-33.4189,115.5035833,20141216,NA,"Geographe.Bay","Yes"
"234",-33.6031667,115.3602167,20141217,NA,"Geographe.Bay","Yes"
"236",-33.4949167,115.4766833,20141216,NA,"Geographe.Bay","Yes"
"240",-33.4387833,115.4684667,20141216,NA,"Geographe.Bay","Yes"
"247",-33.5561,115.1345167,20141215,NA,"Geographe.Bay","Yes"
"250",-33.5628167,115.4223667,20141216,NA,"Geographe.Bay","Yes"
"256",-33.4083167,115.4774833,20141214,NA,"Geographe.Bay","Yes"
"267",-33.5707,115.1362,20141215,NA,"Geographe.Bay","Yes"
"270",-33.52045,115.4206,20141213,NA,"Geographe.Bay","Yes"
"271",-33.5937,115.2133167,20141212,NA,"Geographe.Bay","Yes"
"272",-33.3815,115.4879333,20141214,NA,"Geographe.Bay","Yes"
"279",-33.5011833,115.4379167,20141216,NA,"Geographe.Bay","Yes"
"282",-33.5571833,115.3322333,20141217,NA,"Geographe.Bay","Yes"
"287",-33.5940333,115.2189,20141215,NA,"Geographe.Bay","Yes"
"288",-33.4709833,115.4775833,20141216,NA,"Geographe.Bay","Yes"
"295",-33.5555333,115.46605,20141216,NA,"Geographe.Bay","Yes"
"298",-33.5825167,115.1301333,20141215,NA,"Geographe.Bay","Yes"
"304",-33.5958333,115.1453667,20141215,NA,"Geographe.Bay","Yes"
"314",-33.5869,115.1628333,20141215,NA,"Geographe.Bay","Yes"
"316",-33.3839667,115.5281667,20141214,NA,"Geographe.Bay","Yes"
"320",-33.4417833,115.49575,20141216,NA,"Geographe.Bay","Yes"
"327",-33.4892333,115.3942,20141214,NA,"Geographe.Bay","Yes"
"330",-33.5691167,115.104,20141215,NA,"Geographe.Bay","Yes"
"331",-33.6030833,115.2530333,20141215,NA,"Geographe.Bay","Yes"
"335",-33.5771167,115.2266667,20141212,NA,"Geographe.Bay","Yes"
"346",-33.6092,115.2392833,20141215,NA,"Geographe.Bay","Yes"
"352",-33.4517667,115.4879833,20141216,NA,"Geographe.Bay","Yes"
"362",-33.627,115.2948,20141217,NA,"Geographe.Bay","Yes"
"368",-33.5725167,115.45125,20141216,NA,"Geographe.Bay","Yes"
"375",-33.5902167,115.2205667,20141212,NA,"Geographe.Bay","Yes"
"378",-33.5555833,115.3912,20141212,NA,"Geographe.Bay","Yes"
"384",-33.4274667,115.51415,20141216,NA,"Geographe.Bay","Yes"
"391",-33.50165,115.4101333,20141213,NA,"Geographe.Bay","Yes"
"394",-33.5181,115.3820167,20141216,NA,"Geographe.Bay","Yes"
"395",-33.6072833,115.3444333,20141217,NA,"Geographe.Bay","Yes"
"399",-33.6143333,115.31295,20141217,NA,"Geographe.Bay","Yes"
"400",-33.3575833,115.5516833,20141214,NA,"Geographe.Bay","Yes"
"407",-33.4881667,115.4274667,20141213,NA,"Geographe.Bay","Yes"
"416",-33.6147833,115.2806167,20141217,NA,"Geographe.Bay","Yes"
"428",-33.45045,115.5572167,20141216,NA,"Geographe.Bay","Yes"
"432",-33.4270333,115.4686,20141214,NA,"Geographe.Bay","Yes"
"439",-33.6309333,115.2730667,20141217,NA,"Geographe.Bay","Yes"
"442",-33.5066,115.41935,20141212,NA,"Geographe.Bay","Yes"
"443",-33.5698,115.2024833,20141212,NA,"Geographe.Bay","Yes"
"448",-33.3965,115.4930667,20141214,NA,"Geographe.Bay","Yes"
"451",-33.41975,115.5529,20141214,NA,"Geographe.Bay","Yes"
"455",-33.5671333,115.1820333,20141215,NA,"Geographe.Bay","Yes"
"458",-33.51505,115.50435,20141216,NA,"Geographe.Bay","Yes"
"463",-33.51505,115.50435,20141212,NA,"Geographe.Bay","Yes"
"474",-33.4681167,115.5436,20141216,NA,"Geographe.Bay","Yes"
"480",-33.3475833,115.5777,20141214,NA,"Geographe.Bay","Yes"
"490",-33.5613,115.3612,20141217,NA,"Geographe.Bay","Yes"
"492",-33.4637833,115.4974833,20141216,NA,"Geographe.Bay","Yes"
"496",-33.4851167,115.4752333,20141216,NA,"Geographe.Bay","Yes"
"499",-33.45165,115.5441167,20141216,NA,"Geographe.Bay","Yes"
"503",-33.5845333,115.3097667,20141217,NA,"Geographe.Bay","Yes"
"506",-33.5173833,115.4165,20141216,NA,"Geographe.Bay","Yes"
"512",-33.5094,115.4873333,20141216,NA,"Geographe.Bay","Yes"
"523",-33.5634333,115.1589167,20141215,NA,"Geographe.Bay","Yes"
"527",-33.5894167,115.2078167,20141212,NA,"Geographe.Bay","Yes"
"528",-33.48105,115.4971,20141216,NA,"Geographe.Bay","Yes"
"538",-33.5839167,115.3846667,20141217,NA,"Geographe.Bay","Yes"
"543",-33.5950333,115.2434,20141215,NA,"Geographe.Bay","Yes"
"544",-33.4464167,115.43405,20141214,NA,"Geographe.Bay","Yes"
"551",-33.5735167,115.3901333,20141217,NA,"Geographe.Bay","Yes"
"554",-33.55765,115.3835167,20141217,NA,"Geographe.Bay","Yes"
"560",-33.4381667,115.5268667,20141216,NA,"Geographe.Bay","Yes"
"567",-33.5866833,115.2760167,20141217,NA,"Geographe.Bay","Yes"
"570",-33.5731333,115.1625333,20141215,NA,"Geographe.Bay","Yes"
"572",-33.3913,115.5492167,20141214,NA,"Geographe.Bay","Yes"
"579",-33.5017167,115.37405,20141216,NA,"Geographe.Bay","Yes"
"583",-33.47835,115.3932,20141214,NA,"Geographe.Bay","Yes"
"586",-33.5309167,115.38595,20141216,NA,"Geographe.Bay","Yes"
"587",-33.5934667,115.1873833,20141215,NA,"Geographe.Bay","Yes"
"592",-33.5185,115.4460167,20141216,NA,"Geographe.Bay","Yes"
"599",-33.5021167,115.4508,20141213,NA,"Geographe.Bay","Yes"
"602",-33.6202,115.25615,20141215,NA,"Geographe.Bay","Yes"
"608",-33.4551833,115.4702833,20141216,NA,"Geographe.Bay","Yes"
"611",-33.5421333,115.4590333,20141216,NA,"Geographe.Bay","Yes"
"615",-33.5980667,115.3327667,20141217,NA,"Geographe.Bay","Yes"
"618",-33.5678833,115.3528167,20141217,NA,"Geographe.Bay","Yes"
"623",-33.6129333,115.1556167,20141215,NA,"Geographe.Bay","Yes"
"624",-33.4209667,115.4918833,20141216,NA,"Geographe.Bay","Yes"
"631",-33.5778833,115.2541167,20141215,NA,"Geographe.Bay","Yes"
"633",-33.4711667,115.4535,20141216,NA,"Geographe.Bay","Yes"
"634",-33.5336667,115.4141167,20141216,NA,"Geographe.Bay","Yes"
"635",-33.5809667,115.1995667,20141215,NA,"Geographe.Bay","Yes"
"640",-33.5162,115.4646167,20141216,NA,"Geographe.Bay","Yes"
"647",-33.4926,115.42465,20141213,NA,"Geographe.Bay","Yes"
"650",-33.5131167,115.3715667,20141216,NA,"Geographe.Bay","Yes"
"655",-33.5812,115.2456833,20141215,NA,"Geographe.Bay","Yes"
"656",-33.3713167,115.5503833,20141214,NA,"Geographe.Bay","Yes"
"666",-33.5511167,115.35715,20141217,NA,"Geographe.Bay","Yes"
"672",-33.4004333,115.53565,20141214,NA,"Geographe.Bay","Yes"
"679",-33.4721333,115.4152667,20141214,NA,"Geographe.Bay","Yes"
"682",-33.5696167,115.3354167,20141217,NA,"Geographe.Bay","Yes"
"684",-33.5845333,115.1735,20141215,NA,"Geographe.Bay","Yes"
"688",-33.6026333,115.3181333,20141217,NA,"Geographe.Bay","Yes"
"694",-33.5280667,115.34985,20141216,NA,"Geographe.Bay","Yes"
"698",-33.5246167,115.4035333,20141212,NA,"Geographe.Bay","Yes"
"704",-33.48475,115.5324,20141216,NA,"Geographe.Bay","Yes"
"711",-33.36945,115.5666,20141214,NA,"Geographe.Bay","Yes"
"714",-33.5792667,115.1468167,20141215,NA,"Geographe.Bay","Yes"
"719",-33.6009667,115.23245,20141212,NA,"Geographe.Bay","Yes"
"720",-33.3599,115.58345,20141214,NA,"Geographe.Bay","Yes"
"735",-33.5620333,115.1433167,20141215,NA,"Geographe.Bay","Yes"
"736",-33.3850833,115.5606333,20141214,NA,"Geographe.Bay","Yes"
"746",-33.5794333,115.3570667,20141217,NA,"Geographe.Bay","Yes"
"748",-33.3695667,115.5138333,20141214,NA,"Geographe.Bay","Yes"
"752",-33.3765667,115.5914167,20141214,NA,"Geographe.Bay","Yes"
"755",-33.43385,115.4571167,20141214,NA,"Geographe.Bay","Yes"
"759",-33.5759,115.3173333,20141217,NA,"Geographe.Bay","Yes"
"762",-33.5198667,115.4149,20141212,NA,"Geographe.Bay","Yes"
"764",-33.3744333,115.49605,20141214,NA,"Geographe.Bay","Yes"
"779",-33.5817167,115.2263667,20141217,NA,"Geographe.Bay","Yes"
"782",-33.5142,115.4368333,20141213,NA,"Geographe.Bay","Yes"
"783",-33.5817167,115.2263667,20141212,NA,"Geographe.Bay","Yes"
"784",-33.6014333,115.1773667,20141215,NA,"Geographe.Bay","Yes"
"791",-33.4851333,115.4435167,20141213,NA,"Geographe.Bay","Yes"
"794",-33.6248167,115.2039333,20141215,NA,"Geographe.Bay","Yes"
"800",-33.5731667,115.1934833,20141215,NA,"Geographe.Bay","Yes"
"807",-33.494,115.4907,20141216,NA,"Geographe.Bay","Yes"
"810",-33.5513333,115.3766,20141216,NA,"Geographe.Bay","Yes"
"816",-33.3996,115.56325,20141214,NA,"Geographe.Bay","Yes"
"823",-33.5857333,115.2872167,20141217,NA,"Geographe.Bay","Yes"
"826",-33.5426833,115.4005833,20141213,NA,"Geographe.Bay","Yes"
"828",-33.4174667,115.5295667,20141214,NA,"Geographe.Bay","Yes"
"832",-33.4556167,115.5196833,20141216,NA,"Geographe.Bay","Yes"
"839",-33.4873,115.4085,20141216,NA,"Geographe.Bay","Yes"
"842",-33.5681167,115.11485,20141215,NA,"Geographe.Bay","Yes"
"843",-33.5999833,115.2586,20141215,NA,"Geographe.Bay","Yes"
"848",-33.35185,115.5323,20141214,NA,"Geographe.Bay","Yes"
"855",-33.4901,115.4357667,20141213,NA,"Geographe.Bay","Yes"
"858",-33.5573167,115.3461833,20141217,NA,"Geographe.Bay","Yes"
"864",-33.58325,115.3720667,20141217,NA,"Geographe.Bay","Yes"
"879",-33.6168833,115.1828667,20141215,NA,"Geographe.Bay","Yes"
"880",-33.53655,115.4444,20141216,NA,"Geographe.Bay","Yes"
"1038",-33.5333333,115.4200167,20141216,NA,"Geographe.Bay","Yes"
"1108",-33.5580167,115.41435,20141216,NA,"Geographe.Bay","Yes"
"10000",-33.4135833,115.3645833,20141214,NA,"Geographe.Bay","Yes"
"10001",-33.4217167,115.3722167,20141214,NA,"Geographe.Bay","Yes"
"10002",-33.4234167,115.3889333,20141214,NA,"Geographe.Bay","Yes"
"10003",-33.4213,115.35935,20141214,NA,"Geographe.Bay","Yes"
"10004",-33.4039167,115.3976,20141214,NA,"Geographe.Bay","Yes"
"10005",-33.4777667,115.3694,20141213,NA,"Geographe.Bay","Yes"
"11R1",-33.35885,115.3694,20141211,NA,"Geographe.Bay","Yes"
"11R2",-33.3967333,115.5076167,20141211,NA,"Geographe.Bay","Yes"
"11R3",-33.41215,115.5204667,20141211,NA,"Geographe.Bay","Yes"
"11R4",-33.4197,115.51755,20141211,NA,"Geographe.Bay","Yes"
"12RC1",-33.5932167,115.2132833,20141212,NA,"Geographe.Bay","Yes"
"12RC2",-33.5916,115.23785,20141212,NA,"Geographe.Bay","Yes"
"12RC3",-33.5914667,115.24145,20141212,NA,"Geographe.Bay","Yes"
"12RC5",-33.5621333,115.3443,20141212,NA,"Geographe.Bay","Yes"
"12RC6",-33.5711,115.3481333,20141212,NA,"Geographe.Bay","Yes"
"12RC7",-33.5118,115.41785,20141212,NA,"Geographe.Bay","Yes"
"12RC8",-33.5148667,115.41815,20141212,NA,"Geographe.Bay","Yes"
"12RC9",-33.5162167,115.4064167,20141212,NA,"Geographe.Bay","Yes"
"13RC1",-33.5059833,115.43075,20141213,NA,"Geographe.Bay","Yes"
"13RC11",-33.3740333,115.36925,20141213,NA,"Geographe.Bay","Yes"
"13RC12",-33.3743667,115.3668167,20141213,NA,"Geographe.Bay","Yes"
"13RC13",-33.3754833,115.3631167,20141213,NA,"Geographe.Bay","Yes"
"13RC15",-33.3768333,115.3559333,20141213,NA,"Geographe.Bay","Yes"
"13RC2",-33.49485,115.45595,20141213,NA,"Geographe.Bay","Yes"
"13RC3",-33.4839333,115.45155,20141213,NA,"Geographe.Bay","Yes"
"13RC4",-33.4993833,115.3964667,20141213,NA,"Geographe.Bay","Yes"
"13RC5",-33.4839333,115.4656167,20141213,NA,"Geographe.Bay","Yes"
"13RC6",-33.3809667,115.3892333,20141213,NA,"Geographe.Bay","Yes"
"13RC7",-33.3774333,115.38605,20141213,NA,"Geographe.Bay","Yes"
"13RC8",-33.3726,115.3791,20141213,NA,"Geographe.Bay","Yes"
"13RC9",-33.3730667,115.3747833,20141213,NA,"Geographe.Bay","Yes"
"GBR1-1",-33.5936167,115.19625,20141217,NA,"Geographe.Bay","Yes"
"GBR1-2",-33.5936,115.1995333,20141217,NA,"Geographe.Bay","Yes"
"GBR1-3",-33.5937833,115.2022833,20141217,NA,"Geographe.Bay","Yes"
"GBR1-4",-33.59345,115.2055167,20141217,NA,"Geographe.Bay","Yes"
"GBR2-1",-33.5938333,115.19065,20141217,NA,"Geographe.Bay","Yes"
"GBR2-2",-33.5940167,115.1883833,20141217,NA,"Geographe.Bay","Yes"
"GBR2-3",-33.5940667,115.1864833,20141217,NA,"Geographe.Bay","Yes"
"GBR2-4",-33.59365,115.193,20141217,NA,"Geographe.Bay","Yes"
"GBR3-1",-33.5944667,115.1819333,20141217,NA,"Geographe.Bay","Yes"
"GBR3-2",-33.59365,115.193,20141217,NA,"Geographe.Bay","Yes"
"GBR3-3",-33.59365,115.1839667,20141217,NA,"Geographe.Bay","Yes"
"GBR3-4",-33.5938667,115.1851,20141217,NA,"Geographe.Bay","Yes"
"GBR4-1",-33.5933333,115.2080833,20141217,NA,"Geographe.Bay","Yes"
"GBR4-2",-33.5928333,115.2102333,20141217,NA,"Geographe.Bay","Yes"
"GBR5-1",-33.5932167,115.2119333,20141217,NA,"Geographe.Bay","Yes"
"GBR5-2",-33.5927333,115.2148,20141217,NA,"Geographe.Bay","Yes"
"GBR5-3",-33.5924167,115.2175167,20141217,NA,"Geographe.Bay","Yes"
"GBR-BOB",-33.59235,115.2205667,20141217,NA,"Geographe.Bay","Yes"
"RB1",-33.53455,115.2176667,20141209,NA,"Geographe.Bay","Yes"
"RB2",-33.5085667,115.2254833,20141209,NA,"Geographe.Bay","Yes"
"RC1",-33.4628,115.23995,20141209,NA,"Geographe.Bay","Yes"
"RC2",-33.48635,115.1780333,20141209,NA,"Geographe.Bay","Yes"
"RC3",-33.4704833,115.1684167,20141209,NA,"Geographe.Bay","Yes"
