"","opcode","system_number","latitude_dd","longitude_dd","date_time","site","location","status","zone_type","depth_m","observer_count","observer_length","successful_count","successful_length","video_notes","left_camera","right_camera","rear_camera","forwards_habitat_image_saved","backwards_habitat_image_saved","successful_habitat_forwards","successful_habitat_backwards","observer_habitat_forwards","observer_habitat_backwards","maxn_complete_date","maxn_checker","length_complete_date","comment"
"1","GB-BV-085",1,-33.5053466664061,115.187153333393,"2024-03-26T14:16:09+08:00",NA,"Geographe Bay","Fished","Multiple Use Zone (IUCN VI)",33.1,NA,NA,NA,NA,"",15,16,1789,NA,NA,NA,NA,NA,NA,NA,NA,NA,NA
"2","GB-BV-069",2,-33.4977516663173,115.175081666604,"2024-03-26T14:22:03+08:00",NA,"Geographe Bay","Fished","Multiple Use Zone (IUCN VI)",35.1,NA,NA,NA,NA,"",17,18,1790,NA,NA,NA,NA,NA,NA,NA,NA,NA,NA
"3","GB-BV-129",3,-33.4957200002432,115.138578333081,"2024-03-26T14:35:38+08:00",NA,"Geographe Bay","Fished","Multiple Use Zone (IUCN VI)",35.8,NA,NA,NA,NA,"Right camera DOA. File restored on go pro. May be lost",19,20,1791,NA,NA,NA,NA,NA,NA,NA,NA,NA,NA
"4","GB-BV-073",4,-33.5044416664139,115.119876666507,"2024-03-26T14:44:10+08:00",NA,"Geographe Bay","Fished","Multiple Use Zone (IUCN VI)",37.8,NA,NA,NA,NA,"",21,22,1792,NA,NA,NA,NA,NA,NA,NA,NA,NA,NA
"5","GB-BV-125",7,-33.5108116668331,115.145898333327,"2024-03-26T15:15:10+08:00",NA,"Geographe Bay","Fished","Multiple Use Zone (IUCN VI)",34.2,NA,NA,NA,NA,"",27,28,1797,NA,NA,NA,NA,NA,NA,NA,NA,NA,NA
"6","GB-BV-041",8,-33.5207500000767,115.153339999598,"2024-03-26T15:20:29+08:00",NA,"Geographe Bay","Fished","Multiple Use Zone (IUCN VI)",33.7,NA,NA,NA,NA,"",29,30,1798,NA,NA,NA,NA,NA,NA,NA,NA,NA,NA
"7","GB-BV-109",9,-33.5304783330415,115.149585000388,"2024-03-26T15:24:30+08:00",NA,"Geographe Bay","Fished","Multiple Use Zone (IUCN VI)",32.2,NA,NA,NA,NA,"",31,32,1799,NA,NA,NA,NA,NA,NA,NA,NA,NA,NA
"8","GB-BV-053",10,-33.5344066663919,115.159791666731,"2024-03-26T15:28:35+08:00",NA,"Geographe Bay","Fished","Multiple Use Zone (IUCN VI)",31.7,NA,NA,NA,NA,"",33,34,1800,NA,NA,NA,NA,NA,NA,NA,NA,NA,NA
"9","GB-BV-033",7,-33.486245000188,115.078794999968,"2024-03-27T14:57:54+08:00",NA,"Geographe Bay","Fished","Multiple Use Zone (IUCN VI)",41.5,NA,NA,NA,NA,"",27,28,1797,NA,NA,NA,NA,NA,NA,NA,NA,NA,NA
"10","GB-BV-015",2,-33.5270200000197,115.360559999758,"2024-03-28T08:37:12+08:00",NA,"Geographe Bay","Fished","Multiple Use Zone (IUCN VI)",21.6,NA,NA,NA,NA,"",17,18,1790,NA,NA,NA,NA,NA,NA,NA,NA,NA,NA
"11","GB-BV-097",3,-33.541863333146,115.347983333354,"2024-03-28T08:45:11+08:00",NA,"Geographe Bay","Fished","Multiple Use Zone (IUCN VI)",20.1,NA,NA,NA,NA,"",19,20,1791,NA,NA,NA,NA,NA,NA,NA,NA,NA,NA
"12","GB-BV-023",4,-33.5437849997268,115.330040000289,"2024-03-28T08:51:01+08:00",NA,"Geographe Bay","Fished","Multiple Use Zone (IUCN VI)",22.2,NA,NA,NA,NA,"",21,22,1792,NA,NA,NA,NA,NA,NA,NA,NA,NA,NA
"13","GB-BV-131",5,-33.5577400003018,115.356986666848,"2024-03-28T09:00:55+08:00",NA,"Geographe Bay","Fished","Multiple Use Zone (IUCN VI)",15.9,NA,NA,NA,NA,"",23,24,1793,NA,NA,NA,NA,NA,NA,NA,NA,NA,NA
"14","GB-BV-027",2,-33.5421333329665,115.407068333233,"2024-03-28T10:51:13+08:00",NA,"Geographe Bay","Fished","Multiple Use Zone (IUCN VI)",15.3,NA,NA,NA,NA,"",17,18,1790,NA,NA,NA,NA,NA,NA,NA,NA,NA,NA
"15","GB-BV-115",7,-33.5638216670114,115.366101666322,"2024-03-28T11:17:13+08:00",NA,"Geographe Bay","Fished","Multiple Use Zone (IUCN VI)",14.7,NA,NA,NA,NA,"",27,28,1797,NA,NA,NA,NA,NA,NA,NA,NA,NA,NA
"16","GB-BV-058",9,-33.5762566668312,115.364400000256,"2024-03-28T14:14:40+08:00",NA,"Geographe Bay","Fished","Multiple Use Zone (IUCN VI)",14.4,NA,NA,NA,NA,"",31,32,1799,NA,NA,NA,NA,NA,NA,NA,NA,NA,NA
"17","GB-BV-160",1,-33.4929749997259,115.42432333311,"2024-04-02T10:56:03+08:00",NA,"Geographe Bay","Fished","Multiple Use Zone (IUCN VI)",16.8,NA,NA,NA,NA,"",1815,1816,1789,NA,NA,NA,NA,NA,NA,NA,NA,NA,NA
"18","GB-BV-116",2,-33.490706666832,115.448316666901,"2024-04-02T11:05:18+08:00",NA,"Geographe Bay","Fished","Multiple Use Zone (IUCN VI)",15.3,NA,NA,NA,NA,"",1817,1818,1790,NA,NA,NA,NA,NA,NA,NA,NA,NA,NA
"19","GB-BV-105",8,-33.4970649999693,115.350344999745,"2024-04-02T12:00:02+08:00",NA,"Geographe Bay","Fished","Multiple Use Zone (IUCN VI)",26,NA,NA,NA,NA,"",1829,1830,1798,NA,NA,NA,NA,NA,NA,NA,NA,NA,NA
"20","GB-BV-038",9,-33.5129400001589,115.316169999725,"2024-04-02T12:11:02+08:00",NA,"Geographe Bay","Fished","Multiple Use Zone (IUCN VI)",26.7,NA,NA,NA,NA,"",1831,1832,1799,NA,NA,NA,NA,NA,NA,NA,NA,NA,NA
"21","GB-BV-019",10,-33.5148133333564,115.341201666508,"2024-04-02T12:20:37+08:00",NA,"Geographe Bay","Fished","Multiple Use Zone (IUCN VI)",24.8,NA,NA,NA,NA,"",1833,1834,1800,NA,NA,NA,NA,NA,NA,NA,NA,NA,NA
"22","GB-BV-119",1,-33.5688249997191,115.324994999669,"2024-04-02T14:26:28+08:00",NA,"Geographe Bay","Fished","Multiple Use Zone (IUCN VI)",18.9,NA,NA,NA,NA,"",1815,1816,1789,NA,NA,NA,NA,NA,NA,NA,NA,NA,NA
"23","GB-BV-090",2,-33.5703250001325,115.311834999659,"2024-04-02T14:31:31+08:00",NA,"Geographe Bay","Fished","Multiple Use Zone (IUCN VI)",19.9,NA,NA,NA,NA,"",1817,1818,1790,NA,NA,NA,NA,NA,NA,NA,NA,NA,NA
"24","GB-BV-093",4,-33.5839599998987,115.260029999843,"2024-04-02T14:51:43+08:00",NA,"Geographe Bay","Fished","Multiple Use Zone (IUCN VI)",20.3,NA,NA,NA,NA,"",1821,1822,1792,NA,NA,NA,NA,NA,NA,NA,NA,NA,NA
"25","GB-BV-077",5,-33.5705883333542,115.25316833353,"2024-04-02T14:56:54+08:00",NA,"Geographe Bay","Fished","Multiple Use Zone (IUCN VI)",23.4,NA,NA,NA,NA,"",1823,1824,1793,NA,NA,NA,NA,NA,NA,NA,NA,NA,NA
"26","GB-BV-149",6,-33.5655066664226,115.248436667078,"2024-04-02T14:59:52+08:00",NA,"Geographe Bay","Fished","Multiple Use Zone (IUCN VI)",24.1,NA,NA,NA,NA,"",1795,1796,1794,NA,NA,NA,NA,NA,NA,NA,NA,NA,NA
"27","GB-BV-025",7,-33.5455233334681,115.252086666706,"2024-04-02T15:08:57+08:00",NA,"Geographe Bay","Fished","Multiple Use Zone (IUCN VI)",28.5,NA,NA,NA,NA,"",1827,1828,1797,NA,NA,NA,NA,NA,NA,NA,NA,NA,NA
"28","GB-BV-177",8,-33.5363516666886,115.246346666501,"2024-04-02T15:13:24+08:00",NA,"Geographe Bay","Fished","Multiple Use Zone (IUCN VI)",27.5,NA,NA,NA,NA,"",1829,1830,1798,NA,NA,NA,NA,NA,NA,NA,NA,NA,NA
"29","GB-BV-037",9,-33.5391850001473,115.262846666518,"2024-04-02T15:20:43+08:00",NA,"Geographe Bay","Fished","Multiple Use Zone (IUCN VI)",27.5,NA,NA,NA,NA,"",1831,1832,1799,NA,NA,NA,NA,NA,NA,NA,NA,NA,NA
"30","GB-BV-011",10,-33.5287566670127,115.282651666382,"2024-04-02T15:28:02+08:00",NA,"Geographe Bay","Fished","Multiple Use Zone (IUCN VI)",27.5,NA,NA,NA,NA,"",1833,1834,1800,NA,NA,NA,NA,NA,NA,NA,NA,NA,NA
"31","GB-BV-081",3,-33.5301633332551,115.416850000327,"2024-04-03T10:08:37+08:00",NA,"Geographe Bay","Fished","Multiple Use Zone (IUCN VI)",14,NA,NA,NA,NA,"",1819,1820,1791,NA,NA,NA,NA,NA,NA,NA,NA,NA,NA
"32","GB-BV-151",4,-33.5200166668277,115.406718333428,"2024-04-03T10:13:58+08:00",NA,"Geographe Bay","Fished","Multiple Use Zone (IUCN VI)",15.1,NA,NA,NA,NA,"",1821,1822,1792,NA,NA,NA,NA,NA,NA,NA,NA,NA,NA
"33","GB-BV-147",5,-33.5147950002096,115.404111666816,"2024-04-03T10:16:39+08:00",NA,"Geographe Bay","Fished","Multiple Use Zone (IUCN VI)",16.9,NA,NA,NA,NA,"",1823,1824,1793,NA,NA,NA,NA,NA,NA,NA,NA,NA,NA
"34","GB-BV-123",6,-33.5112133329886,115.414673332986,"2024-04-03T10:20:32+08:00",NA,"Geographe Bay","Fished","Multiple Use Zone (IUCN VI)",15.7,NA,NA,NA,NA,"",1795,1796,1794,NA,NA,NA,NA,NA,NA,NA,NA,NA,NA
"35","GB-BV-167",7,-33.5089066670169,115.43882666661,"2024-04-03T10:28:47+08:00",NA,"Geographe Bay","Fished","Multiple Use Zone (IUCN VI)",13.7,NA,NA,NA,NA,"",1827,1828,1797,NA,NA,NA,NA,NA,NA,NA,NA,NA,NA
"36","GB-BV-096",9,-33.4839783333684,115.28489666677,"2024-04-03T14:13:06+08:00",NA,"Geographe Bay","Fished","Multiple Use Zone (IUCN VI)",31,NA,NA,NA,NA,"",1831,1832,1799,NA,NA,NA,NA,NA,NA,NA,NA,NA,NA
"37","GB-BV-054",10,-33.490426666795,115.288283333357,"2024-04-03T14:16:58+08:00",NA,"Geographe Bay","Fished","Multiple Use Zone (IUCN VI)",30.3,NA,NA,NA,NA,"",1833,1834,1800,NA,NA,NA,NA,NA,NA,NA,NA,NA,NA
"38","GB-BV-114",1,-33.5231783336136,115.214318333686,"2024-04-05T07:46:39+08:00",NA,"Geographe Bay","Fished","Multiple Use Zone (IUCN VI)",30.4,NA,NA,NA,NA,"",15,16,89,NA,NA,NA,NA,NA,NA,NA,NA,NA,NA
"39","GB-BV-158",2,-33.5273666668815,115.21067999958,"2024-04-05T07:50:04+08:00",NA,"Geographe Bay","Fished","Multiple Use Zone (IUCN VI)",30.8,NA,NA,NA,NA,"Skipper says something weird at bottom",17,18,90,NA,NA,NA,NA,NA,NA,NA,NA,NA,NA
"40","GB-BV-110",3,-33.5333466663946,115.219458332943,"2024-04-05T07:54:53+08:00",NA,"Geographe Bay","Fished","Multiple Use Zone (IUCN VI)",29.8,NA,NA,NA,NA,"",19,20,91,NA,NA,NA,NA,NA,NA,NA,NA,NA,NA
"41","GB-BV-142",6,-33.5451066669396,115.194439999854,"2024-04-05T08:08:59+08:00",NA,"Geographe Bay","Fished","Multiple Use Zone (IUCN VI)",30,NA,NA,NA,NA,"",95,96,94,NA,NA,NA,NA,NA,NA,NA,NA,NA,NA
"42","GB-BV-126",7,-33.5392816663664,115.185275000151,"2024-04-05T08:12:44+08:00",NA,"Geographe Bay","Fished","Multiple Use Zone (IUCN VI)",30.7,NA,NA,NA,NA,"",27,28,97,NA,NA,NA,NA,NA,NA,NA,NA,NA,NA
"43","GB-BV-017",9,-33.5880000002814,115.181911666405,"2024-04-09T09:25:38+08:00",NA,"Geographe Bay","Fished","Multiple Use Zone (IUCN VI)",21.4,NA,NA,NA,NA,"",31,32,98,NA,NA,NA,NA,NA,NA,NA,NA,NA,NA
"44","GB-BV-CP2",4,-33.601703333157,115.24817000039,"2024-04-09T12:00:45+08:00",NA,"Geographe Bay","Fished","Multiple Use Zone (IUCN VI)",16.1,NA,NA,NA,NA,"",21,22,92,NA,NA,NA,NA,NA,NA,NA,NA,NA,NA
"45","GB-BV-P11",1,-33.5556400003322,115.354923333659,"2024-04-17T11:40:45+08:00",NA,"Geographe Bay","Fished","Multiple Use Zone (IUCN VI)",17.9,NA,NA,NA,NA,"",15,16,1789,NA,NA,NA,NA,NA,NA,NA,NA,NA,NA
"46","GB-BV-P16",2,-33.5558516667089,115.348811666284,"2024-04-17T11:44:33+08:00",NA,"Geographe Bay","Fished","Multiple Use Zone (IUCN VI)",18,NA,NA,NA,NA,"",17,18,1790,NA,NA,NA,NA,NA,NA,NA,NA,NA,NA
"47","GB-BV-P19",3,-33.5570183333094,115.345978333166,"2024-04-17T11:46:31+08:00",NA,"Geographe Bay","Fished","Multiple Use Zone (IUCN VI)",17.6,NA,NA,NA,NA,"",19,20,1791,NA,NA,NA,NA,NA,NA,NA,NA,NA,NA
"48","GB-BV-P15",4,-33.5591966663697,115.342603332999,"2024-04-17T11:49:04+08:00",NA,"Geographe Bay","Fished","Multiple Use Zone (IUCN VI)",18.5,NA,NA,NA,NA,"",21,22,1792,NA,NA,NA,NA,NA,NA,NA,NA,NA,NA
"49","GB-BV-P24",5,-33.5605090311749,115.339857144548,"2024-04-17T11:51:26+08:00",NA,"Geographe Bay","Fished","Multiple Use Zone (IUCN VI)",18.6,NA,NA,NA,NA,"Not exact",23,24,1793,NA,NA,NA,NA,NA,NA,NA,NA,NA,NA
"50","GB-BV-P14",6,-33.562431666389,115.343689999845,"2024-04-17T11:52:35+08:00",NA,"Geographe Bay","Fished","Multiple Use Zone (IUCN VI)",16,NA,NA,NA,NA,"",95,96,1794,NA,NA,NA,NA,NA,NA,NA,NA,NA,NA
"51","GB-BV-P13",7,-33.5608799998885,115.347065000012,"2024-04-17T11:54:54+08:00",NA,"Geographe Bay","Fished","Multiple Use Zone (IUCN VI)",17.8,NA,NA,NA,NA,"",27,28,1797,NA,NA,NA,NA,NA,NA,NA,NA,NA,NA
"52","GB-BV-P12",8,-33.5585266669588,115.350645000219,"2024-04-17T11:57:37+08:00",NA,"Geographe Bay","Fished","Multiple Use Zone (IUCN VI)",18,NA,NA,NA,NA,"",29,30,1798,NA,NA,NA,NA,NA,NA,NA,NA,NA,NA
"53","GB-BV-P17",9,-33.5638433334882,115.359028333572,"2024-04-17T12:04:25+08:00",NA,"Geographe Bay","Fished","Multiple Use Zone (IUCN VI)",15.8,NA,NA,NA,NA,"Is 17 but shown 11",31,32,1799,NA,NA,NA,NA,NA,NA,NA,NA,NA,NA
"54","GB-BV-P18",10,-33.5657616668141,115.356033333346,"2024-04-17T12:08:33+08:00",NA,"Geographe Bay","Fished","Multiple Use Zone (IUCN VI)",15.9,NA,NA,NA,NA,"",33,34,1800,NA,NA,NA,NA,NA,NA,NA,NA,NA,NA
"55","GB-BV-191",4,-33.5468849996279,115.205464999979,"2024-04-05T08:01:34+08:00",NA,"Geographe Bay","Fished","Habitat Protection Zone (IUCN IV)",29.5,NA,NA,NA,NA,"",21,22,92,NA,NA,NA,NA,NA,NA,NA,NA,NA,NA
"56","GB-BV-189",5,-33.5520899997352,115.201985000231,"2024-04-05T08:04:25+08:00",NA,"Geographe Bay","Fished","Habitat Protection Zone (IUCN IV)",28.6,NA,NA,NA,NA,"",23,24,93,NA,NA,NA,NA,NA,NA,NA,NA,NA,NA
"57","GB-BV-193",8,-33.5490316665193,115.22522999966,"2024-04-05T08:43:32+08:00",NA,"Geographe Bay","Fished","Habitat Protection Zone (IUCN IV)",27.4,NA,NA,NA,NA,"",29,30,98,NA,NA,NA,NA,NA,NA,NA,NA,NA,NA
"58","GB-BV-190",9,-33.5409166668053,115.216598333335,"2024-04-05T08:48:44+08:00",NA,"Geographe Bay","Fished","Habitat Protection Zone (IUCN IV)",30.4,NA,NA,NA,NA,"left cam stopped mid drop, cable was changed (loose connection?)",31,32,99,NA,NA,NA,NA,NA,NA,NA,NA,NA,NA
"59","GB-BV-195",10,-33.5381816666494,115.224433333242,"2024-04-05T08:52:16+08:00",NA,"Geographe Bay","Fished","Habitat Protection Zone (IUCN IV)",28.3,NA,NA,NA,NA,"Left cam off on retrieve",33,34,0,NA,NA,NA,NA,NA,NA,NA,NA,NA,NA
"60","GB-BV-184",1,-33.5713499999467,115.203214999569,"2024-04-05T12:44:37+08:00",NA,"Geographe Bay","Fished","Habitat Protection Zone (IUCN IV)",25.4,NA,NA,NA,NA,"",15,16,89,NA,NA,NA,NA,NA,NA,NA,NA,NA,NA
"61","GB-BV-185",2,-33.5749750000016,115.209333333341,"2024-04-05T12:48:08+08:00",NA,"Geographe Bay","Fished","Habitat Protection Zone (IUCN IV)",24.3,NA,NA,NA,NA,"",17,18,90,NA,NA,NA,NA,NA,NA,NA,NA,NA,NA
"62","GB-BV-187",3,-33.5694699997374,115.214641667001,"2024-04-05T12:51:59+08:00",NA,"Geographe Bay","Fished","Habitat Protection Zone (IUCN IV)",25.3,NA,NA,NA,NA,"",19,20,91,NA,NA,NA,NA,NA,NA,NA,NA,NA,NA
"63","GB-BV-192",4,-33.5667600003496,115.219746666996,"2024-04-05T12:54:43+08:00",NA,"Geographe Bay","Fished","Habitat Protection Zone (IUCN IV)",26,NA,NA,NA,NA,"",21,22,92,NA,NA,NA,NA,NA,NA,NA,NA,NA,NA
"64","GB-BV-182",5,-33.5808633333606,115.222128333478,"2024-04-05T13:00:50+08:00",NA,"Geographe Bay","Fished","Habitat Protection Zone (IUCN IV)",23.1,NA,NA,NA,NA,"",23,24,93,NA,NA,NA,NA,NA,NA,NA,NA,NA,NA
"65","GB-BV-181",6,-33.5852233333317,115.226560000354,"2024-04-05T13:03:51+08:00",NA,"Geographe Bay","Fished","Habitat Protection Zone (IUCN IV)",21.9,NA,NA,NA,NA,"Showed 183 instead of 181, and also showed system 5 instead of 6 Maybe?",95,96,94,NA,NA,NA,NA,NA,NA,NA,NA,NA,NA
"66","GB-BV-183",7,-33.5820566666406,115.229529999567,"2024-04-05T13:06:00+08:00",NA,"Geographe Bay","Fished","Habitat Protection Zone (IUCN IV)",22.8,NA,NA,NA,NA,"",27,28,97,NA,NA,NA,NA,NA,NA,NA,NA,NA,NA
"67","GB-BV-188",9,-33.6017700002369,115.222741666323,"2024-04-05T13:17:20+08:00",NA,"Geographe Bay","Fished","Habitat Protection Zone (IUCN IV)",17.1,NA,NA,NA,NA,"",31,32,99,NA,NA,NA,NA,NA,NA,NA,NA,NA,NA
"68","GB-BV-186",8,-33.6022866664875,115.227316666589,"2024-04-05T13:21:24+08:00",NA,"Geographe Bay","Fished","Habitat Protection Zone (IUCN IV)",17.1,NA,NA,NA,NA,"",29,30,98,NA,NA,NA,NA,NA,NA,NA,NA,NA,NA
"69","GB-BV-194",10,-33.5913616665402,115.213449999674,"2024-04-05T13:27:30+08:00",NA,"Geographe Bay","Fished","Habitat Protection Zone (IUCN IV)",18.5,NA,NA,NA,NA,"Left cam stopped mid drop. Loose connection?",33,34,0,NA,NA,NA,NA,NA,NA,NA,NA,NA,NA
"70","GB-BV-198",1,-33.5315749996916,115.374853333196,"2024-03-28T08:31:25+08:00",NA,"Geographe Bay","No-take","National Park Zone (IUCN II)",19.5,NA,NA,NA,NA,"",15,16,1789,NA,NA,NA,NA,NA,NA,NA,NA,NA,NA
"71","GB-BV-205",6,-33.5522833331413,115.357896666519,"2024-03-28T09:04:53+08:00",NA,"Geographe Bay","No-take","National Park Zone (IUCN II)",16.7,NA,NA,NA,NA,"",95,96,1794,NA,NA,NA,NA,NA,NA,NA,NA,NA,NA
"72","GB-BV-200",7,-33.5517233331621,115.363691666976,"2024-03-28T09:07:24+08:00",NA,"Geographe Bay","No-take","National Park Zone (IUCN II)",16.9,NA,NA,NA,NA,"Lights turned off during drop, also left cam (27) turned off during drop",27,28,1797,NA,NA,NA,NA,NA,NA,NA,NA,NA,NA
"73","GB-BV-209",8,-33.5421866663125,115.371430000074,"2024-03-28T09:12:36+08:00",NA,"Geographe Bay","No-take","National Park Zone (IUCN II)",17,NA,NA,NA,NA,"",29,30,1799,NA,NA,NA,NA,NA,NA,NA,NA,NA,NA
"74","GB-BV-199",9,-33.5402050002791,115.367464999903,"2024-03-28T09:16:05+08:00",NA,"Geographe Bay","No-take","National Park Zone (IUCN II)",18.2,NA,NA,NA,NA,"",31,32,1799,NA,NA,NA,NA,NA,NA,NA,NA,NA,NA
"75","GB-BV-208",10,-33.5413216665377,115.390068333623,"2024-03-28T09:23:43+08:00",NA,"Geographe Bay","No-take","National Park Zone (IUCN II)",14.9,NA,NA,NA,NA,"",33,34,1800,NA,NA,NA,NA,NA,NA,NA,NA,NA,NA
"76","GB-BV-210",1,-33.5419083332995,115.397576666567,"2024-03-28T10:47:01+08:00",NA,"Geographe Bay","No-take","National Park Zone (IUCN II)",14.8,NA,NA,NA,NA,"",15,16,1789,NA,NA,NA,NA,NA,NA,NA,NA,NA,NA
"77","GB-BV-201",3,-33.5455149997079,115.3981583329,"2024-03-28T10:58:22+08:00",NA,"Geographe Bay","No-take","National Park Zone (IUCN II)",14.7,NA,NA,NA,NA,"",19,20,1791,NA,NA,NA,NA,NA,NA,NA,NA,NA,NA
"78","GB-BV-196",5,-33.5592483333263,115.395923333456,"2024-03-28T11:06:06+08:00",NA,"Geographe Bay","No-take","National Park Zone (IUCN II)",14.3,NA,NA,NA,NA,"",23,24,1793,NA,NA,NA,NA,NA,NA,NA,NA,NA,NA
"79","GB-BV-204",4,-33.5576028161547,115.394535057253,"2024-03-28T11:08:16+08:00",NA,"Geographe Bay","No-take","National Park Zone (IUCN II)",14.8,NA,NA,NA,NA,"",21,22,1792,NA,NA,NA,NA,NA,NA,NA,NA,NA,NA
"80","GB-BV-207",6,-33.5656116664549,115.375826666789,"2024-03-28T11:13:59+08:00",NA,"Geographe Bay","No-take","National Park Zone (IUCN II)",14.1,NA,NA,NA,NA,"Showed correct opcode first then wrong opcode, then right one again. ",95,96,1794,NA,NA,NA,NA,NA,NA,NA,NA,NA,NA
"81","GB-BV-206",8,-33.5512766667527,115.3761633329,"2024-03-28T11:25:25+08:00",NA,"Geographe Bay","No-take","National Park Zone (IUCN II)",14.8,NA,NA,NA,NA,"",29,30,1799,NA,NA,NA,NA,NA,NA,NA,NA,NA,NA
"82","GB-BV-203",9,-33.5510266665034,115.382113333168,"2024-03-28T11:30:00+08:00",NA,"Geographe Bay","No-take","National Park Zone (IUCN II)",14.4,NA,NA,NA,NA,"",31,32,1799,NA,NA,NA,NA,NA,NA,NA,NA,NA,NA
"83","GB-BV-202",10,-33.5538983336135,115.386483333394,"2024-03-28T11:34:03+08:00",NA,"Geographe Bay","No-take","National Park Zone (IUCN II)",14.5,NA,NA,NA,NA,"",33,34,1800,NA,NA,NA,NA,NA,NA,NA,NA,NA,NA
"84","GB-BV-197",1,-33.5718649996705,115.384171666334,"2024-03-28T13:03:11+08:00",NA,"Geographe Bay","No-take","National Park Zone (IUCN II)",14.2,NA,NA,NA,NA,"",15,16,1789,NA,NA,NA,NA,NA,NA,NA,NA,NA,NA
"85","GB-BV-P01",2,-33.5481949999923,115.366191666734,"2024-04-17T09:27:28+08:00",NA,"Geographe Bay","No-take","National Park Zone (IUCN II)",17.2,NA,NA,NA,NA,"",17,18,1790,NA,NA,NA,NA,NA,NA,NA,NA,NA,NA
"86","GB-BV-P02",3,-33.5441033333024,115.373005000092,"2024-04-17T09:33:20+08:00",NA,"Geographe Bay","No-take","National Park Zone (IUCN II)",17,NA,NA,NA,NA,"",19,20,1791,NA,NA,NA,NA,NA,NA,NA,NA,NA,NA
"87","GB-BV-P10",4,-33.5417394362264,115.370429866142,"2024-04-17T09:42:05+08:00",NA,"Geographe Bay","No-take","National Park Zone (IUCN II)",17.1,NA,NA,NA,NA,"",21,22,1792,NA,NA,NA,NA,NA,NA,NA,NA,NA,NA
"88","GB-BV-P03",5,-33.5405749997082,115.377089999913,"2024-04-17T09:48:12+08:00",NA,"Geographe Bay","No-take","National Park Zone (IUCN II)",16.2,NA,NA,NA,NA,"",23,24,1793,NA,NA,NA,NA,NA,NA,NA,NA,NA,NA
"89","GB-BV-P09",6,-33.5318192356587,115.377809184841,"2024-04-17T09:53:04+08:00",NA,"Geographe Bay","No-take","National Park Zone (IUCN II)",18.7,NA,NA,NA,NA,"",95,96,1794,NA,NA,NA,NA,NA,NA,NA,NA,NA,NA
"90","GB-BV-P05",7,-33.5271466663428,115.383548333443,"2024-04-17T09:57:26+08:00",NA,"Geographe Bay","No-take","National Park Zone (IUCN II)",19.2,NA,NA,NA,NA,"",27,28,1797,NA,NA,NA,NA,NA,NA,NA,NA,NA,NA
"91","GB-BV-P06",8,-33.5332550000454,115.387041666886,"2024-04-17T10:01:05+08:00",NA,"Geographe Bay","No-take","National Park Zone (IUCN II)",16,NA,NA,NA,NA,"",29,30,1798,NA,NA,NA,NA,NA,NA,NA,NA,NA,NA
"92","GB-BV-P08",1,-33.5330699470478,115.385640734319,"2024-04-17T10:06:34+08:00",NA,"Geographe Bay","No-take","National Park Zone (IUCN II)",0,NA,NA,NA,NA,"Not exact time, space or any dimension really",15,16,1789,NA,NA,NA,NA,NA,NA,NA,NA,NA,NA
"93","GB-BV-P04",9,-33.5475466666739,115.383948333477,"2024-04-17T10:07:11+08:00",NA,"Geographe Bay","No-take","National Park Zone (IUCN II)",16.1,NA,NA,NA,NA,"Looks good on sounder",31,32,1799,NA,NA,NA,NA,NA,NA,NA,NA,NA,NA
"94","GB-BV-P07",10,-33.5525749996541,115.377679999917,"2024-04-17T10:12:06+08:00",NA,"Geographe Bay","No-take","National Park Zone (IUCN II)",15.1,NA,NA,NA,NA,"",33,34,1800,NA,NA,NA,NA,NA,NA,NA,NA,NA,NA
"95","GB-BV-001",1,-33.4816716669202,115.220028333754,"2024-03-26T07:52:39+08:00",NA,"Geographe Bay","Fished","Special Purpose Zone (Mining Exclusion) (IUCN VI)",34.9,NA,NA,NA,NA,"",15,16,1789,NA,NA,NA,NA,NA,NA,NA,NA,NA,NA
"96","GB-BV-068",2,-33.4694300001844,115.210983333702,"2024-03-26T07:59:09+08:00",NA,"Geographe Bay","Fished","Special Purpose Zone (Mining Exclusion) (IUCN VI)",35.9,NA,NA,NA,NA,"Backwards cam off",17,18,1790,NA,NA,NA,NA,NA,NA,NA,NA,NA,NA
"97","GB-BV-032",3,-33.460141666952,115.209391666342,"2024-03-26T08:07:29+08:00",NA,"Geographe Bay","Fished","Special Purpose Zone (Mining Exclusion) (IUCN VI)",36.3,NA,NA,NA,NA,"LED OFF on retrieval ",19,20,1791,NA,NA,NA,NA,NA,NA,NA,NA,NA,NA
"98","GB-BV-052",4,-33.4526099997021,115.236074999861,"2024-03-26T08:17:33+08:00",NA,"Geographe Bay","Fished","Special Purpose Zone (Mining Exclusion) (IUCN VI)",36.1,NA,NA,NA,NA,"",21,22,1792,NA,NA,NA,NA,NA,NA,NA,NA,NA,NA
"99","GB-BV-080",5,-33.4565566663893,115.271128333039,"2024-03-26T08:30:13+08:00",NA,"Geographe Bay","Fished","Special Purpose Zone (Mining Exclusion) (IUCN VI)",33.5,NA,NA,NA,NA,"",23,24,1793,NA,NA,NA,NA,NA,NA,NA,NA,NA,NA
"100","GB-BV-162",6,-33.4432316669826,115.274399999999,"2024-03-26T08:37:20+08:00",NA,"Geographe Bay","Fished","Special Purpose Zone (Mining Exclusion) (IUCN VI)",35.1,NA,NA,NA,NA,"",95,96,1794,NA,NA,NA,NA,NA,NA,NA,NA,NA,NA
"101","GB-BV-084",7,-33.4430683333859,115.264546667108,"2024-03-26T08:42:41+08:00",NA,"Geographe Bay","Fished","Special Purpose Zone (Mining Exclusion) (IUCN VI)",35.1,NA,NA,NA,NA,"Left cam off on retrieval. Might be loose right angle cord",27,28,1797,NA,NA,NA,NA,NA,NA,NA,NA,NA,NA
"102","GB-BV-174",8,-33.4401916668137,115.248115000138,"2024-03-26T08:50:55+08:00",NA,"Geographe Bay","Fished","Special Purpose Zone (Mining Exclusion) (IUCN VI)",36.8,NA,NA,NA,NA,"",29,30,1798,NA,NA,NA,NA,NA,NA,NA,NA,NA,NA
"103","GB-BV-134",9,-33.4309249997852,115.249500000185,"2024-03-26T09:02:41+08:00",NA,"Geographe Bay","Fished","Special Purpose Zone (Mining Exclusion) (IUCN VI)",37.4,NA,NA,NA,NA,"",31,32,1799,NA,NA,NA,NA,NA,NA,NA,NA,NA,NA
"104","GB-BV-150",10,-33.4228400000619,115.264253333032,"2024-03-26T09:08:53+08:00",NA,"Geographe Bay","Fished","Special Purpose Zone (Mining Exclusion) (IUCN VI)",37.2,NA,NA,NA,NA,"",33,34,1800,NA,NA,NA,NA,NA,NA,NA,NA,NA,NA
"105","GB-BV-003",1,-33.4085045025363,115.287747337373,"2024-03-26T10:50:03+08:00",NA,"Geographe Bay","Fished","Special Purpose Zone (Mining Exclusion) (IUCN VI)",37.4,NA,NA,NA,NA,"",15,16,1789,NA,NA,NA,NA,NA,NA,NA,NA,NA,NA
"106","GB-BV-014",2,-33.3891749998176,115.29096333304,"2024-03-26T10:58:02+08:00",NA,"Geographe Bay","Fished","Special Purpose Zone (Mining Exclusion) (IUCN VI)",37.3,NA,NA,NA,NA,"",17,18,1790,NA,NA,NA,NA,NA,NA,NA,NA,NA,NA
"107","GB-BV-083",3,-33.3776650670934,115.256942801029,"2024-03-26T11:10:03+08:00",NA,"Geographe Bay","Fished","Special Purpose Zone (Mining Exclusion) (IUCN VI)",39.6,NA,NA,NA,NA,"Showed wrong camera numbers at the start. Showed corrected cams before deployment",19,20,1791,NA,NA,NA,NA,NA,NA,NA,NA,NA,NA
"108","GB-BV-067",4,-33.3894366663705,115.246223333203,"2024-03-26T11:18:19+08:00",NA,"Geographe Bay","Fished","Special Purpose Zone (Mining Exclusion) (IUCN VI)",39.7,NA,NA,NA,NA,"",21,22,1792,NA,NA,NA,NA,NA,NA,NA,NA,NA,NA
"109","GB-BV-008",5,-33.3947550000217,115.25499166652,"2024-03-26T11:22:45+08:00",NA,"Geographe Bay","Fished","Special Purpose Zone (Mining Exclusion) (IUCN VI)",39.7,NA,NA,NA,NA,"",23,24,1793,NA,NA,NA,NA,NA,NA,NA,NA,NA,NA
"110","GB-BV-166",6,-33.4008150002633,115.240826666404,"2024-03-26T11:29:45+08:00",NA,"Geographe Bay","Fished","Special Purpose Zone (Mining Exclusion) (IUCN VI)",39.2,NA,NA,NA,NA,"",95,96,1794,NA,NA,NA,NA,NA,NA,NA,NA,NA,NA
"111","GB-BV-100",7,-33.4058216670206,115.221131667043,"2024-03-26T11:37:02+08:00",NA,"Geographe Bay","Fished","Special Purpose Zone (Mining Exclusion) (IUCN VI)",40.1,NA,NA,NA,NA,"",27,28,1797,NA,NA,NA,NA,NA,NA,NA,NA,NA,NA
"112","GB-BV-118",8,-33.4218000003065,115.213946666517,"2024-03-26T11:45:17+08:00",NA,"Geographe Bay","Fished","Special Purpose Zone (Mining Exclusion) (IUCN VI)",38.5,NA,NA,NA,NA,"Left bungee cord loose, resulting in cameras tilting up. Calibration may be affected for lengths",29,30,1798,NA,NA,NA,NA,NA,NA,NA,NA,NA,NA
"113","GB-BV-020",9,-33.417503333486,115.188020000131,"2024-03-26T11:55:13+08:00",NA,"Geographe Bay","Fished","Special Purpose Zone (Mining Exclusion) (IUCN VI)",40.6,NA,NA,NA,NA,"",31,32,1799,NA,NA,NA,NA,NA,NA,NA,NA,NA,NA
"114","GB-BV-108",10,-33.4352516668706,115.193853333498,"2024-03-26T12:04:02+08:00",NA,"Geographe Bay","Fished","Special Purpose Zone (Mining Exclusion) (IUCN VI)",38.3,NA,NA,NA,NA,"",33,34,1800,NA,NA,NA,NA,NA,NA,NA,NA,NA,NA
"115","GB-BV-088",1,-33.3816483331926,115.058928333455,"2024-03-27T07:39:44+08:00",NA,"Geographe Bay","Fished","Special Purpose Zone (Mining Exclusion) (IUCN VI)",45.4,NA,NA,NA,NA,"Showed wrong opcode at start. Corrected after a few mins",15,16,1789,NA,NA,NA,NA,NA,NA,NA,NA,NA,NA
"116","GB-BV-170",2,-33.3828649998705,115.075948333156,"2024-03-27T07:45:30+08:00",NA,"Geographe Bay","Fished","Special Purpose Zone (Mining Exclusion) (IUCN VI)",44.5,NA,NA,NA,NA,"",17,18,1790,NA,NA,NA,NA,NA,NA,NA,NA,NA,NA
"117","GB-BV-146",3,-33.3741516666046,115.083923333703,"2024-03-27T07:49:47+08:00",NA,"Geographe Bay","Fished","Special Purpose Zone (Mining Exclusion) (IUCN VI)",43.2,NA,NA,NA,NA,"Right camera was off",19,20,1791,NA,NA,NA,NA,NA,NA,NA,NA,NA,NA
"118","GB-BV-072",4,-33.3613683330299,115.106956666696,"2024-03-27T07:58:07+08:00",NA,"Geographe Bay","Fished","Special Purpose Zone (Mining Exclusion) (IUCN VI)",43.4,NA,NA,NA,NA,"",21,22,1792,NA,NA,NA,NA,NA,NA,NA,NA,NA,NA
"119","GB-BV-016",5,-33.3597816663745,115.120188333401,"2024-03-27T08:03:05+08:00",NA,"Geographe Bay","Fished","Special Purpose Zone (Mining Exclusion) (IUCN VI)",44.1,NA,NA,NA,NA,"",23,24,1793,NA,NA,NA,NA,NA,NA,NA,NA,NA,NA
"120","GB-BV-056",6,-33.3574366669076,115.129946666756,"2024-03-27T08:06:38+08:00",NA,"Geographe Bay","Fished","Special Purpose Zone (Mining Exclusion) (IUCN VI)",43,NA,NA,NA,NA,"",95,96,1794,NA,NA,NA,NA,NA,NA,NA,NA,NA,NA
"121","GB-BV-099",7,-33.3708783335709,115.195063333643,"2024-03-27T08:26:17+08:00",NA,"Geographe Bay","Fished","Special Purpose Zone (Mining Exclusion) (IUCN VI)",42.2,NA,NA,NA,NA,"",27,28,1797,NA,NA,NA,NA,NA,NA,NA,NA,NA,NA
"122","GB-BV-130",8,-33.3789683329749,115.174221666263,"2024-03-27T08:33:36+08:00",NA,"Geographe Bay","Fished","Special Purpose Zone (Mining Exclusion) (IUCN VI)",42.1,NA,NA,NA,NA,"",29,30,1798,NA,NA,NA,NA,NA,NA,NA,NA,NA,NA
"123","GB-BV-036",9,-33.3916466667295,115.136395000241,"2024-03-27T08:44:50+08:00",NA,"Geographe Bay","Fished","Special Purpose Zone (Mining Exclusion) (IUCN VI)",44.5,NA,NA,NA,NA,"SD Card corrupted. Will attempt to retrieve in lab",31,32,1799,NA,NA,NA,NA,NA,NA,NA,NA,NA,NA
"124","GB-BV-154",10,-33.3956950000203,115.107406666958,"2024-03-27T08:59:45+08:00",NA,"Geographe Bay","Fished","Special Purpose Zone (Mining Exclusion) (IUCN VI)",44.6,NA,NA,NA,NA,"",33,34,1800,NA,NA,NA,NA,NA,NA,NA,NA,NA,NA
"125","GB-BV-012",1,-33.4252016665937,115.165611666404,"2024-03-27T10:55:21+08:00",NA,"Geographe Bay","Fished","Special Purpose Zone (Mining Exclusion) (IUCN VI)",40.7,NA,NA,NA,NA,"Check footage, something weird at the bottom according to skipper",15,16,1789,NA,NA,NA,NA,NA,NA,NA,NA,NA,NA
"126","GB-BV-048",2,-33.4302483333296,115.149913333726,"2024-03-27T11:01:11+08:00",NA,"Geographe Bay","Fished","Special Purpose Zone (Mining Exclusion) (IUCN VI)",41.1,NA,NA,NA,NA,"",17,18,1790,NA,NA,NA,NA,NA,NA,NA,NA,NA,NA
"127","GB-BV-122",3,-33.4511533336593,115.128708333747,"2024-03-27T11:16:19+08:00",NA,"Geographe Bay","Fished","Special Purpose Zone (Mining Exclusion) (IUCN VI)",41.5,NA,NA,NA,NA,"Showed wrong sample number, then had to be reeled in because bait bag fell off",19,20,1791,NA,NA,NA,NA,NA,NA,NA,NA,NA,NA
"128","GB-BV-060",4,-33.4526383331297,115.119515000282,"2024-03-27T11:19:28+08:00",NA,"Geographe Bay","Fished","Special Purpose Zone (Mining Exclusion) (IUCN VI)",41.1,NA,NA,NA,NA,"",21,22,1792,NA,NA,NA,NA,NA,NA,NA,NA,NA,NA
"129","GB-BV-178",5,-33.4533349999084,115.105103333569,"2024-03-27T11:24:26+08:00",NA,"Geographe Bay","Fished","Special Purpose Zone (Mining Exclusion) (IUCN VI)",41,NA,NA,NA,NA,"",23,24,1793,NA,NA,NA,NA,NA,NA,NA,NA,NA,NA
"130","GB-BV-092",6,-33.4322733330109,115.050788333052,"2024-03-27T11:39:55+08:00",NA,"Geographe Bay","Fished","Special Purpose Zone (Mining Exclusion) (IUCN VI)",44.6,NA,NA,NA,NA,"",95,96,1794,NA,NA,NA,NA,NA,NA,NA,NA,NA,NA
"131","GB-BV-138",7,-33.4141016670178,115.054199999753,"2024-03-27T11:47:12+08:00",NA,"Geographe Bay","Fished","Special Purpose Zone (Mining Exclusion) (IUCN VI)",45.6,NA,NA,NA,NA,"",27,28,1797,NA,NA,NA,NA,NA,NA,NA,NA,NA,NA
"132","GB-BV-064",8,-33.4205533334582,115.061553332886,"2024-03-27T11:51:24+08:00",NA,"Geographe Bay","Fished","Special Purpose Zone (Mining Exclusion) (IUCN VI)",45.7,NA,NA,NA,NA,"",29,30,1798,NA,NA,NA,NA,NA,NA,NA,NA,NA,NA
"133","GB-BV-111",9,-33.4219349997492,115.083071667034,"2024-03-27T11:58:31+08:00",NA,"Geographe Bay","Fished","Special Purpose Zone (Mining Exclusion) (IUCN VI)",44.5,NA,NA,NA,NA,"SD Card corrupted. Will attempt to retrieve in lab",31,32,1799,NA,NA,NA,NA,NA,NA,NA,NA,NA,NA
"134","GB-BV-104",10,-33.4272406546115,115.122980714123,"2024-03-27T12:10:23+08:00",NA,"Geographe Bay","Fished","Special Purpose Zone (Mining Exclusion) (IUCN VI)",43,NA,NA,NA,NA,"",33,34,1800,NA,NA,NA,NA,NA,NA,NA,NA,NA,NA
"135","GB-BV-076",1,-33.4691599997601,115.152481666531,"2024-03-27T14:13:44+08:00",NA,"Geographe Bay","Fished","Special Purpose Zone (Mining Exclusion) (IUCN VI)",37.5,NA,NA,NA,NA,"",15,16,1789,NA,NA,NA,NA,NA,NA,NA,NA,NA,NA
"136","GB-BV-005",2,-33.4769416664183,115.178596666512,"2024-03-27T14:21:00+08:00",NA,"Geographe Bay","Fished","Special Purpose Zone (Mining Exclusion) (IUCN VI)",36.1,NA,NA,NA,NA,"",17,18,1790,NA,NA,NA,NA,NA,NA,NA,NA,NA,NA
"137","GB-BV-145",3,-33.4773916667101,115.148386666664,"2024-03-27T14:31:32+08:00",NA,"Geographe Bay","Fished","Special Purpose Zone (Mining Exclusion) (IUCN VI)",37,NA,NA,NA,NA,"",19,20,1791,NA,NA,NA,NA,NA,NA,NA,NA,NA,NA
"138","GB-BV-089",4,-33.4799833333399,115.133163333464,"2024-03-27T14:36:59+08:00",NA,"Geographe Bay","Fished","Special Purpose Zone (Mining Exclusion) (IUCN VI)",38.2,NA,NA,NA,NA,"",21,22,1792,NA,NA,NA,NA,NA,NA,NA,NA,NA,NA
"139","GB-BV-161",5,-33.4780950002361,115.111109999564,"2024-03-27T14:49:06+08:00",NA,"Geographe Bay","Fished","Special Purpose Zone (Mining Exclusion) (IUCN VI)",40.2,NA,NA,NA,NA,"",23,24,1793,NA,NA,NA,NA,NA,NA,NA,NA,NA,NA
"140","GB-BV-141",6,-33.4765533330552,115.097510000236,"2024-03-27T14:50:15+08:00",NA,"Geographe Bay","Fished","Special Purpose Zone (Mining Exclusion) (IUCN VI)",39.6,NA,NA,NA,NA,"",95,96,1794,NA,NA,NA,NA,NA,NA,NA,NA,NA,NA
"141","GB-BV-021",8,-33.4740600001223,115.059724999873,"2024-03-27T15:06:03+08:00",NA,"Geographe Bay","Fished","Special Purpose Zone (Mining Exclusion) (IUCN VI)",43.7,NA,NA,NA,NA,"One Bungee off on retrieval. Base bar facing down",29,30,1798,NA,NA,NA,NA,NA,NA,NA,NA,NA,NA
"142","GB-BV-024",9,-33.4556433335161,115.07675166687,"2024-03-27T15:14:39+08:00",NA,"Geographe Bay","Fished","Special Purpose Zone (Mining Exclusion) (IUCN VI)",43.7,NA,NA,NA,NA,"SD Card corrupted. Will attempt to retrieve in lab",31,32,1799,NA,NA,NA,NA,NA,NA,NA,NA,NA,NA
"143","GB-BV-157",10,-33.4612857148796,115.090364716923,"2024-03-27T15:20:03+08:00",NA,"Geographe Bay","Fished","Special Purpose Zone (Mining Exclusion) (IUCN VI)",42.1,NA,NA,NA,NA,"",33,34,1800,NA,NA,NA,NA,NA,NA,NA,NA,NA,NA
"144","GB-BV-132",3,-33.4775500001036,115.460238333004,"2024-04-02T11:12:55+08:00",NA,"Geographe Bay","Fished","Special Purpose Zone (Mining Exclusion) (IUCN VI)",15.3,NA,NA,NA,NA,"",1819,1820,1791,NA,NA,NA,NA,NA,NA,NA,NA,NA,NA
"145","GB-BV-095",4,-33.4698416666145,115.453276666233,"2024-04-02T11:18:59+08:00",NA,"Geographe Bay","Fished","Special Purpose Zone (Mining Exclusion) (IUCN VI)",17.6,NA,NA,NA,NA,"",1821,1822,1792,NA,NA,NA,NA,NA,NA,NA,NA,NA,NA
"146","GB-BV-051",5,-33.4736466670109,115.430623333182,"2024-04-02T11:26:57+08:00",NA,"Geographe Bay","Fished","Special Purpose Zone (Mining Exclusion) (IUCN VI)",20.3,NA,NA,NA,NA,"",1823,1824,1793,NA,NA,NA,NA,NA,NA,NA,NA,NA,NA
"147","GB-BV-030",6,-33.4720899999461,115.411318332911,"2024-04-02T11:35:52+08:00",NA,"Geographe Bay","Fished","Special Purpose Zone (Mining Exclusion) (IUCN VI)",23.4,NA,NA,NA,NA,"",1795,1796,1794,NA,NA,NA,NA,NA,NA,NA,NA,NA,NA
"148","GB-BV-087",7,-33.4682083331474,115.377341666533,"2024-04-02T11:46:03+08:00",NA,"Geographe Bay","Fished","Special Purpose Zone (Mining Exclusion) (IUCN VI)",26.1,NA,NA,NA,NA,"",1827,1828,1797,NA,NA,NA,NA,NA,NA,NA,NA,NA,NA
"149","GB-BV-091",1,-33.4378483332998,115.395683333257,"2024-04-03T13:09:12+08:00",NA,"Geographe Bay","Fished","Special Purpose Zone (Mining Exclusion) (IUCN VI)",27.4,NA,NA,NA,NA,"",1815,1816,1789,NA,NA,NA,NA,NA,NA,NA,NA,NA,NA
"150","GB-BV-079",2,-33.4447116667777,115.340806666498,"2024-04-03T13:25:36+08:00",NA,"Geographe Bay","Fished","Special Purpose Zone (Mining Exclusion) (IUCN VI)",30.9,NA,NA,NA,NA,"",1817,1818,1790,NA,NA,NA,NA,NA,NA,NA,NA,NA,NA
"151","GB-BV-063",3,-33.4476916664248,115.308748333545,"2024-04-03T13:35:22+08:00",NA,"Geographe Bay","Fished","Special Purpose Zone (Mining Exclusion) (IUCN VI)",32.5,NA,NA,NA,NA,"",1819,1820,1791,NA,NA,NA,NA,NA,NA,NA,NA,NA,NA
"152","GB-BV-043",4,-33.4640883332958,115.34171333342,"2024-04-03T13:47:30+08:00",NA,"Geographe Bay","Fished","Special Purpose Zone (Mining Exclusion) (IUCN VI)",29,NA,NA,NA,NA,"",1821,1822,1792,NA,NA,NA,NA,NA,NA,NA,NA,NA,NA
"153","GB-BV-075",5,-33.4680450001309,115.318971666332,"2024-04-03T13:55:49+08:00",NA,"Geographe Bay","Fished","Special Purpose Zone (Mining Exclusion) (IUCN VI)",30.7,NA,NA,NA,NA,"",1823,1824,1793,NA,NA,NA,NA,NA,NA,NA,NA,NA,NA
"154","GB-BV-136",6,-33.4713066668177,115.313848333518,"2024-04-03T13:57:59+08:00",NA,"Geographe Bay","Fished","Special Purpose Zone (Mining Exclusion) (IUCN VI)",30.3,NA,NA,NA,NA,"",1795,1796,1794,NA,NA,NA,NA,NA,NA,NA,NA,NA,NA
"155","GB-BV-120",7,-33.480238333506,115.305548333281,"2024-04-03T14:02:54+08:00",NA,"Geographe Bay","Fished","Special Purpose Zone (Mining Exclusion) (IUCN VI)",30.4,NA,NA,NA,NA,"",1827,1828,1797,NA,NA,NA,NA,NA,NA,NA,NA,NA,NA
"156","GB-BV-059",8,-33.4779733332573,115.290751666603,"2024-04-03T14:07:57+08:00",NA,"Geographe Bay","Fished","Special Purpose Zone (Mining Exclusion) (IUCN VI)",31.2,NA,NA,NA,NA,"",1829,1830,1798,NA,NA,NA,NA,NA,NA,NA,NA,NA,NA
"157","GB-BV-047",1,-33.4233250000751,115.379936666725,"2024-04-04T14:18:02+08:00",NA,"Geographe Bay","Fished","Special Purpose Zone (Mining Exclusion) (IUCN VI)",29.9,NA,NA,NA,NA,"",1815,1816,1789,NA,NA,NA,NA,NA,NA,NA,NA,NA,NA
"158","GB-BV-103",2,-33.4291925488335,115.374225202403,"2024-04-04T14:22:29+08:00",NA,"Geographe Bay","Fished","Special Purpose Zone (Mining Exclusion) (IUCN VI)",30.9,NA,NA,NA,NA,"",1817,1818,1790,NA,NA,NA,NA,NA,NA,NA,NA,NA,NA
"159","GB-BV-082",3,-33.4165783332615,115.376474999795,"2024-04-04T14:27:02+08:00",NA,"Geographe Bay","Fished","Special Purpose Zone (Mining Exclusion) (IUCN VI)",30.6,NA,NA,NA,NA,"",1819,1820,1791,NA,NA,NA,NA,NA,NA,NA,NA,NA,NA
"160","GB-BV-152",4,-33.4216983331527,115.388431666956,"2024-04-04T14:31:31+08:00",NA,"Geographe Bay","Fished","Special Purpose Zone (Mining Exclusion) (IUCN VI)",29.8,NA,NA,NA,NA,"",1821,1822,1792,NA,NA,NA,NA,NA,NA,NA,NA,NA,NA
"161","GB-BV-046",5,-33.4212016665739,115.4203933331,"2024-04-04T14:40:25+08:00",NA,"Geographe Bay","Fished","Special Purpose Zone (Mining Exclusion) (IUCN VI)",27.6,NA,NA,NA,NA,"",1823,1824,1793,NA,NA,NA,NA,NA,NA,NA,NA,NA,NA
"162","GB-BV-018",6,-33.4248233332178,115.44000333297,"2024-04-04T14:47:11+08:00",NA,"Geographe Bay","Fished","Special Purpose Zone (Mining Exclusion) (IUCN VI)",24.5,NA,NA,NA,NA,"",1795,1796,1794,NA,NA,NA,NA,NA,NA,NA,NA,NA,NA
"163","GB-BV-176",7,-33.4287349999451,115.498046667106,"2024-04-04T14:59:14+08:00",NA,"Geographe Bay","Fished","Special Purpose Zone (Mining Exclusion) (IUCN VI)",17.9,NA,NA,NA,NA,"",1827,1828,1797,NA,NA,NA,NA,NA,NA,NA,NA,NA,NA
"164","GB-BV-164",8,-33.4317116664881,115.481228332898,"2024-04-04T15:05:16+08:00",NA,"Geographe Bay","Fished","Special Purpose Zone (Mining Exclusion) (IUCN VI)",19.6,NA,NA,NA,NA,"",1829,1830,1798,NA,NA,NA,NA,NA,NA,NA,NA,NA,NA
"165","GB-BV-144",9,-33.4354683333295,115.477510000223,"2024-04-04T15:07:48+08:00",NA,"Geographe Bay","Fished","Special Purpose Zone (Mining Exclusion) (IUCN VI)",19.3,NA,NA,NA,NA,"Left cam turned off mid drop",1831,1832,1799,NA,NA,NA,NA,NA,NA,NA,NA,NA,NA
"166","GB-BV-148",10,-33.4460616664237,115.481973333611,"2024-04-04T15:12:48+08:00",NA,"Geographe Bay","Fished","Special Purpose Zone (Mining Exclusion) (IUCN VI)",17.7,NA,NA,NA,NA,"",1833,1834,1800,NA,NA,NA,NA,NA,NA,NA,NA,NA,NA
"167","GB-BV-168",1,-33.409090000357,115.494681666985,"2024-04-08T08:27:34+08:00",NA,"Geographe Bay","Fished","Special Purpose Zone (Mining Exclusion) (IUCN VI)",19.6,NA,NA,NA,NA,"",15,16,89,NA,NA,NA,NA,NA,NA,NA,NA,NA,NA
"168","GB-BV-102",2,-33.3966366668196,115.491678333089,"2024-04-08T08:32:27+08:00",NA,"Geographe Bay","Fished","Special Purpose Zone (Mining Exclusion) (IUCN VI)",20.9,NA,NA,NA,NA,"",17,18,90,NA,NA,NA,NA,NA,NA,NA,NA,NA,NA
"169","GB-BV-078",3,-33.3898583331935,115.488296666524,"2024-04-08T08:36:11+08:00",NA,"Geographe Bay","Fished","Special Purpose Zone (Mining Exclusion) (IUCN VI)",22.3,NA,NA,NA,NA,"Sample shown as 076",19,20,91,NA,NA,NA,NA,NA,NA,NA,NA,NA,NA
"170","GB-BV-026",4,-33.3791383335976,115.482031666613,"2024-04-08T08:41:22+08:00",NA,"Geographe Bay","Fished","Special Purpose Zone (Mining Exclusion) (IUCN VI)",23.2,NA,NA,NA,NA,"",21,22,92,NA,NA,NA,NA,NA,NA,NA,NA,NA,NA
"171","GB-BV-180",5,-33.3559000000733,115.536359999925,"2024-04-08T08:58:30+08:00",NA,"Geographe Bay","Fished","Special Purpose Zone (Mining Exclusion) (IUCN VI)",20.1,NA,NA,NA,NA,"",23,24,93,NA,NA,NA,NA,NA,NA,NA,NA,NA,NA
"172","GB-BV-094",6,-33.3811333335006,115.525585000045,"2024-04-08T09:08:21+08:00",NA,"Geographe Bay","Fished","Special Purpose Zone (Mining Exclusion) (IUCN VI)",19.5,NA,NA,NA,NA,"",95,96,94,NA,NA,NA,NA,NA,NA,NA,NA,NA,NA
"173","GB-BV-172",7,-33.3798683334648,115.536169999954,"2024-04-08T09:13:28+08:00",NA,"Geographe Bay","Fished","Special Purpose Zone (Mining Exclusion) (IUCN VI)",17.5,NA,NA,NA,NA,"",27,28,97,NA,NA,NA,NA,NA,NA,NA,NA,NA,NA
"174","GB-BV-140",8,-33.4060800003739,115.511816666314,"2024-04-08T09:26:13+08:00",NA,"Geographe Bay","Fished","Special Purpose Zone (Mining Exclusion) (IUCN VI)",18.5,NA,NA,NA,NA,"",29,30,98,NA,NA,NA,NA,NA,NA,NA,NA,NA,NA
"175","GB-BV-156",9,-33.4055233335163,115.505606666653,"2024-04-08T09:28:55+08:00",NA,"Geographe Bay","Fished","Special Purpose Zone (Mining Exclusion) (IUCN VI)",19.1,NA,NA,NA,NA,"",31,32,99,NA,NA,NA,NA,NA,NA,NA,NA,NA,NA
"176","GB-BV-124",10,-33.4097866665931,115.501153333311,"2024-04-08T09:31:42+08:00",NA,"Geographe Bay","Fished","Special Purpose Zone (Mining Exclusion) (IUCN VI)",192,NA,NA,NA,NA,"",33,34,0,NA,NA,NA,NA,NA,NA,NA,NA,NA,NA
"177","GB-BV-062",1,-33.4104299997475,115.440355000047,"2024-04-08T11:11:53+08:00",NA,"Geographe Bay","Fished","Special Purpose Zone (Mining Exclusion) (IUCN VI)",26.2,NA,NA,NA,NA,"",15,16,89,NA,NA,NA,NA,NA,NA,NA,NA,NA,NA
"178","GB-BV-002",2,-33.4034700001314,115.429158333667,"2024-04-08T11:16:24+08:00",NA,"Geographe Bay","Fished","Special Purpose Zone (Mining Exclusion) (IUCN VI)",26.9,NA,NA,NA,NA,"",17,18,90,NA,NA,NA,NA,NA,NA,NA,NA,NA,NA
"179","GP-BV-050",3,-33.3774900000728,115.431921666466,"2024-04-08T11:26:44+08:00",NA,"Geographe Bay","Fished","Special Purpose Zone (Mining Exclusion) (IUCN VI)",28.5,NA,NA,NA,NA,"",19,20,91,NA,NA,NA,NA,NA,NA,NA,NA,NA,NA
"180","GP-BV-006",4,-33.3546799998542,115.443763333101,"2024-04-08T11:36:54+08:00",NA,"Geographe Bay","Fished","Special Purpose Zone (Mining Exclusion) (IUCN VI)",27.8,NA,NA,NA,NA,"Camera 22 turned off on retrieval ",21,22,92,NA,NA,NA,NA,NA,NA,NA,NA,NA,NA
"181","GB-BV-106",5,-33.3619716667635,115.407893333413,"2024-04-08T11:48:35+08:00",NA,"Geographe Bay","Fished","Special Purpose Zone (Mining Exclusion) (IUCN VI)",30.6,NA,NA,NA,NA,"",23,24,93,NA,NA,NA,NA,NA,NA,NA,NA,NA,NA
"182","GB-BV-039",6,-33.3754316668985,115.414276666601,"2024-04-08T11:54:29+08:00",NA,"Geographe Bay","Fished","Special Purpose Zone (Mining Exclusion) (IUCN VI)",29.9,NA,NA,NA,NA,"",95,96,94,NA,NA,NA,NA,NA,NA,NA,NA,NA,NA
"183","GB-BV-066",7,-33.3860716665143,115.39465833306,"2024-04-08T12:02:04+08:00",NA,"Geographe Bay","Fished","Special Purpose Zone (Mining Exclusion) (IUCN VI)",30.7,NA,NA,NA,NA,"",27,28,97,NA,NA,NA,NA,NA,NA,NA,NA,NA,NA
"184","GB-BV-171",8,-33.4071133336042,115.387550000149,"2024-04-08T12:10:14+08:00",NA,"Geographe Bay","Fished","Special Purpose Zone (Mining Exclusion) (IUCN VI)",30.6,NA,NA,NA,NA,"",29,30,98,NA,NA,NA,NA,NA,NA,NA,NA,NA,NA
"185","GB-BV-098",9,-33.3969299999512,115.375061666883,"2024-04-08T12:16:29+08:00",NA,"Geographe Bay","Fished","Special Purpose Zone (Mining Exclusion) (IUCN VI)",31.9,NA,NA,NA,NA,"",31,32,99,NA,NA,NA,NA,NA,NA,NA,NA,NA,NA
"186","GB-BV-179",10,-33.3765633330832,115.37226833305,"2024-04-08T12:24:58+08:00",NA,"Geographe Bay","Fished","Special Purpose Zone (Mining Exclusion) (IUCN VI)",32.5,NA,NA,NA,NA,"",33,34,0,NA,NA,NA,NA,NA,NA,NA,NA,NA,NA
"187","GB-BV-112",1,-33.3614049996869,115.364588332953,"2024-04-08T14:21:04+08:00",NA,"Geographe Bay","Fished","Special Purpose Zone (Mining Exclusion) (IUCN VI)",33,NA,NA,NA,NA,"",15,16,89,NA,NA,NA,NA,NA,NA,NA,NA,NA,NA
"188","GB-BV-071",2,-33.3630166666934,115.35829166653,"2024-04-08T14:26:45+08:00",NA,"Geographe Bay","Fished","Special Purpose Zone (Mining Exclusion) (IUCN VI)",33.5,NA,NA,NA,NA,"",17,18,90,NA,NA,NA,NA,NA,NA,NA,NA,NA,NA
"189","GB-BV-022",3,-33.3945416669807,115.346428333428,"2024-04-08T14:39:17+08:00",NA,"Geographe Bay","Fished","Special Purpose Zone (Mining Exclusion) (IUCN VI)",34.1,NA,NA,NA,NA,"",19,20,91,NA,NA,NA,NA,NA,NA,NA,NA,NA,NA
"190","GB-BV-022",4,-33.3734083329586,115.335616667012,"2024-04-08T14:48:04+08:00",NA,"Geographe Bay","Fished","Special Purpose Zone (Mining Exclusion) (IUCN VI)",34.5,NA,NA,NA,NA,"",21,22,92,NA,NA,NA,NA,NA,NA,NA,NA,NA,NA
"191","GB-BV-055",5,-33.3718050003636,115.32086833329,"2024-04-08T14:52:23+08:00",NA,"Geographe Bay","Fished","Special Purpose Zone (Mining Exclusion) (IUCN VI)",35.6,NA,NA,NA,NA,"",23,24,93,NA,NA,NA,NA,NA,NA,NA,NA,NA,NA
"192","GB-BV-128",6,-33.3704739315942,115.312958326752,"2024-04-08T14:56:06+08:00",NA,"Geographe Bay","Fished","Special Purpose Zone (Mining Exclusion) (IUCN VI)",35.8,NA,NA,NA,NA,"Shown 126 meant to be 128 ",95,96,94,NA,NA,NA,NA,NA,NA,NA,NA,NA,NA
"193","GB-BV-159",7,-33.358586667003,115.25114333325,"2024-04-08T15:12:23+08:00",NA,"Geographe Bay","Fished","Special Purpose Zone (Mining Exclusion) (IUCN VI)",38.6,NA,NA,NA,NA,"",27,28,97,NA,NA,NA,NA,NA,NA,NA,NA,NA,NA
"194","GB-BV-127",8,-33.3564433331484,115.231329999715,"2024-04-08T15:18:50+08:00",NA,"Geographe Bay","Fished","Special Purpose Zone (Mining Exclusion) (IUCN VI)",38.7,NA,NA,NA,NA,"",29,30,98,NA,NA,NA,NA,NA,NA,NA,NA,NA,NA
"195","GB-BV-143",9,-33.3512133336001,115.228685000193,"2024-04-08T15:21:32+08:00",NA,"Geographe Bay","Fished","Special Purpose Zone (Mining Exclusion) (IUCN VI)",38.6,NA,NA,NA,NA,"",31,32,99,NA,NA,NA,NA,NA,NA,NA,NA,NA,NA
"196","GB-BV-107",10,-33.365935000146,115.209558333472,"2024-04-08T15:29:33+08:00",NA,"Geographe Bay","Fished","Special Purpose Zone (Mining Exclusion) (IUCN VI)",41,NA,NA,NA,NA,"Good ground",33,34,0,NA,NA,NA,NA,NA,NA,NA,NA,NA,NA
"197","GB-BV-214",2,-33.5758516669687,115.400016666949,"2024-03-28T13:09:16+08:00",NA,"Geographe Bay","No-take","Sanctuary Zone (IUCN VI)",12.2,NA,NA,NA,NA,"",17,18,1790,NA,NA,NA,NA,NA,NA,NA,NA,NA,NA
"198","GB-BV-215",3,-33.5859883333858,115.398743333779,"2024-03-28T13:13:35+08:00",NA,"Geographe Bay","No-take","Sanctuary Zone (IUCN VI)",11.5,NA,NA,NA,NA,"Showed 197 to right cam by mistake. Didn’t sync I think",19,20,1791,NA,NA,NA,NA,NA,NA,NA,NA,NA,NA
"199","GB-BV-237",1,-33.5920833330656,115.43194666658,"2024-04-03T07:33:05+08:00",NA,"Geographe Bay","No-take","Sanctuary Zone (IUCN VI)",5.3,NA,NA,NA,NA,"",1815,1816,1789,NA,NA,NA,NA,NA,NA,NA,NA,NA,NA
"200","GB-BV-233",2,-33.5874799999254,115.436245000112,"2024-04-03T07:35:56+08:00",NA,"Geographe Bay","No-take","Sanctuary Zone (IUCN VI)",5.03,NA,NA,NA,NA,"",1817,1818,1790,NA,NA,NA,NA,NA,NA,NA,NA,NA,NA
"201","GB-BV-218",3,-33.5839433330598,115.426865000324,"2024-04-03T07:39:49+08:00",NA,"Geographe Bay","No-take","Sanctuary Zone (IUCN VI)",7.49,NA,NA,NA,NA,"",1819,1820,1791,NA,NA,NA,NA,NA,NA,NA,NA,NA,NA
"202","GB-BV-225",4,-33.5822083335077,115.428253333121,"2024-04-03T07:42:27+08:00",NA,"Geographe Bay","No-take","Sanctuary Zone (IUCN VI)",7.44,NA,NA,NA,NA,"",1821,1822,1792,NA,NA,NA,NA,NA,NA,NA,NA,NA,NA
"203","GB-BV-222",5,-33.5761149997973,115.433973333235,"2024-04-03T07:46:11+08:00",NA,"Geographe Bay","No-take","Sanctuary Zone (IUCN VI)",7.5,NA,NA,NA,NA,"",1823,1824,1793,NA,NA,NA,NA,NA,NA,NA,NA,NA,NA
"204","GB-BV-229",6,-33.5754283336913,115.439284999644,"2024-04-03T07:48:48+08:00",NA,"Geographe Bay","No-take","Sanctuary Zone (IUCN VI)",5.97,NA,NA,NA,NA,"",1795,1796,1794,NA,NA,NA,NA,NA,NA,NA,NA,NA,NA
"205","GB-BV-226",7,-33.5690466666009,115.432459999866,"2024-04-03T07:52:32+08:00",NA,"Geographe Bay","No-take","Sanctuary Zone (IUCN VI)",8.81,NA,NA,NA,NA,"",1827,1828,1797,NA,NA,NA,NA,NA,NA,NA,NA,NA,NA
"206","GB-BV-213",8,-33.5633816668112,115.427801666484,"2024-04-03T07:56:10+08:00",NA,"Geographe Bay","No-take","Sanctuary Zone (IUCN VI)",10.9,NA,NA,NA,NA,"",1829,1830,1798,NA,NA,NA,NA,NA,NA,NA,NA,NA,NA
"207","GB-BV-221",9,-33.5967566666828,115.419931666417,"2024-04-03T08:07:49+08:00",NA,"Geographe Bay","No-take","Sanctuary Zone (IUCN VI)",6.62,NA,NA,NA,NA,"Left cam turned off mid drop - SD card changed from 120 to 141",1831,1832,1799,NA,NA,NA,NA,NA,NA,NA,NA,NA,NA
"208","GB-BV-217",10,-33.6002166667823,115.419479999781,"2024-04-03T08:10:25+08:00",NA,"Geographe Bay","No-take","Sanctuary Zone (IUCN VI)",5.86,NA,NA,NA,NA,"",1833,1834,1800,NA,NA,NA,NA,NA,NA,NA,NA,NA,NA
"209","GB-BV-113",5,-33.5049197277976,115.093340157231,"2024-03-26T14:54:54+08:00",NA,"Geographe Bay","Fished","General Use Zone (IUCN VI)",37.1,NA,NA,NA,NA,"",23,24,1793,NA,NA,NA,NA,NA,NA,NA,NA,NA,NA
"210","GB-BV-057",6,-33.5071966669275,115.087788333417,"2024-03-26T14:58:09+08:00",NA,"Geographe Bay","Fished","General Use Zone (IUCN VI)",37.4,NA,NA,NA,NA,"",95,96,1794,NA,NA,NA,NA,NA,NA,NA,NA,NA,NA
"211","GB-BV-013",1,-33.5242000001431,115.058571666355,"2024-03-27T16:32:15+08:00",NA,"Geographe Bay","Fished","General Use Zone (IUCN VI)",35.1,NA,NA,NA,NA,"",15,16,1789,NA,NA,NA,NA,NA,NA,NA,NA,NA,NA
"212","GB-BV-031",4,-33.6120333330878,115.403240000054,"2024-03-28T13:24:59+08:00",NA,"Geographe Bay","Fished","General Use Zone (IUCN VI)",6.8,NA,NA,NA,NA,"",21,22,1792,NA,NA,NA,NA,NA,NA,NA,NA,NA,NA
"213","GB-BV-163",5,-33.6263366667772,115.36634500017,"2024-03-28T13:40:03+08:00",NA,"Geographe Bay","Fished","General Use Zone (IUCN VI)",5.21,NA,NA,NA,NA,"Wrong opcode showed at first (175). Then correct (163)",23,24,1793,NA,NA,NA,NA,NA,NA,NA,NA,NA,NA
"214","GB-BV-175",6,-33.5979549998915,115.327431666403,"2024-03-28T13:56:51+08:00",NA,"Geographe Bay","Fished","General Use Zone (IUCN VI)",13.4,NA,NA,NA,NA,"",95,96,1794,NA,NA,NA,NA,NA,NA,NA,NA,NA,NA
"215","GB-BV-135",7,-33.5890649997257,115.335370000415,"2024-03-28T14:04:15+08:00",NA,"Geographe Bay","Fished","General Use Zone (IUCN VI)",14.6,NA,NA,NA,NA,"",27,28,1797,NA,NA,NA,NA,NA,NA,NA,NA,NA,NA
"216","GB-BV-074",8,-33.5813416667026,115.35017666624,"2024-03-28T14:09:47+08:00",NA,"Geographe Bay","Fished","General Use Zone (IUCN VI)",14.8,NA,NA,NA,NA,"",29,30,1799,NA,NA,NA,NA,NA,NA,NA,NA,NA,NA
"217","GB-BV-007",10,-33.5891466669231,115.378791666878,"2024-03-28T14:21:40+08:00",NA,"Geographe Bay","Fished","General Use Zone (IUCN VI)",12.4,NA,NA,NA,NA,"",33,34,1800,NA,NA,NA,NA,NA,NA,NA,NA,NA,NA
"218","GB-BV-028",3,-33.5910566668173,115.301049999733,"2024-04-02T14:39:35+08:00",NA,"Geographe Bay","Fished","General Use Zone (IUCN VI)",17.2,NA,NA,NA,NA,"LED lights turned off mid drop",1819,1820,1791,NA,NA,NA,NA,NA,NA,NA,NA,NA,NA
"219","GB-BV-117",10,-33.6053599997111,115.21816833333,"2024-04-04T10:23:47+08:00",NA,"Geographe Bay","Fished","General Use Zone (IUCN VI)",15,NA,NA,NA,NA,"",1833,1834,1800,NA,NA,NA,NA,NA,NA,NA,NA,NA,NA
"220","GB-BV-153",4,-33.5560399999848,115.075290000105,"2024-04-05T10:49:49+08:00",NA,"Geographe Bay","Fished","General Use Zone (IUCN VI)",15.1,NA,NA,NA,NA,"",21,22,92,NA,NA,NA,NA,NA,NA,NA,NA,NA,NA
"221","GB-BV-169",1,-33.5785400003341,115.104931666416,"2024-04-09T08:18:08+08:00",NA,"Geographe Bay","Fished","General Use Zone (IUCN VI)",17.6,NA,NA,NA,NA,"",15,16,89,NA,NA,NA,NA,NA,NA,NA,NA,NA,NA
"222","GB-BV-137",2,-33.5938133330851,115.112519999726,"2024-04-09T08:28:57+08:00",NA,"Geographe Bay","Fished","General Use Zone (IUCN VI)",10.3,NA,NA,NA,NA,"",17,18,90,NA,NA,NA,NA,NA,NA,NA,NA,NA,NA
"223","GB-BV-121",3,-33.6061666664768,115.137330000026,"2024-04-09T08:38:28+08:00",NA,"Geographe Bay","Fished","General Use Zone (IUCN VI)",8.5,NA,NA,NA,NA,"",19,20,91,NA,NA,NA,NA,NA,NA,NA,NA,NA,NA
"224","GB-BV-165",4,-33.6156500002776,115.136333333591,"2024-04-09T08:43:55+08:00",NA,"Geographe Bay","Fished","General Use Zone (IUCN VI)",6.2,NA,NA,NA,NA,"",21,22,92,NA,NA,NA,NA,NA,NA,NA,NA,NA,NA
"225","GB-BV-029",5,-33.595750000255,115.159586666692,"2024-04-09T08:55:29+08:00",NA,"Geographe Bay","Fished","General Use Zone (IUCN VI)",16.4,NA,NA,NA,NA,"Bruv there’s divers ",23,24,93,NA,NA,NA,NA,NA,NA,NA,NA,NA,NA
"226","GB-BV-061",6,-33.6210950000636,115.186456666534,"2024-04-09T09:09:53+08:00",NA,"Geographe Bay","Fished","General Use Zone (IUCN VI)",9.3,NA,NA,NA,NA,"",95,96,94,NA,NA,NA,NA,NA,NA,NA,NA,NA,NA
"227","GB-BV-133",7,-33.6067719275716,115.187936331944,"2024-04-09T09:16:18+08:00",NA,"Geographe Bay","Fished","General Use Zone (IUCN VI)",13.1,NA,NA,NA,NA,"",27,28,97,NA,NA,NA,NA,NA,NA,NA,NA,NA,NA
"228","GB-BV-045",8,-33.602481666718,115.194146666676,"2024-04-09T09:18:56+08:00",NA,"Geographe Bay","Fished","General Use Zone (IUCN VI)",14.6,NA,NA,NA,NA,"",29,30,98,NA,NA,NA,NA,NA,NA,NA,NA,NA,NA
"229","GB-BV-009",10,-33.5743616667991,115.149135000127,"2024-04-09T09:35:24+08:00",NA,"Geographe Bay","Fished","General Use Zone (IUCN VI)",23.9,NA,NA,NA,NA,"",33,34,0,NA,NA,NA,NA,NA,NA,NA,NA,NA,NA
"230","GB-BV-173",1,-33.6046799999917,115.211944999976,"2024-04-09T11:40:14+08:00",NA,"Geographe Bay","Fished","General Use Zone (IUCN VI)",14.7,NA,NA,NA,NA,"",15,16,89,NA,NA,NA,NA,NA,NA,NA,NA,NA,NA
"231","GB-BV-101",2,-33.6141266667206,115.241549999752,"2024-04-09T11:50:44+08:00",NA,"Geographe Bay","Fished","General Use Zone (IUCN VI)",13.8,NA,NA,NA,NA,"",17,18,90,NA,NA,NA,NA,NA,NA,NA,NA,NA,NA
"232","GB-BV-CP1",3,-33.6086516664935,115.244601666604,"2024-04-09T11:55:12+08:00",NA,"Geographe Bay","Fished","General Use Zone (IUCN VI)",14.6,NA,NA,NA,NA,"",19,20,91,NA,NA,NA,NA,NA,NA,NA,NA,NA,NA
"233","GB-BV-035",5,-33.6184633333323,115.275694999634,"2024-04-09T12:11:39+08:00",NA,"Geographe Bay","Fished","General Use Zone (IUCN VI)",12.7,NA,NA,NA,NA,"",23,24,93,NA,NA,NA,NA,NA,NA,NA,NA,NA,NA
"234","GB-BV-CP3",6,-33.6105883333563,115.283660000136,"2024-04-09T12:16:46+08:00",NA,"Geographe Bay","Fished","General Use Zone (IUCN VI)",14,NA,NA,NA,NA,"",95,96,94,NA,NA,NA,NA,NA,NA,NA,NA,NA,NA
"235","GB-BV-086",7,-33.6082300001858,115.305414999936,"2024-04-09T12:23:48+08:00",NA,"Geographe Bay","Fished","General Use Zone (IUCN VI)",14.1,NA,NA,NA,NA,"",27,28,97,NA,NA,NA,NA,NA,NA,NA,NA,NA,NA
"236","GB-BV-042",8,-33.6287149998061,115.315806666227,"2024-04-09T12:31:22+08:00",NA,"Geographe Bay","Fished","General Use Zone (IUCN VI)",9.3,NA,NA,NA,NA,"",29,30,98,NA,NA,NA,NA,NA,NA,NA,NA,NA,NA
"237","GB-BV-070",9,-33.6306283334811,115.333348332885,"2024-04-09T12:38:51+08:00",NA,"Geographe Bay","Fished","General Use Zone (IUCN VI)",7.52,NA,NA,NA,NA,"",31,32,98,NA,NA,NA,NA,NA,NA,NA,NA,NA,NA
"238","GB-BV-004",10,-33.6398100003513,115.286406666491,"2024-04-09T12:53:23+08:00",NA,"Geographe Bay","Fished","General Use Zone (IUCN VI)",7.6,NA,NA,NA,NA,"",33,34,0,NA,NA,NA,NA,NA,NA,NA,NA,NA,NA
"239","GB-BB-212",1,-33.5491616665966,115.108505000225,"2024-04-05T10:32:54+08:00",NA,"Geographe Bay","No-take","Sanctuary Zone (IUCN VI)",30.3,NA,NA,NA,NA,"",15,16,89,NA,NA,NA,NA,NA,NA,NA,NA,NA,NA
"240","GB-BV-211",2,-33.5485299999857,115.10134833346,"2024-04-05T10:38:40+08:00",NA,"Geographe Bay","No-take","Sanctuary Zone (IUCN VI)",29.3,NA,NA,NA,NA,"",17,18,90,NA,NA,NA,NA,NA,NA,NA,NA,NA,NA
"241","GB-BV-228",3,-33.5530483331488,115.082473333359,"2024-04-05T10:45:54+08:00",NA,"Geographe Bay","No-take","Sanctuary Zone (IUCN VI)",25.2,NA,NA,NA,NA,"",19,20,91,NA,NA,NA,NA,NA,NA,NA,NA,NA,NA
"242","GB-BV-235",5,-33.5568633335852,115.077688333031,"2024-04-05T10:51:41+08:00",NA,"Geographe Bay","No-take","Sanctuary Zone (IUCN VI)",16.5,NA,NA,NA,NA,"",23,24,93,NA,NA,NA,NA,NA,NA,NA,NA,NA,NA
"243","GB-BV-236",6,-33.5626333334609,115.082975000224,"2024-04-05T10:56:00+08:00",NA,"Geographe Bay","No-take","Sanctuary Zone (IUCN VI)",8.45,NA,NA,NA,NA,"",95,96,94,NA,NA,NA,NA,NA,NA,NA,NA,NA,NA
"244","GB-BV-239",7,-33.5618366668103,115.089359999787,"2024-04-05T10:58:56+08:00",NA,"Geographe Bay","No-take","Sanctuary Zone (IUCN VI)",19.9,NA,NA,NA,NA,"",27,28,97,NA,NA,NA,NA,NA,NA,NA,NA,NA,NA
"245","GB-BV-240",8,-33.5654233330916,115.091139999844,"2024-04-05T11:01:27+08:00",NA,"Geographe Bay","No-take","Sanctuary Zone (IUCN VI)",16.1,NA,NA,NA,NA,"",29,30,98,NA,NA,NA,NA,NA,NA,NA,NA,NA,NA
"246","GB-BV-232",9,-33.5677066664652,115.096881666424,"2024-04-05T11:07:13+08:00",NA,"Geographe Bay","No-take","Sanctuary Zone (IUCN VI)",20.1,NA,NA,NA,NA,"",31,32,99,NA,NA,NA,NA,NA,NA,NA,NA,NA,NA
"247","GB-BV-230",10,-33.5723816668969,115.096056666244,"2024-04-05T11:12:31+08:00",NA,"Geographe Bay","No-take","Sanctuary Zone (IUCN VI)",14.3,NA,NA,NA,NA,"Moved mark, too close to people at meelup",33,34,0,NA,NA,NA,NA,NA,NA,NA,NA,NA,NA
"248","GB-BV-216",1,-33.6292250001878,115.216325000249,"2024-04-04T09:17:48+08:00",NA,"Geographe Bay","No-take","Sanctuary Zone (IUCN VI)",9.04,NA,NA,NA,NA,"",1815,1816,1789,NA,NA,NA,NA,NA,NA,NA,NA,NA,NA
"249","GB-BV-227",2,-33.6279733336395,115.201876667001,"2024-04-04T09:22:46+08:00",NA,"Geographe Bay","No-take","Sanctuary Zone (IUCN VI)",7.46,NA,NA,NA,NA,"",1817,1818,1790,NA,NA,NA,NA,NA,NA,NA,NA,NA,NA
"250","GB-BV-220",3,-33.6265799996776,115.205738333066,"2024-04-04T09:26:28+08:00",NA,"Geographe Bay","No-take","Sanctuary Zone (IUCN VI)",8.07,NA,NA,NA,NA,"",1819,1820,1791,NA,NA,NA,NA,NA,NA,NA,NA,NA,NA
"251","GB-BV-223",4,-33.6256116666005,115.211645000401,"2024-04-04T09:31:08+08:00",NA,"Geographe Bay","No-take","Sanctuary Zone (IUCN VI)",8.22,NA,NA,NA,NA,"",1821,1822,1792,NA,NA,NA,NA,NA,NA,NA,NA,NA,NA
"252","GB-BV-224",5,-33.6231683335818,115.203889999961,"2024-04-04T09:34:38+08:00",NA,"Geographe Bay","No-take","Sanctuary Zone (IUCN VI)",9.05,NA,NA,NA,NA,"",1823,1824,1793,NA,NA,NA,NA,NA,NA,NA,NA,NA,NA
"253","GB-BV-238",6,-33.6207850000962,115.211966666443,"2024-04-04T09:39:36+08:00",NA,"Geographe Bay","No-take","Sanctuary Zone (IUCN VI)",9.84,NA,NA,NA,NA,"",1795,1796,1794,NA,NA,NA,NA,NA,NA,NA,NA,NA,NA
"254","GB-BV-231",7,-33.6194733334836,115.200089999647,"2024-04-04T09:45:22+08:00",NA,"Geographe Bay","No-take","Sanctuary Zone (IUCN VI)",9.36,NA,NA,NA,NA,"",1827,1828,1797,NA,NA,NA,NA,NA,NA,NA,NA,NA,NA
"255","GB-BV-219",8,-33.6132833332372,115.207721666788,"2024-04-04T09:50:23+08:00",NA,"Geographe Bay","No-take","Sanctuary Zone (IUCN VI)",11.4,NA,NA,NA,NA,"",1829,1830,1798,NA,NA,NA,NA,NA,NA,NA,NA,NA,NA
"256","GB-BV-234",9,-33.6083766667664,115.212941666411,"2024-04-04T09:53:53+08:00",NA,"Geographe Bay","No-take","Sanctuary Zone (IUCN VI)",13.8,NA,NA,NA,NA,"31 was off on retrieval",1831,1832,1799,NA,NA,NA,NA,NA,NA,NA,NA,NA,NA
"257","GB-BV-139",1,-33.5633850000751,115.453506666387,"2024-04-03T09:52:06+08:00",NA,"Geographe Bay",NA,NA,8.53,NA,NA,NA,NA,"",1815,1816,1789,NA,NA,NA,NA,NA,NA,NA,NA,NA,NA
"258","GB-BV-049",2,-33.5593598573423,115.447920645506,"2024-04-03T09:55:58+08:00",NA,"Geographe Bay",NA,NA,8.52,NA,NA,NA,NA,"Showed wrong opcode (040) first",1817,1818,1790,NA,NA,NA,NA,NA,NA,NA,NA,NA,NA
"259","GB-BV-010",8,-33.4993466665352,115.477136666679,"2024-04-03T10:40:47+08:00",NA,"Geographe Bay",NA,NA,13.4,NA,NA,NA,NA,"",1829,1830,1798,NA,NA,NA,NA,NA,NA,NA,NA,NA,NA
"260","GB-BV-155",9,-33.5239766664998,115.489865000145,"2024-04-03T10:50:35+08:00",NA,"Geographe Bay",NA,NA,8.57,NA,NA,NA,NA,"",1831,1832,1799,NA,NA,NA,NA,NA,NA,NA,NA,NA,NA
"261","GB-BV-065",10,-33.5261050002032,115.498216666985,"2024-04-03T10:53:52+08:00",NA,"Geographe Bay",NA,NA,7.46,NA,NA,NA,NA,"",1833,1834,1800,NA,NA,NA,NA,NA,NA,NA,NA,NA,NA
