Sample,Family,Genus,Species,Count
MF-CNB1-1,Labridae,Austrolabrus,maculatus,1
MF-CNB1-1,Labridae,Bodianus,frenchii,1
MF-CNB1-1,Serranidae,Acanthistius,serratus,1
MF-CNB1-1,Labridae,Achoerodus,gouldii,1
MF-CNB1-1,Labridae,Coris,auricularis,2
MF-CNB1-1,Dasyatidae,Dasyatis,brevicaudata,1
MF-CNB1-1,Serranidae,Epinephelides,armatus,1
MF-CNB1-1,Muraenidae,Gymnothorax,prasinus,1
MF-CNB1-1,Muraenidae,Gymnothorax,woodwardi,1
MF-CNB1-1,Monacanthidae,Meuschenia,flavolineata,1
MF-CNB1-1,Monacanthidae,Meuschenia,galii,3
MF-CNB1-1,Monacanthidae,Meuschenia,hippocrepis,2
MF-CNB1-1,Labridae,Notolabrus,parilus,2
MF-CNB1-1,Odacidae,Odax,cyanomelas,1
MF-CNB1-1,Labridae,Ophthalmolepis,lineolatus,12
MF-CNB1-1,Pomacentridae,Parma,mccullochi,1
MF-CNB1-1,Labridae,Pictilabrus,laticlavius,1
MF-CNB1-1,Labridae,Pseudolabrus,biserialis,7
MF-CNB1-1,Scorpididae,Scorpis,aequipinnis,1
MF-CNB1-1,Rhinobatidae,Trygonorrhina,fasciata,1
MF-CNB1-2,Labridae,Achoerodus,gouldii,1
MF-CNB1-2,Scyliorhinidae,Aulohalaelurus,labiosus,1
MF-CNB1-2,Labridae,Bodianus,frenchii,3
MF-CNB1-2,Chaetodontidae,Chelmonops,curiosus,1
MF-CNB1-2,Labridae,Coris,auricularis,6
MF-CNB1-2,Dasyatidae,Dasyatis,brevicaudata,2
MF-CNB1-2,Kyphosidae,Kyphosus,sydneyanus,1
MF-CNB1-2,Monacanthidae,Meuschenia,galii,2
MF-CNB1-2,Monacanthidae,Meuschenia,hippocrepis,2
MF-CNB1-2,Myliobatidae,Myliobatis,australis,2
MF-CNB1-2,Scorpididae,Neatypus,obliquus,1
MF-CNB1-2,Cheilodactylidae,Nemadactylus,valenciennesi,2
MF-CNB1-2,Labridae,Notolabrus,parilus,1
MF-CNB1-2,Odacidae,Odax,cyanomelas,1
MF-CNB1-2,Labridae,Ophthalmolepis,lineolatus,19
MF-CNB1-2,Orectolobidae,Orectolobus,maculatus,1
MF-CNB1-2,Pomacentridae,Parma,mccullochi,1
MF-CNB1-2,Labridae,Pseudolabrus,biserialis,4
MF-CNB1-2,Scorpididae,Scorpis,aequipinnis,1
MF-CNB1-2,Scorpididae,Scorpis,georgiana,1
MF-CNB1-2,Carangidae,Seriola,lalandi,4
MF-CNB1-3,Scyliorhinidae,Aulohalaelurus,labiosus,1
MF-CNB1-3,Labridae,Coris,auricularis,4
MF-CNB1-3,Muraenidae,Gymnothorax,prasinus,1
MF-CNB1-3,Muraenidae,Gymnothorax,woodwardi,1
MF-CNB1-3,Myliobatidae,Myliobatis,australis,1
MF-CNB1-3,Scorpididae,Neatypus,obliquus,2
MF-CNB1-3,Labridae,Notolabrus,parilus,2
MF-CNB1-3,Odacidae,Odax,cyanomelas,1
MF-CNB1-3,Labridae,Ophthalmolepis,lineolatus,13
MF-CNB1-3,Labridae,Pseudolabrus,biserialis,4
MF-CNB1-4,Labridae,Achoerodus,gouldii,2
MF-CNB1-4,Labridae,Austrolabrus,maculatus,1
MF-CNB1-4,Labridae,Coris,auricularis,2
MF-CNB1-4,Muraenidae,Gymnothorax,woodwardi,1
MF-CNB1-4,Monacanthidae,Meuschenia,galii,1
MF-CNB1-4,Monacanthidae,Meuschenia,hippocrepis,3
MF-CNB1-4,Myliobatidae,Myliobatis,australis,2
MF-CNB1-4,Labridae,Notolabrus,parilus,2
MF-CNB1-4,Labridae,Ophthalmolepis,lineolatus,11
MF-CNB1-4,Serranidae,Othos,dentex,1
MF-CNB1-4,Labridae,Pictilabrus,laticlavius,2
MF-CNB1-4,Labridae,Pseudolabrus,biserialis,4
MF-CNB1-5,Scyliorhinidae,Aulohalaelurus,labiosus,1
MF-CNB1-5,Pomacentridae,Chromis,klunzingeri,6
MF-CNB1-5,Labridae,Coris,auricularis,5
MF-CNB1-5,Cheilodactylidae,Dactylophora,nigricans,1
MF-CNB1-5,Dasyatidae,Dasyatis,brevicaudata,2
MF-CNB1-5,Muraenidae,Gymnothorax,woodwardi,2
MF-CNB1-5,Myliobatidae,Myliobatis,australis,1
MF-CNB1-5,Scorpididae,Neatypus,obliquus,1
MF-CNB1-5,Labridae,Notolabrus,parilus,1
MF-CNB1-5,Odacidae,Odax,cyanomelas,1
MF-CNB1-5,Labridae,Ophthalmolepis,lineolatus,11
MF-CNB1-5,Labridae,Pseudolabrus,biserialis,4
MF-CNB2-1,Pomacentridae,Chromis,klunzingeri,90
MF-CNB2-1,Labridae,Coris,auricularis,4
MF-CNB2-1,Dasyatidae,Dasyatis,brevicaudata,1
MF-CNB2-1,Muraenidae,Gymnothorax,woodwardi,2
MF-CNB2-1,Heterodontidae,Heterodontus,portusjacksoni,1
MF-CNB2-1,Monacanthidae,Meuschenia,galii,5
MF-CNB2-1,Monacanthidae,Meuschenia,hippocrepis,2
MF-CNB2-1,Scorpididae,Neatypus,obliquus,2
MF-CNB2-1,Cheilodactylidae,Nemadactylus,valenciennesi,1
MF-CNB2-1,Labridae,Notolabrus,parilus,3
MF-CNB2-1,Odacidae,Odax,cyanomelas,2
MF-CNB2-1,Labridae,Ophthalmolepis,lineolatus,14
MF-CNB2-1,Orectolobidae,Orectolobus,maculatus,1
MF-CNB2-1,Pomacentridae,Parma,mccullochi,1
MF-CNB2-1,Carangidae,Pseudocaranx,spp,1
MF-CNB2-1,Labridae,Pseudolabrus,biserialis,2
MF-CNB2-2,Labridae,Achoerodus,gouldii,1
MF-CNB2-2,Labridae,Bodianus,frenchii,1
MF-CNB2-2,Berycidae,Centroberyx,lineatus,4
MF-CNB2-2,Labridae,Coris,auricularis,1
MF-CNB2-2,Cheilodactylidae,Dactylophora,nigricans,1
MF-CNB2-2,Serranidae,Epinephelides,armatus,2
MF-CNB2-2,Glaucosomatidae,Glaucosoma,hebraicum,1
MF-CNB2-2,Kyphosidae,Kyphosus,sydneyanus,1
MF-CNB2-2,Monacanthidae,Meuschenia,flavolineata,1
MF-CNB2-2,Monacanthidae,Meuschenia,galii,1
MF-CNB2-2,Monacanthidae,Meuschenia,hippocrepis,6
MF-CNB2-2,Cheilodactylidae,Nemadactylus,valenciennesi,1
MF-CNB2-2,Labridae,Notolabrus,parilus,1
MF-CNB2-2,Odacidae,Odax,cyanomelas,1
MF-CNB2-2,Labridae,Ophthalmolepis,lineolatus,10
MF-CNB2-2,Pomacentridae,Parma,mccullochi,2
MF-CNB2-2,Carangidae,Pseudocaranx,spp,5
MF-CNB2-2,Labridae,Pseudolabrus,biserialis,3
MF-CNB2-2,Scorpididae,Tilodon,sexfasciatus,1
MF-CNB2-3,Scyliorhinidae,Aulohalaelurus,labiosus,1
MF-CNB2-3,Labridae,Coris,auricularis,3
MF-CNB2-3,Muraenidae,Gymnothorax,woodwardi,1
MF-CNB2-3,Labridae,Notolabrus,parilus,1
MF-CNB2-3,Labridae,Ophthalmolepis,lineolatus,6
MF-CNB2-3,Sparidae,Pagrus,auratus,1
MF-CNB2-3,Urolophidae,Trygonoptera,ovalis,1
MF-CNB2-4,Labridae,Austrolabrus,maculatus,1
MF-CNB2-4,Labridae,Coris,auricularis,4
MF-CNB2-4,Muraenidae,Gymnothorax,woodwardi,1
MF-CNB2-4,Monacanthidae,Meuschenia,galii,2
MF-CNB2-4,Monacanthidae,Meuschenia,hippocrepis,3
MF-CNB2-4,Myliobatidae,Myliobatis,australis,1
MF-CNB2-4,Labridae,Notolabrus,parilus,2
MF-CNB2-4,Odacidae,Odax,cyanomelas,1
MF-CNB2-4,Labridae,Ophthalmolepis,lineolatus,10
MF-CNB2-4,Orectolobidae,Orectolobus,maculatus,1
MF-CNB2-4,Sparidae,Pagrus,auratus,1
MF-CNB2-4,Labridae,Pictilabrus,laticlavius,1
MF-CNB2-4,Carangidae,Pseudocaranx,spp,1
MF-CNB2-4,Labridae,Pseudolabrus,biserialis,3
MF-CNB2-4,Mullidae,Upeneichthys,vlamingii,1
MF-CNB2-5,Labridae,Austrolabrus,maculatus,1
MF-CNB2-5,Labridae,Coris,auricularis,30
MF-CNB2-5,Heterodontidae,Heterodontus,portusjacksoni,1
MF-CNB2-5,Monacanthidae,Meuschenia,freycineti,1
MF-CNB2-5,Monacanthidae,Meuschenia,galii,2
MF-CNB2-5,Scorpididae,Neatypus,obliquus,3
MF-CNB2-5,Labridae,Notolabrus,parilus,1
MF-CNB2-5,Labridae,Ophthalmolepis,lineolatus,8
MF-CNB2-5,Carangidae,Pseudocaranx,spp,1
MF-CNB2-5,Labridae,Pseudolabrus,biserialis,2
MF-CNB2-5,Carangidae,Seriola,hippos,1
MF-CNB2-5,Urolophidae,Trygonoptera,ovalis,1
MF-CNB2-5,Mullidae,Upeneichthys,vlamingii,2
MF-CNB3-5,Serranidae,Acanthistius,serratus,1
MF-CNB3-5,Aulopidae,Aulopus,purpurissatus,1
MF-CNB3-5,Labridae,Austrolabrus,maculatus,2
MF-CNB3-5,Labridae,Bodianus,frenchii,1
MF-CNB3-5,Chaetodontidae,Chelmonops,curiosus,2
MF-CNB3-5,Labridae,Choerodon,rubescens,1
MF-CNB3-5,Labridae,Coris,auricularis,1
MF-CNB3-5,Muraenidae,Gymnothorax,woodwardi,1
MF-CNB3-5,Monacanthidae,Meuschenia,flavolineata,1
MF-CNB3-5,Monacanthidae,Meuschenia,galii,3
MF-CNB3-5,Monacanthidae,Meuschenia,hippocrepis,2
MF-CNB3-5,Scorpididae,Neatypus,obliquus,1
MF-CNB3-5,Labridae,Notolabrus,parilus,2
MF-CNB3-5,Odacidae,Odax,cyanomelas,1
MF-CNB3-5,Labridae,Ophthalmolepis,lineolatus,12
MF-CNB3-5,Labridae,Pseudolabrus,biserialis,4
MF-CNB3-5,Scorpididae,Tilodon,sexfasciatus,1
MF-CNB3-5,Rhinobatidae,Trygonorrhina,fasciata,1
MF-CNB4-2,Labridae,Coris,auricularis,2
MF-CNB4-2,Dasyatidae,Dasyatis,brevicaudata,1
MF-CNB4-2,Girellidae,Girella,tephraeops,1
MF-CNB4-2,Muraenidae,Gymnothorax,woodwardi,1
MF-CNB4-2,Myliobatidae,Myliobatis,australis,1
MF-CNB4-2,Cheilodactylidae,Nemadactylus,valenciennesi,2
MF-CNB4-2,Labridae,Notolabrus,parilus,3
MF-CNB4-2,Odacidae,Odax,cyanomelas,1
MF-CNB4-2,Labridae,Ophthalmolepis,lineolatus,9
MF-CNB4-2,Labridae,Pseudolabrus,biserialis,8
MF-CNB4-2,Scorpididae,Scorpis,aequipinnis,1
MF-CNB4-2,Scorpididae,Tilodon,sexfasciatus,1
MF-CNB4-2,Urolophidae,Trygonoptera,ovalis,1
MF-CNB4-5,Ostraciidae,Anoplocapros,lenticularis,1
MF-CNB4-5,Labridae,Austrolabrus,maculatus,1
MF-CNB4-5,Labridae,Bodianus,frenchii,2
MF-CNB4-5,Labridae,Coris,auricularis,3
MF-CNB4-5,Monacanthidae,Meuschenia,galii,2
MF-CNB4-5,Monacanthidae,Meuschenia,hippocrepis,6
MF-CNB4-5,Cheilodactylidae,Nemadactylus,valenciennesi,1
MF-CNB4-5,Scorpaenidae,Neosebastes,pandus,1
MF-CNB4-5,Labridae,Notolabrus,parilus,2
MF-CNB4-5,Labridae,Ophthalmolepis,lineolatus,10
MF-CNB4-5,Serranidae,Othos,dentex,1
MF-CNB4-5,Carangidae,Pseudocaranx,spp,2
MF-CNB4-5,Labridae,Pseudolabrus,biserialis,7
MF-CNB4-5,Scorpididae,Scorpis,aequipinnis,3
MF-CNB4-5,Mullidae,Upeneichthys,vlamingii,1
MF-CNB5-1,Labridae,Austrolabrus,maculatus,1
MF-CNB5-1,Chaetodontidae,Chelmonops,curiosus,2
MF-CNB5-1,Monacanthidae,Meuschenia,flavolineata,2
MF-CNB5-1,Monacanthidae,Meuschenia,galii,3
MF-CNB5-1,Monacanthidae,Meuschenia,hippocrepis,2
MF-CNB5-1,Cheilodactylidae,Nemadactylus,valenciennesi,1
MF-CNB5-1,Labridae,Notolabrus,parilus,2
MF-CNB5-1,Odacidae,Odax,cyanomelas,2
MF-CNB5-1,Labridae,Ophthalmolepis,lineolatus,16
MF-CNB5-1,Serranidae,Othos,dentex,1
MF-CNB5-1,Labridae,Pseudolabrus,biserialis,2
MF-CNB5-2,Scyliorhinidae,Aulohalaelurus,labiosus,1
MF-CNB5-2,Labridae,Austrolabrus,maculatus,1
MF-CNB5-2,Serranidae,Caesioperca,rasor,9
MF-CNB5-2,Berycidae,Centroberyx,gerrardi,1
MF-CNB5-2,Labridae,Coris,auricularis,2
MF-CNB5-2,Muraenidae,Gymnothorax,woodwardi,1
MF-CNB5-2,Kyphosidae,Kyphosus,sydneyanus,25
MF-CNB5-2,Monacanthidae,Meuschenia,galii,1
MF-CNB5-2,Monacanthidae,Meuschenia,hippocrepis,2
MF-CNB5-2,Myliobatidae,Myliobatis,australis,1
MF-CNB5-2,Labridae,Notolabrus,parilus,1
MF-CNB5-2,Labridae,Ophthalmolepis,lineolatus,8
MF-CNB5-2,Pomacentridae,Parma,mccullochi,1
MF-CNB5-2,Carangidae,Pseudocaranx,spp,4
MF-CNB5-2,Labridae,Pseudolabrus,biserialis,5
MF-CNB5-2,Scorpididae,Tilodon,sexfasciatus,1
MF-CNB5-2,Urolophidae,Trygonoptera,ovalis,1
MF-CNB5-2,Mullidae,Upeneichthys,vlamingii,1
MF-CNB5-3,Scyliorhinidae,Aulohalaelurus,labiosus,1
MF-CNB5-3,Aulopidae,Aulopus,purpurissatus,1
MF-CNB5-3,Labridae,Austrolabrus,maculatus,1
MF-CNB5-3,Labridae,Coris,auricularis,1
MF-CNB5-3,Monacanthidae,Meuschenia,galii,1
MF-CNB5-3,Monacanthidae,Meuschenia,hippocrepis,2
MF-CNB5-3,Myliobatidae,Myliobatis,australis,1
MF-CNB5-3,Labridae,Notolabrus,parilus,1
MF-CNB5-3,Odacidae,Odax,cyanomelas,1
MF-CNB5-3,Labridae,Ophthalmolepis,lineolatus,14
MF-CNB5-3,Labridae,Pictilabrus,laticlavius,1
MF-CNB5-3,Carangidae,Pseudocaranx,spp,7
MF-CNB5-3,Labridae,Pseudolabrus,biserialis,4
MF-CNB5-3,Odacidae,Siphonognathus,beddomei,1
MF-CNB5-4,Labridae,Coris,auricularis,1
MF-CNB5-4,Monacanthidae,Meuschenia,galii,2
MF-CNB5-4,Myliobatidae,Myliobatis,australis,1
MF-CNB5-4,Scorpididae,Neatypus,obliquus,1
MF-CNB5-4,Labridae,Notolabrus,parilus,2
MF-CNB5-4,Odacidae,Odax,cyanomelas,1
MF-CNB5-4,Labridae,Ophthalmolepis,lineolatus,6
MF-CNB5-4,Labridae,Pseudolabrus,biserialis,3
MF-CNB5-4,Scorpididae,Scorpis,aequipinnis,1
MF-CNB5-4,Carangidae,Seriola,hippos,1
MF-CNB5-5,Labridae,Bodianus,frenchii,1
MF-CNB5-5,Pomacentridae,Chromis,klunzingeri,26
MF-CNB5-5,Labridae,Coris,auricularis,1
MF-CNB5-5,Monacanthidae,Meuschenia,hippocrepis,3
MF-CNB5-5,Labridae,Notolabrus,parilus,1
MF-CNB5-5,Labridae,Ophthalmolepis,lineolatus,9
MF-CNB5-5,Serranidae,Othos,dentex,1
MF-CNB5-5,Pomacentridae,Parma,mccullochi,1
MF-CNB5-5,Carangidae,Pseudocaranx,spp,5
MF-CNB5-5,Labridae,Pseudolabrus,biserialis,4
MF-CNB5-5,Plesiopidae,Trachinops,noarlungae,54
MF-CNB6-1,Ostraciidae,Anoplocapros,lenticularis,1
MF-CNB6-1,Labridae,Austrolabrus,maculatus,1
MF-CNB6-1,Serranidae,Caesioperca,rasor,2
MF-CNB6-1,Berycidae,Centroberyx,lineatus,1
MF-CNB6-1,Labridae,Coris,auricularis,1
MF-CNB6-1,Muraenidae,Gymnothorax,prasinus,1
MF-CNB6-1,Heterodontidae,Heterodontus,portusjacksoni,1
MF-CNB6-1,Kyphosidae,Kyphosus,sydneyanus,1
MF-CNB6-1,Monacanthidae,Meuschenia,galii,3
MF-CNB6-1,Monacanthidae,Meuschenia,hippocrepis,6
MF-CNB6-1,Scorpididae,Neatypus,obliquus,1
MF-CNB6-1,Labridae,Notolabrus,parilus,1
MF-CNB6-1,Labridae,Ophthalmolepis,lineolatus,6
MF-CNB6-1,Pomacentridae,Parma,mccullochi,1
MF-CNB6-1,Labridae,Pictilabrus,laticlavius,1
MF-CNB6-1,Carangidae,Pseudocaranx,spp,1
MF-CNB6-1,Labridae,Pseudolabrus,biserialis,6
MF-CNB6-1,Scorpididae,Scorpis,aequipinnis,2
MF-CNB6-2,Serranidae,Acanthistius,serratus,1
MF-CNB6-2,Labridae,Austrolabrus,maculatus,2
MF-CNB6-2,Labridae,Bodianus,frenchii,1
MF-CNB6-2,Chaetodontidae,Chelmonops,curiosus,1
MF-CNB6-2,Labridae,Coris,auricularis,2
MF-CNB6-2,Dinolestidae,Dinolestes,lewini,15
MF-CNB6-2,Girellidae,Girella,tephraeops,1
MF-CNB6-2,Muraenidae,Gymnothorax,prasinus,1
MF-CNB6-2,Monacanthidae,Meuschenia,galii,1
MF-CNB6-2,Monacanthidae,Meuschenia,hippocrepis,2
MF-CNB6-2,Cheilodactylidae,Nemadactylus,valenciennesi,1
MF-CNB6-2,Labridae,Notolabrus,parilus,1
MF-CNB6-2,Odacidae,Odax,cyanomelas,1
MF-CNB6-2,Labridae,Ophthalmolepis,lineolatus,8
MF-CNB6-2,Serranidae,Othos,dentex,1
MF-CNB6-2,Pomacentridae,Parma,mccullochi,1
MF-CNB6-2,Carangidae,Pseudocaranx,spp,10
MF-CNB6-2,Labridae,Pseudolabrus,biserialis,6
MF-CNB6-2,Scorpididae,Tilodon,sexfasciatus,1
MF-CNB6-2,Rhinobatidae,Trygonorrhina,fasciata,1
MF-CNB6-3,Labridae,Austrolabrus,maculatus,1
MF-CNB6-3,Labridae,Bodianus,frenchii,1
MF-CNB6-3,Chaetodontidae,Chelmonops,curiosus,1
MF-CNB6-3,Labridae,Coris,auricularis,1
MF-CNB6-3,Muraenidae,Gymnothorax,prasinus,1
MF-CNB6-3,Monacanthidae,Meuschenia,galii,1
MF-CNB6-3,Scorpaenidae,Neosebastes,pandus,1
MF-CNB6-3,Odacidae,Odax,cyanomelas,1
MF-CNB6-3,Labridae,Ophthalmolepis,lineolatus,6
MF-CNB6-3,Parascylliidae,Parascyllium,ferrugineum,1
MF-CNB6-3,Labridae,Pictilabrus,laticlavius,1
MF-CNB6-3,Carangidae,Pseudocaranx,spp,2
MF-CNB6-3,Labridae,Pseudolabrus,biserialis,2
MF-CNB6-4,Berycidae,Centroberyx,lineatus,2
MF-CNB6-4,Labridae,Coris,auricularis,1
MF-CNB6-4,Glaucosomatidae,Glaucosoma,hebraicum,1
MF-CNB6-4,Muraenidae,Gymnothorax,prasinus,1
MF-CNB6-4,Monacanthidae,Meuschenia,hippocrepis,1
MF-CNB6-4,Scorpididae,Neatypus,obliquus,2
MF-CNB6-4,Labridae,Notolabrus,parilus,1
MF-CNB6-4,Odacidae,Odax,cyanomelas,2
MF-CNB6-4,Labridae,Ophthalmolepis,lineolatus,8
MF-CNB6-4,Carangidae,Pseudocaranx,spp,6
MF-CNB6-4,Labridae,Pseudolabrus,biserialis,4
MF-CNB7-1,Labridae,Austrolabrus,maculatus,1
MF-CNB7-1,Labridae,Bodianus,frenchii,1
MF-CNB7-1,Monacanthidae,Meuschenia,galii,1
MF-CNB7-1,Cheilodactylidae,Nemadactylus,valenciennesi,1
MF-CNB7-1,Labridae,Notolabrus,parilus,2
MF-CNB7-1,Odacidae,Odax,cyanomelas,1
MF-CNB7-1,Labridae,Ophthalmolepis,lineolatus,4
MF-CNB7-1,Serranidae,Othos,dentex,1
MF-CNB7-1,Pomacentridae,Parma,mccullochi,1
MF-CNB7-1,Labridae,Pictilabrus,laticlavius,1
MF-CNB7-1,Carangidae,Pseudocaranx,spp,10
MF-CNB7-1,Labridae,Pseudolabrus,biserialis,5
MF-CNB7-1,Urolophidae,Trygonoptera,ovalis,1
MF-CNB7-2,Labridae,Bodianus,frenchii,1
MF-CNB7-2,Serranidae,Caesioperca,rasor,5
MF-CNB7-2,Chaetodontidae,Chelmonops,curiosus,2
MF-CNB7-2,Pomacentridae,Chromis,klunzingeri,8
MF-CNB7-2,Serranidae,Epinephelides,armatus,1
MF-CNB7-2,Muraenidae,Gymnothorax,prasinus,1
MF-CNB7-2,Monacanthidae,Meuschenia,flavolineata,1
MF-CNB7-2,Monacanthidae,Meuschenia,galii,1
MF-CNB7-2,Monacanthidae,Meuschenia,hippocrepis,1
MF-CNB7-2,Myliobatidae,Myliobatis,australis,1
MF-CNB7-2,Scorpididae,Neatypus,obliquus,8
MF-CNB7-2,Labridae,Notolabrus,parilus,1
MF-CNB7-2,Labridae,Ophthalmolepis,lineolatus,2
MF-CNB7-2,Serranidae,Othos,dentex,14
MF-CNB7-2,Pomacentridae,Parma,mccullochi,1
MF-CNB7-2,Carangidae,Pseudocaranx,spp,2
MF-CNB7-2,Labridae,Pseudolabrus,biserialis,7
MF-CNB7-3,Labridae,Austrolabrus,maculatus,1
MF-CNB7-3,Serranidae,Epinephelides,armatus,1
MF-CNB7-3,Monacanthidae,Meuschenia,flavolineata,2
MF-CNB7-3,Monacanthidae,Meuschenia,galii,1
MF-CNB7-3,Monacanthidae,Meuschenia,hippocrepis,1
MF-CNB7-3,Myliobatidae,Myliobatis,australis,1
MF-CNB7-3,Labridae,Notolabrus,parilus,1
MF-CNB7-3,Odacidae,Odax,cyanomelas,1
MF-CNB7-3,Labridae,Ophthalmolepis,lineolatus,12
MF-CNB7-3,Orectolobidae,Orectolobus,maculatus,1
MF-CNB7-3,Labridae,Pictilabrus,laticlavius,2
MF-CNB7-3,Carangidae,Pseudocaranx,spp,2
MF-CNB7-3,Labridae,Pseudolabrus,biserialis,5
MF-CNB7-4,Muraenidae,Gymnothorax,prasinus,1
MF-CNB7-4,Monacanthidae,Meuschenia,galii,1
MF-CNB7-4,Myliobatidae,Myliobatis,australis,1
MF-CNB7-4,Labridae,Notolabrus,parilus,2
MF-CNB7-4,Odacidae,Odax,cyanomelas,1
MF-CNB7-4,Labridae,Ophthalmolepis,lineolatus,8
MF-CNB7-4,Labridae,Pictilabrus,laticlavius,1
MF-CNB7-4,Carangidae,Pseudocaranx,spp,3
MF-CNB7-4,Labridae,Pseudolabrus,biserialis,1
MF-CNB7-4,Carangidae,Seriola,hippos,1
MF-CNB7-5,Serranidae,Caesioperca,rasor,5
MF-CNB7-5,Pomacentridae,Chromis,klunzingeri,6
MF-CNB7-5,Labridae,Coris,auricularis,1
MF-CNB7-5,Serranidae,Epinephelides,armatus,1
MF-CNB7-5,Girellidae,Girella,tephraeops,1
MF-CNB7-5,Monacanthidae,Meuschenia,galii,1
MF-CNB7-5,Monacanthidae,Meuschenia,hippocrepis,2
MF-CNB7-5,Myliobatidae,Myliobatis,australis,1
MF-CNB7-5,Cheilodactylidae,Nemadactylus,valenciennesi,1
MF-CNB7-5,Labridae,Notolabrus,parilus,1
MF-CNB7-5,Labridae,Ophthalmolepis,lineolatus,5
MF-CNB7-5,Sparidae,Pagrus,auratus,1
MF-CNB7-5,Pomacentridae,Parma,mccullochi,1
MF-CNB7-5,Carangidae,Pseudocaranx,spp,3
MF-CNB7-5,Labridae,Pseudolabrus,biserialis,4
MF-CNB7-5,Carangidae,Seriola,hippos,1
MF-CNB7-5,Plesiopidae,Trachinops,noarlungae,100
MF-GB018,Monacanthidae,Acanthaluteres,spilomelanurus,6
MF-GB018,Labridae,Coris,auricularis,3
MF-GB018,Heterodontidae,Heterodontus,portusjacksoni,1
MF-GB018,Scorpididae,Neatypus,obliquus,1
MF-GB018,Labridae,Notolabrus,parilus,1
MF-GB018,Labridae,Ophthalmolepis,lineolatus,3
MF-GB018,Gerreidae,Parequula,melbournensis,8
MF-GB018,Carangidae,Pseudocaranx,spp,17
MF-GB018,Urolophidae,Trygonoptera,ovalis,1
MF-GB018,Rhinobatidae,Trygonorrhina,fasciata,1
MF-GB018,Mullidae,Upeneichthys,vlamingii,3
MF-GB019,Monacanthidae,Acanthaluteres,spilomelanurus,11
MF-GB019,Labridae,Coris,auricularis,7
MF-GB019,Dasyatidae,Dasyatis,brevicaudata,1
MF-GB019,Labridae,Notolabrus,parilus,1
MF-GB019,Labridae,Ophthalmolepis,lineolatus,3
MF-GB019,Gerreidae,Parequula,melbournensis,8
MF-GB019,Carangidae,Pseudocaranx,spp,9
MF-GB019,Urolophidae,Trygonoptera,ovalis,1
MF-GB019,Rhinobatidae,Trygonorrhina,fasciata,2
MF-GB019,Mullidae,Upeneichthys,vlamingii,11
MF-GB036,Labridae,Bodianus,frenchii,1
MF-GB036,Pomacentridae,Chromis,klunzingeri,3
MF-GB036,Labridae,Coris,auricularis,6
MF-GB036,Dasyatidae,Dasyatis,brevicaudata,1
MF-GB036,Heterodontidae,Heterodontus,portusjacksoni,1
MF-GB036,Monacanthidae,Meuschenia,flavolineata,1
MF-GB036,Monacanthidae,Meuschenia,galii,1
MF-GB036,Myliobatidae,Myliobatis,australis,2
MF-GB036,Scorpididae,Neatypus,obliquus,2
MF-GB036,Labridae,Notolabrus,parilus,3
MF-GB036,Labridae,Ophthalmolepis,lineolatus,6
MF-GB036,Pomacentridae,Parma,mccullochi,1
MF-GB036,Carangidae,Pseudocaranx,spp,5
MF-GB036,Labridae,Pseudolabrus,biserialis,4
MF-GB036,Carangidae,Seriola,hippos,1
MF-GB036,Rhinobatidae,Trygonorrhina,fasciata,1
MF-GB036,Mullidae,Upeneichthys,vlamingii,2
MF-GB037,Labridae,Coris,auricularis,3
MF-GB037,Scorpididae,Neatypus,obliquus,3
MF-GB037,Labridae,Notolabrus,parilus,1
MF-GB037,Labridae,Ophthalmolepis,lineolatus,6
MF-GB037,Gerreidae,Parequula,melbournensis,2
MF-GB037,Carangidae,Pseudocaranx,spp,8
MF-GB037,Labridae,Pseudolabrus,biserialis,1
MF-GB037,Monacanthidae,Scobinichthys,granulatus,1
MF-GB037,Rhinobatidae,Trygonorrhina,fasciata,1
MF-GB037,Mullidae,Upeneichthys,vlamingii,7
MF-GB043,Monacanthidae,Acanthaluteres,spilomelanurus,2
MF-GB043,Labridae,Coris,auricularis,3
MF-GB043,Myliobatidae,Myliobatis,australis,1
MF-GB043,Labridae,Ophthalmolepis,lineolatus,1
MF-GB043,Gerreidae,Parequula,melbournensis,4
MF-GB043,Monacanthidae,Scobinichthys,granulatus,2
MF-GB043,Carangidae,Seriola,hippos,1
MF-GB043,Carangidae,Trachurus,novaezelandiae,72
MF-GB043,Rhinobatidae,Trygonorrhina,fasciata,1
MF-GB043,Mullidae,Upeneichthys,vlamingii,1
MF-GB044,Ostraciidae,Anoplocapros,amygdaloides,1
MF-GB044,Labridae,Coris,auricularis,2
MF-GB044,Cheilodactylidae,Dactylophora,nigricans,1
MF-GB044,Myliobatidae,Myliobatis,australis,2
MF-GB044,Monacanthidae,Nelusetta,ayraudi,2
MF-GB044,Gerreidae,Parequula,melbournensis,5
MF-GB044,Carangidae,Pseudocaranx,spp,13
MF-GB044,Rhinobatidae,Trygonorrhina,fasciata,2
MF-GB047,Diodontidae,Allomycterus,pilatus,1
MF-GB047,Pomacentridae,Chromis,klunzingeri,10
MF-GB047,Labridae,Coris,auricularis,10
MF-GB047,Enoplosidae,Enoplosus,armatus,2
MF-GB047,Heterodontidae,Heterodontus,portusjacksoni,2
MF-GB047,Myliobatidae,Myliobatis,australis,1
MF-GB047,Scorpididae,Neatypus,obliquus,1
MF-GB047,Labridae,Notolabrus,parilus,2
MF-GB047,Labridae,Ophthalmolepis,lineolatus,2
MF-GB047,Gerreidae,Parequula,melbournensis,1
MF-GB047,Pempherididae,Pempheris,klunzingeri,1
MF-GB047,Carangidae,Pseudocaranx,spp,12
MF-GB047,Labridae,Pseudolabrus,biserialis,3
MF-GB047,Monacanthidae,Scobinichthys,granulatus,1
MF-GB047,Carangidae,Trachurus,novaezelandiae,1
MF-GB047,Rhinobatidae,Trygonorrhina,fasciata,2
MF-GB047,Mullidae,Upeneichthys,vlamingii,3
MF-GB057,Pomacentridae,Chromis,klunzingeri,2
MF-GB057,Labridae,Coris,auricularis,5
MF-GB057,Myliobatidae,Myliobatis,australis,2
MF-GB057,Labridae,Ophthalmolepis,lineolatus,2
MF-GB057,Gerreidae,Parequula,melbournensis,3
MF-GB057,Labridae,Pseudolabrus,biserialis,2
MF-GB057,Urolophidae,Trygonoptera,personata,1
MF-GB057,Rhinobatidae,Trygonorrhina,fasciata,1
MF-GB057,Mullidae,Upeneichthys,vlamingii,8
MF-GB058,Labridae,Coris,auricularis,10
MF-GB058,Myliobatidae,Myliobatis,australis,1
MF-GB058,Labridae,Notolabrus,parilus,1
MF-GB058,Gerreidae,Parequula,melbournensis,2
MF-GB058,Labridae,Pseudolabrus,biserialis,3
MF-GB058,Carangidae,Seriola,hippos,1
MF-GB058,Rhinobatidae,Trygonorrhina,fasciata,1
MF-GB058,Mullidae,Upeneichthys,vlamingii,1
MF-GB061,Monacanthidae,Acanthaluteres,spilomelanurus,4
MF-GB061,Labridae,Coris,auricularis,1
MF-GB061,Heterodontidae,Heterodontus,portusjacksoni,1
MF-GB061,Monacanthidae,Meuschenia,venusta,3
MF-GB061,Myliobatidae,Myliobatis,australis,1
MF-GB061,Monacanthidae,Nelusetta,ayraudi,17
MF-GB061,Labridae,Ophthalmolepis,lineolatus,1
MF-GB061,Gerreidae,Parequula,melbournensis,30
MF-GB061,Carangidae,Pseudocaranx,spp,7
MF-GB061,Monacanthidae,Scobinichthys,granulatus,1
MF-GB061,Rhinobatidae,Trygonorrhina,fasciata,2
MF-GB064,Monacanthidae,Acanthaluteres,spilomelanurus,10
MF-GB064,Labridae,Coris,auricularis,2
MF-GB064,Cheilodactylidae,Dactylophora,nigricans,1
MF-GB064,Dasyatidae,Dasyatis,brevicaudata,1
MF-GB064,Myliobatidae,Myliobatis,australis,1
MF-GB064,Gerreidae,Parequula,melbournensis,5
MF-GB064,Pempherididae,Pempheris,klunzingeri,100
MF-GB064,Carangidae,Seriola,hippos,2
MF-GB064,Carangidae,Trachurus,novaezelandiae,1
MF-GB064,Rhinobatidae,Trygonorrhina,fasciata,2
MF-GB064,Mullidae,Upeneichthys,vlamingii,1
MF-GB074,Labridae,Choerodon,rubescens,1
MF-GB074,Labridae,Coris,auricularis,4
MF-GB074,Cheilodactylidae,Dactylophora,nigricans,1
MF-GB074,Oplegnathidae,Oplegnathus,woodwardi,1
MF-GB074,Sparidae,Pagrus,auratus,2
MF-GB074,Gerreidae,Parequula,melbournensis,6
MF-GB074,Carangidae,Pseudocaranx,spp,2
MF-GB074,Carangidae,Seriola,hippos,1
MF-GB074,Urolophidae,Trygonoptera,ovalis,1
MF-GB074,Rhinobatidae,Trygonorrhina,fasciata,1
MF-GB077,Monacanthidae,Acanthaluteres,spilomelanurus,1
MF-GB077,Myliobatidae,Myliobatis,australis,1
MF-GB077,Scorpididae,Neatypus,obliquus,1
MF-GB077,Monacanthidae,Nelusetta,ayraudi,8
MF-GB077,Orectolobidae,Orectolobus,ornatus,1
MF-GB077,Gerreidae,Parequula,melbournensis,13
MF-GB077,Platycephalidae,Platycephalus,spp,1
MF-GB077,Carangidae,Pseudocaranx,spp,7
MF-GB077,Rhinobatidae,Trygonorrhina,fasciata,1
MF-GB077,Mullidae,Upeneichthys,vlamingii,1
MF-GB080,Monacanthidae,Acanthaluteres,spilomelanurus,10
MF-GB080,Labridae,Coris,auricularis,2
MF-GB080,Cheilodactylidae,Dactylophora,nigricans,1
MF-GB080,Myliobatidae,Myliobatis,australis,1
MF-GB080,Scorpididae,Neatypus,obliquus,1
MF-GB080,Labridae,Notolabrus,parilus,1
MF-GB080,Labridae,Ophthalmolepis,lineolatus,3
MF-GB080,Gerreidae,Parequula,melbournensis,50
MF-GB080,Carangidae,Pseudocaranx,spp,1
MF-GB080,Monacanthidae,Scobinichthys,granulatus,1
MF-GB080,Carangidae,Trachurus,novaezelandiae,2
MF-GB080,Rhinobatidae,Trygonorrhina,fasciata,1
MF-GB080,Mullidae,Upeneichthys,vlamingii,1
MF-GB091,Monacanthidae,Acanthaluteres,spilomelanurus,1
MF-GB091,Monacanthidae,Meuschenia,freycineti,1
MF-GB091,Myliobatidae,Myliobatis,australis,1
MF-GB091,Monacanthidae,Nelusetta,ayraudi,9
MF-GB091,Gerreidae,Parequula,melbournensis,5
MF-GB091,Platycephalidae,Platycephalus,spp,3
MF-GB091,Carangidae,Pseudocaranx,spp,11
MF-GB091,Sillaginidae,Sillago,spp,7
MF-GB091,Carangidae,Trachurus,novaezelandiae,50
MF-GB091,Rhinobatidae,Trygonorrhina,fasciata,1
MF-GB091,Zeidae,Zeus,faber,1
MF-GB101,Labridae,Achoerodus,gouldii,1
MF-GB101,Labridae,Coris,auricularis,3
MF-GB101,Cheilodactylidae,Dactylophora,nigricans,2
MF-GB101,Heterodontidae,Heterodontus,portusjacksoni,1
MF-GB101,Myliobatidae,Myliobatis,australis,2
MF-GB101,Monacanthidae,Nelusetta,ayraudi,2
MF-GB101,Labridae,Ophthalmolepis,lineolatus,1
MF-GB101,Gerreidae,Parequula,melbournensis,9
MF-GB101,Carangidae,Pseudocaranx,spp,1
MF-GB101,Carangidae,Seriola,hippos,1
MF-GB101,Urolophidae,Trygonoptera,ovalis,1
MF-GB101,Rhinobatidae,Trygonorrhina,fasciata,3
MF-GB101,Mullidae,Upeneichthys,vlamingii,6
MF-GB104,Monacanthidae,Acanthaluteres,spilomelanurus,2
MF-GB104,Myliobatidae,Myliobatis,australis,1
MF-GB104,Monacanthidae,Nelusetta,ayraudi,23
MF-GB104,Gerreidae,Parequula,melbournensis,3
MF-GB104,Carangidae,Pseudocaranx,spp,5
MF-GB104,Monacanthidae,Scobinichthys,granulatus,1
MF-GB104,Sillaginidae,Sillaginodes,punctata,4
MF-GB104,Sillaginidae,Sillago,spp,2
MF-GB104,Carangidae,Trachurus,novaezelandiae,50
MF-GB104,Rhinobatidae,Trygonorrhina,fasciata,2
MF-GB104,Mullidae,Upeneichthys,vlamingii,1
MF-GB109,Ostraciidae,Aracana,aurita,1
MF-GB109,Tetraodontidae,Contusus,brevicaudus,1
MF-GB109,Monacanthidae,Nelusetta,ayraudi,20
MF-GB109,Gerreidae,Parequula,melbournensis,3
MF-GB109,Platycephalidae,Platycephalus,spp,2
MF-GB109,Carangidae,Pseudocaranx,spp,25
MF-GB109,Monacanthidae,Scobinichthys,granulatus,1
MF-GB109,Carangidae,Seriola,hippos,1
MF-GB109,Sillaginidae,Sillaginodes,punctata,2
MF-GB109,Carangidae,Trachurus,novaezelandiae,6
MF-GB109,Rhinobatidae,Trygonorrhina,fasciata,1
MF-GB109,Mullidae,Upeneichthys,vlamingii,2
MF-GB112,Ostraciidae,Anoplocapros,amygdaloides,1
MF-GB112,Dasyatidae,Dasyatis,brevicaudata,1
MF-GB112,Monacanthidae,Nelusetta,ayraudi,5
MF-GB112,Gerreidae,Parequula,melbournensis,6
MF-GB112,Carangidae,Pseudocaranx,spp,6
MF-GB112,Rhinobatidae,Trygonorrhina,fasciata,1
MF-GB113,Labridae,Bodianus,frenchii,1
MF-GB113,Labridae,Coris,auricularis,2
MF-GB113,Dasyatidae,Dasyatis,brevicaudata,1
MF-GB113,Serranidae,Epinephelides,armatus,1
MF-GB113,Scorpididae,Neatypus,obliquus,2
MF-GB113,Cheilodactylidae,Nemadactylus,valenciennesi,1
MF-GB113,Labridae,Notolabrus,parilus,1
MF-GB113,Orectolobidae,Orectolobus,ornatus,1
MF-GB113,Sparidae,Pagrus,auratus,1
MF-GB113,Carangidae,Pseudocaranx,spp,10
MF-GB113,Labridae,Pseudolabrus,biserialis,4
MF-GB113,Carangidae,Seriola,hippos,1
MF-GB113,Rhinobatidae,Trygonorrhina,fasciata,2
MF-GB126,Dasyatidae,Dasyatis,brevicaudata,2
MF-GB126,Labridae,Ophthalmolepis,lineolatus,1
MF-GB126,Gerreidae,Parequula,melbournensis,13
MF-GB126,Carangidae,Seriola,hippos,2
MF-GB126,Carangidae,Trachurus,novaezelandiae,8
MF-GB128,Monacanthidae,Nelusetta,ayraudi,2
MF-GB128,Gerreidae,Parequula,melbournensis,30
MF-GB128,Platycephalidae,Platycephalus,spp,1
MF-GB128,Carangidae,Pseudocaranx,spp,2
MF-GB128,Rhinobatidae,Trygonorrhina,fasciata,2
MF-GB128,Mullidae,Upeneichthys,vlamingii,1
MF-GB134,Myliobatidae,Myliobatis,australis,2
MF-GB134,Monacanthidae,Nelusetta,ayraudi,2
MF-GB134,Gerreidae,Parequula,melbournensis,6
MF-GB134,Platycephalidae,Platycephalus,spp,2
MF-GB134,Carangidae,Pseudocaranx,spp,1
MF-GB134,Paralichthyidae,Pseudorhombus,jenynsii,1
MF-GB145,Dasyatidae,Dasyatis,brevicaudata,1
MF-GB145,Monacanthidae,Nelusetta,ayraudi,17
MF-GB145,Scorpaenidae,Neosebastes,pandus,1
MF-GB145,Gerreidae,Parequula,melbournensis,4
MF-GB145,Platycephalidae,Platycephalus,spp,2
MF-GB145,Carangidae,Pseudocaranx,spp,27
MF-GB145,Monacanthidae,Scobinichthys,granulatus,1
MF-GB145,Sillaginidae,Sillaginodes,punctata,3
MF-GB145,Carangidae,Trachurus,novaezelandiae,1
MF-GB145,Rhinobatidae,Trygonorrhina,fasciata,1
MF-GB145,Mullidae,Upeneichthys,vlamingii,2
MF-GB168,Ostraciidae,Anoplocapros,amygdaloides,1
MF-GB168,Rhinobatidae,Aptychotrema,vincentiana,1
MF-GB168,Monacanthidae,Nelusetta,ayraudi,5
MF-GB168,Gerreidae,Parequula,melbournensis,2
MF-GB168,Platycephalidae,Platycephalus,spp,1
MF-GB168,Carangidae,Pseudocaranx,spp,8
MF-GB168,Sillaginidae,Sillago,spp,10
MF-GB168,Carangidae,Trachurus,novaezelandiae,2
MF-GB168,Rhinobatidae,Trygonorrhina,fasciata,1
MF-GB173,Ostraciidae,Anoplocapros,amygdaloides,1
MF-GB173,Dasyatidae,Dasyatis,brevicaudata,1
MF-GB173,Monacanthidae,Nelusetta,ayraudi,8
MF-GB173,Platycephalidae,Platycephalus,spp,1
MF-GB173,Carangidae,Pseudocaranx,spp,15
MF-GB173,Monacanthidae,Scobinichthys,granulatus,1
MF-GB173,Sillaginidae,Sillaginodes,punctata,3
MF-GB173,Sillaginidae,Sillago,spp,2
MF-GB173,Carangidae,Trachurus,novaezelandiae,100
MF-GB173,Rhinobatidae,Trygonorrhina,fasciata,1
MF-GB192,Caesioscorpididae,Caesioscorpis,theagenes,1
MF-GB192,Labridae,Coris,auricularis,1
MF-GB192,Dasyatidae,Dasyatis,brevicaudata,1
MF-GB192,Monacanthidae,Nelusetta,ayraudi,13
MF-GB192,Gerreidae,Parequula,melbournensis,3
MF-GB192,Platycephalidae,Platycephalus,spp,2
MF-GB192,Carangidae,Pseudocaranx,spp,7
MF-GB192,Sillaginidae,Sillago,spp,100
MF-GB192,Carangidae,Trachurus,novaezelandiae,70
MF-GB192,Rhinobatidae,Trygonorrhina,fasciata,1
MF-GB199,Monacanthidae,Acanthaluteres,spilomelanurus,3
MF-GB199,Dasyatidae,Dasyatis,brevicaudata,1
MF-GB199,Monacanthidae,Meuschenia,venusta,2
MF-GB199,Monacanthidae,Nelusetta,ayraudi,10
MF-GB199,Gerreidae,Parequula,melbournensis,6
MF-GB199,Terapontidae,Pelates,sexlineatus,4
MF-GB199,Platycephalidae,Platycephalus,spp,1
MF-GB199,Carangidae,Pseudocaranx,spp,20
MF-GB199,Sillaginidae,Sillaginodes,punctata,7
MF-GB199,Carangidae,Trachurus,novaezelandiae,7
MF-GB199,Rhinobatidae,Trygonorrhina,fasciata,2
MF-GB199,Mullidae,Upeneichthys,vlamingii,2
MF-GB221,Ostraciidae,Anoplocapros,lenticularis,1
MF-GB221,Ostraciidae,Anoplocapros,amygdaloides,1
MF-GB221,Rhinobatidae,Aptychotrema,vincentiana,1
MF-GB221,Dasyatidae,Dasyatis,brevicaudata,2
MF-GB221,Triakidae,Mustelus,antarcticus,1
MF-GB221,Myliobatidae,Myliobatis,australis,1
MF-GB221,Monacanthidae,Nelusetta,ayraudi,4
MF-GB221,Gerreidae,Parequula,melbournensis,5
MF-GB221,Platycephalidae,Platycephalus,spp,3
MF-GB221,Carangidae,Pseudocaranx,spp,3
MF-GB221,Carangidae,Seriola,hippos,2
MF-GB221,Sillaginidae,Sillaginodes,punctata,11
MF-GB221,Rhinobatidae,Trygonorrhina,fasciata,3
MF-GB228,Labridae,Austrolabrus,maculatus,1
MF-GB228,Labridae,Bodianus,frenchii,1
MF-GB228,Chaetodontidae,Chelmonops,curiosus,2
MF-GB228,Labridae,Coris,auricularis,2
MF-GB228,Enoplosidae,Enoplosus,armatus,2
MF-GB228,Serranidae,Epinephelides,armatus,2
MF-GB228,Monacanthidae,Eubalichthys,mosaicus,1
MF-GB228,Serranidae,Hypoplectrodes,nigroruber,1
MF-GB228,Scorpaenidae,Neosebastes,pandus,1
MF-GB228,Labridae,Notolabrus,parilus,1
MF-GB228,Labridae,Ophthalmolepis,lineolatus,1
MF-GB228,Sparidae,Pagrus,auratus,3
MF-GB228,Plesiopidae,Paraplesiops,meleagris,1
MF-GB228,Pomacentridae,Parma,mccullochi,1
MF-GB228,Mullidae,Parupeneus,chrysopleuron,1
MF-GB228,Labridae,Pseudolabrus,biserialis,5
MF-GB228,Plesiopidae,Trachinops,noarlungae,50
MF-GB228,Rhinobatidae,Trygonorrhina,fasciata,1
MF-INB1-1,Dasyatidae,Dasyatis,brevicaudata,1
MF-INB1-1,Sparidae,Pagrus,auratus,1
MF-INB1-1,Carangidae,Pseudocaranx,spp,28
MF-INB1-2,Ostraciidae,Anoplocapros,lenticularis,1
MF-INB1-2,Dasyatidae,Dasyatis,brevicaudata,1
MF-INB1-2,Platycephalidae,Platycephalus,spp,2
MF-INB1-3,Aulopidae,Aulopus,purpurissatus,2
MF-INB1-3,Labridae,Austrolabrus,maculatus,1
MF-INB1-3,Labridae,Bodianus,frenchii,2
MF-INB1-3,Serranidae,Caesioperca,rasor,3
MF-INB1-3,Chaetodontidae,Chelmonops,curiosus,2
MF-INB1-3,Labridae,Choerodon,rubescens,1
MF-INB1-3,Pomacentridae,Chromis,klunzingeri,7
MF-INB1-3,Labridae,Coris,auricularis,3
MF-INB1-3,Dinolestidae,Dinolestes,lewini,35
MF-INB1-3,Serranidae,Epinephelides,armatus,1
MF-INB1-3,Girellidae,Girella,tephraeops,2
MF-INB1-3,Girellidae,Girella,zebra,1
MF-INB1-3,Kyphosidae,Kyphosus,sydneyanus,1
MF-INB1-3,Monacanthidae,Meuschenia,galii,2
MF-INB1-3,Monacanthidae,Meuschenia,hippocrepis,2
MF-INB1-3,Myliobatidae,Myliobatis,australis,1
MF-INB1-3,Scorpididae,Neatypus,obliquus,6
MF-INB1-3,Cheilodactylidae,Nemadactylus,valenciennesi,1
MF-INB1-3,Labridae,Notolabrus,parilus,1
MF-INB1-3,Labridae,Ophthalmolepis,lineolatus,3
MF-INB1-3,Sparidae,Pagrus,auratus,2
MF-INB1-3,Plesiopidae,Paraplesiops,meleagris,1
MF-INB1-3,Pomacentridae,Parma,mccullochi,1
MF-INB1-3,Pempherididae,Pempheris,klunzingeri,2
MF-INB1-3,Haemulidae,Plectorhinchus,flavomaculatus,2
MF-INB1-3,Carangidae,Pseudocaranx,spp,4
MF-INB1-3,Labridae,Pseudolabrus,biserialis,4
MF-INB1-3,Scorpididae,Scorpis,georgiana,2
MF-INB1-3,Plesiopidae,Trachinops,noarlungae,100
MF-INB1-4,Labridae,Achoerodus,gouldii,1
MF-INB1-4,Labridae,Bodianus,frenchii,1
MF-INB1-4,Berycidae,Centroberyx,lineatus,3
MF-INB1-4,Labridae,Coris,auricularis,1
MF-INB1-4,Dasyatidae,Dasyatis,brevicaudata,1
MF-INB1-4,Serranidae,Epinephelides,armatus,2
MF-INB1-4,Serranidae,Hypoplectrodes,nigroruber,1
MF-INB1-4,Monacanthidae,Meuschenia,hippocrepis,1
MF-INB1-4,Scorpididae,Neatypus,obliquus,34
MF-INB1-4,Cheilodactylidae,Nemadactylus,valenciennesi,1
MF-INB1-4,Labridae,Notolabrus,parilus,1
MF-INB1-4,Labridae,Ophthalmolepis,lineolatus,5
MF-INB1-4,Serranidae,Othos,dentex,1
MF-INB1-4,Pomacentridae,Parma,mccullochi,2
MF-INB1-4,Carangidae,Pseudocaranx,spp,1
MF-INB1-4,Labridae,Pseudolabrus,biserialis,12
MF-INB1-5,Ostraciidae,Anoplocapros,amygdaloides,1
MF-INB1-5,Sparidae,Pagrus,auratus,2
MF-INB1-5,Carangidae,Pseudocaranx,spp,20
MF-INB1-5,Carangidae,Seriola,hippos,2
MF-INB2-1,Labridae,Bodianus,frenchii,1
MF-INB2-1,Labridae,Coris,auricularis,1
MF-INB2-1,Dasyatidae,Dasyatis,brevicaudata,1
MF-INB2-1,Girellidae,Girella,zebra,2
MF-INB2-1,Monacanthidae,Meuschenia,flavolineata,2
MF-INB2-1,Monacanthidae,Meuschenia,galii,1
MF-INB2-1,Monacanthidae,Meuschenia,hippocrepis,3
MF-INB2-1,Scorpididae,Neatypus,obliquus,8
MF-INB2-1,Labridae,Notolabrus,parilus,2
MF-INB2-1,Odacidae,Odax,cyanomelas,1
MF-INB2-1,Labridae,Ophthalmolepis,lineolatus,25
MF-INB2-1,Orectolobidae,Orectolobus,maculatus,1
MF-INB2-1,Labridae,Pictilabrus,laticlavius,2
MF-INB2-1,Carangidae,Pseudocaranx,spp,3
MF-INB2-1,Labridae,Pseudolabrus,biserialis,2
MF-INB2-1,Scorpididae,Scorpis,aequipinnis,1
MF-INB2-1,Scorpididae,Scorpis,georgiana,1
MF-INB2-1,Carangidae,Seriola,hippos,2
MF-INB2-1,Odacidae,Siphonognathus,beddomei,1
MF-INB2-1,Urolophidae,Trygonoptera,ovalis,1
MF-INB2-2,Aulopidae,Aulopus,purpurissatus,1
MF-INB2-2,Serranidae,Caesioperca,rasor,3
MF-INB2-2,Labridae,Coris,auricularis,1
MF-INB2-2,Girellidae,Girella,zebra,2
MF-INB2-2,Monacanthidae,Meuschenia,flavolineata,1
MF-INB2-2,Monacanthidae,Meuschenia,galii,1
MF-INB2-2,Monacanthidae,Meuschenia,hippocrepis,2
MF-INB2-2,Scorpididae,Neatypus,obliquus,11
MF-INB2-2,Labridae,Notolabrus,parilus,1
MF-INB2-2,Labridae,Ophthalmolepis,lineolatus,12
MF-INB2-2,Labridae,Pictilabrus,laticlavius,1
MF-INB2-2,Carangidae,Pseudocaranx,spp,7
MF-INB2-2,Labridae,Pseudolabrus,biserialis,3
MF-INB2-2,Urolophidae,Trygonoptera,ovalis,1
MF-INB2-2,Mullidae,Upeneichthys,vlamingii,2
MF-INB2-3,Labridae,Austrolabrus,maculatus,2
MF-INB2-3,Labridae,Bodianus,frenchii,2
MF-INB2-3,Labridae,Coris,auricularis,2
MF-INB2-3,Muraenidae,Gymnothorax,prasinus,1
MF-INB2-3,Monacanthidae,Meuschenia,galii,1
MF-INB2-3,Monacanthidae,Meuschenia,hippocrepis,1
MF-INB2-3,Scorpididae,Neatypus,obliquus,2
MF-INB2-3,Cheilodactylidae,Nemadactylus,valenciennesi,1
MF-INB2-3,Labridae,Notolabrus,parilus,1
MF-INB2-3,Odacidae,Odax,cyanomelas,1
MF-INB2-3,Labridae,Ophthalmolepis,lineolatus,12
MF-INB2-3,Serranidae,Othos,dentex,1
MF-INB2-3,Pempherididae,Pempheris,klunzingeri,1
MF-INB2-3,Labridae,Pictilabrus,laticlavius,1
MF-INB2-3,Labridae,Pseudolabrus,biserialis,5
MF-INB2-3,Scorpididae,Scorpis,georgiana,1
MF-INB2-3,Carangidae,Seriola,lalandi,1
MF-INB2-4,Labridae,Bodianus,frenchii,1
MF-INB2-4,Labridae,Coris,auricularis,1
MF-INB2-4,Muraenidae,Gymnothorax,prasinus,1
MF-INB2-4,Kyphosidae,Kyphosus,sydneyanus,1
MF-INB2-4,Monacanthidae,Meuschenia,flavolineata,2
MF-INB2-4,Monacanthidae,Meuschenia,freycineti,2
MF-INB2-4,Monacanthidae,Meuschenia,galii,2
MF-INB2-4,Scorpididae,Neatypus,obliquus,1
MF-INB2-4,Cheilodactylidae,Nemadactylus,valenciennesi,1
MF-INB2-4,Labridae,Notolabrus,parilus,2
MF-INB2-4,Odacidae,Odax,cyanomelas,2
MF-INB2-4,Labridae,Ophthalmolepis,lineolatus,16
MF-INB2-4,Serranidae,Othos,dentex,1
MF-INB2-4,Pomacentridae,Parma,bicolor,1
MF-INB2-4,Pomacentridae,Parma,mccullochi,1
MF-INB2-4,Pempherididae,Pempheris,klunzingeri,80
MF-INB2-4,Carangidae,Pseudocaranx,spp,2
MF-INB2-4,Labridae,Pseudolabrus,biserialis,6
MF-INB2-4,Scorpididae,Tilodon,sexfasciatus,1
MF-INB2-5,Labridae,Bodianus,frenchii,1
MF-INB2-5,Serranidae,Caesioperca,rasor,3
MF-INB2-5,Muraenidae,Gymnothorax,woodwardi,1
MF-INB2-5,Monacanthidae,Meuschenia,flavolineata,1
MF-INB2-5,Monacanthidae,Meuschenia,galii,1
MF-INB2-5,Monacanthidae,Meuschenia,hippocrepis,2
MF-INB2-5,Cheilodactylidae,Nemadactylus,valenciennesi,1
MF-INB2-5,Labridae,Notolabrus,parilus,1
MF-INB2-5,Odacidae,Odax,cyanomelas,2
MF-INB2-5,Labridae,Ophthalmolepis,lineolatus,6
MF-INB2-5,Orectolobidae,Orectolobus,sp,1
MF-INB2-5,Pempherididae,Pempheris,klunzingeri,2
MF-INB2-5,Labridae,Pictilabrus,laticlavius,1
MF-INB2-5,Labridae,Pseudolabrus,biserialis,5
MF-INB3-1,Labridae,Coris,auricularis,6
MF-INB3-1,Monacanthidae,Meuschenia,hippocrepis,1
MF-INB3-1,Myliobatidae,Myliobatis,australis,1
MF-INB3-1,Scorpididae,Neatypus,obliquus,5
MF-INB3-1,Labridae,Ophthalmolepis,lineolatus,6
MF-INB3-1,Carangidae,Pseudocaranx,spp,1
MF-INB3-1,Carangidae,Seriola,hippos,1
MF-INB3-2,Aulopidae,Aulopus,purpurissatus,1
MF-INB3-2,Labridae,Bodianus,frenchii,1
MF-INB3-2,Labridae,Coris,auricularis,1
MF-INB3-2,Dinolestidae,Dinolestes,lewini,7
MF-INB3-2,Monacanthidae,Eubalichthys,mosaicus,1
MF-INB3-2,Monacanthidae,Meuschenia,flavolineata,3
MF-INB3-2,Monacanthidae,Meuschenia,freycineti,2
MF-INB3-2,Monacanthidae,Meuschenia,galii,1
MF-INB3-2,Monacanthidae,Meuschenia,hippocrepis,3
MF-INB3-2,Myliobatidae,Myliobatis,australis,1
MF-INB3-2,Cheilodactylidae,Nemadactylus,valenciennesi,1
MF-INB3-2,Labridae,Notolabrus,parilus,1
MF-INB3-2,Odacidae,Odax,cyanomelas,1
MF-INB3-2,Labridae,Ophthalmolepis,lineolatus,10
MF-INB3-2,Pomacentridae,Parma,mccullochi,1
MF-INB3-2,Carangidae,Pseudocaranx,spp,8
MF-INB3-2,Labridae,Pseudolabrus,biserialis,4
MF-INB3-2,Scorpididae,Scorpis,georgiana,1
MF-INB3-2,Scorpididae,Tilodon,sexfasciatus,1
MF-INB3-2,Plesiopidae,Trachinops,noarlungae,17
MF-INB3-3,Labridae,Austrolabrus,maculatus,1
MF-INB3-3,Labridae,Bodianus,frenchii,1
MF-INB3-3,Serranidae,Caesioperca,rasor,4
MF-INB3-3,Pomacentridae,Chromis,klunzingeri,16
MF-INB3-3,Labridae,Coris,auricularis,2
MF-INB3-3,Cheilodactylidae,Dactylophora,nigricans,1
MF-INB3-3,Muraenidae,Gymnothorax,prasinus,1
MF-INB3-3,Monacanthidae,Meuschenia,flavolineata,2
MF-INB3-3,Monacanthidae,Meuschenia,galii,1
MF-INB3-3,Monacanthidae,Meuschenia,hippocrepis,5
MF-INB3-3,Myliobatidae,Myliobatis,australis,1
MF-INB3-3,Scorpididae,Neatypus,obliquus,2
MF-INB3-3,Cheilodactylidae,Nemadactylus,valenciennesi,2
MF-INB3-3,Scorpaenidae,Neosebastes,pandus,1
MF-INB3-3,Labridae,Notolabrus,parilus,1
MF-INB3-3,Odacidae,Odax,cyanomelas,1
MF-INB3-3,Labridae,Ophthalmolepis,lineolatus,4
MF-INB3-3,Pomacentridae,Parma,mccullochi,3
MF-INB3-3,Haemulidae,Plectorhinchus,flavomaculatus,1
MF-INB3-3,Carangidae,Pseudocaranx,spp,1
MF-INB3-3,Labridae,Pseudolabrus,biserialis,6
MF-INB3-4,Ostraciidae,Anoplocapros,lenticularis,1
MF-INB3-4,Labridae,Coris,auricularis,2
MF-INB3-4,Cheilodactylidae,Dactylophora,nigricans,1
MF-INB3-4,Myliobatidae,Myliobatis,australis,2
MF-INB3-4,Labridae,Notolabrus,parilus,1
MF-INB3-4,Labridae,Ophthalmolepis,lineolatus,14
MF-INB3-4,Carangidae,Pseudocaranx,spp,8
MF-INB3-4,Labridae,Pseudolabrus,biserialis,2
MF-INB3-4,Urolophidae,Trygonoptera,ovalis,1
MF-INB3-4,Rhinobatidae,Trygonorrhina,fasciata,1
MF-INB3-4,Mullidae,Upeneichthys,vlamingii,1
MF-INB3-5,Scyliorhinidae,Aulohalaelurus,labiosus,1
MF-INB3-5,Labridae,Bodianus,frenchii,1
MF-INB3-5,Labridae,Coris,auricularis,1
MF-INB3-5,Cheilodactylidae,Dactylophora,nigricans,1
MF-INB3-5,Girellidae,Girella,zebra,1
MF-INB3-5,Muraenidae,Gymnothorax,prasinus,1
MF-INB3-5,Monacanthidae,Meuschenia,flavolineata,1
MF-INB3-5,Monacanthidae,Meuschenia,freycineti,2
MF-INB3-5,Monacanthidae,Meuschenia,hippocrepis,1
MF-INB3-5,Labridae,Notolabrus,parilus,1
MF-INB3-5,Odacidae,Odax,cyanomelas,1
MF-INB3-5,Labridae,Ophthalmolepis,lineolatus,15
MF-INB3-5,Serranidae,Othos,dentex,1
MF-INB3-5,Pomacentridae,Parma,mccullochi,1
MF-INB3-5,Pempherididae,Pempheris,klunzingeri,1
MF-INB3-5,Carangidae,Pseudocaranx,spp,5
MF-INB3-5,Labridae,Pseudolabrus,biserialis,5
MF-INB3-5,Scorpididae,Scorpis,aequipinnis,1
MF-INB3-5,Scorpididae,Scorpis,georgiana,2
MF-INB3-5,Scorpididae,Tilodon,sexfasciatus,1
MF-INB3-5,Rhinobatidae,Trygonorrhina,fasciata,1
MF-INB4-1,Labridae,Coris,auricularis,5
MF-INB4-1,Labridae,Ophthalmolepis,lineolatus,3
MF-INB4-1,Carangidae,Pseudocaranx,spp,1
MF-INB4-1,Labridae,Pseudolabrus,biserialis,1
MF-INB4-2,Labridae,Austrolabrus,maculatus,1
MF-INB4-2,Labridae,Coris,auricularis,9
MF-INB4-2,Myliobatidae,Myliobatis,australis,1
MF-INB4-2,Labridae,Ophthalmolepis,lineolatus,2
MF-INB4-2,Carangidae,Pseudocaranx,spp,6
MF-INB4-3,Labridae,Austrolabrus,maculatus,1
MF-INB4-3,Pomacentridae,Chromis,klunzingeri,1
MF-INB4-3,Labridae,Coris,auricularis,5
MF-INB4-3,Monacanthidae,Meuschenia,galii,1
MF-INB4-3,Myliobatidae,Myliobatis,australis,3
MF-INB4-3,Labridae,Notolabrus,parilus,2
MF-INB4-3,Labridae,Ophthalmolepis,lineolatus,18
MF-INB4-3,Labridae,Pictilabrus,laticlavius,1
MF-INB4-3,Labridae,Pseudolabrus,biserialis,4
MF-INB4-3,Odacidae,Siphonognathus,beddomei,1
MF-INB4-4,Labridae,Bodianus,frenchii,1
MF-INB4-4,Monacanthidae,Meuschenia,flavolineata,2
MF-INB4-4,Monacanthidae,Meuschenia,galii,2
MF-INB4-4,Myliobatidae,Myliobatis,australis,1
MF-INB4-4,Labridae,Notolabrus,parilus,1
MF-INB4-4,Odacidae,Odax,cyanomelas,1
MF-INB4-4,Labridae,Ophthalmolepis,lineolatus,12
MF-INB4-4,Labridae,Pictilabrus,laticlavius,1
MF-INB4-4,Carangidae,Pseudocaranx,spp,1
MF-INB4-4,Labridae,Pseudolabrus,biserialis,2
MF-INB4-4,Urolophidae,Trygonoptera,ovalis,1
MF-INB4-5,Labridae,Coris,auricularis,8
MF-INB4-5,Labridae,Eupetrichthys,angustipes,1
MF-INB4-5,Myliobatidae,Myliobatis,australis,1
MF-INB4-5,Labridae,Ophthalmolepis,lineolatus,1
MF-INB4-5,Carangidae,Pseudocaranx,spp,16
MF-INB4-5,Carangidae,Seriola,hippos,1
MF-INB5-1,Labridae,Coris,auricularis,4
MF-INB5-1,Myliobatidae,Myliobatis,australis,2
MF-INB5-1,Scorpididae,Neatypus,obliquus,2
MF-INB5-1,Labridae,Notolabrus,parilus,1
MF-INB5-1,Labridae,Ophthalmolepis,lineolatus,8
MF-INB5-1,Carangidae,Pseudocaranx,spp,7
MF-INB5-1,Labridae,Pseudolabrus,biserialis,1
MF-INB5-1,Mullidae,Upeneichthys,vlamingii,2
MF-INB5-2,Labridae,Coris,auricularis,6
MF-INB5-2,Labridae,Eupetrichthys,angustipes,1
MF-INB5-2,Myliobatidae,Myliobatis,australis,2
MF-INB5-2,Scorpididae,Neatypus,obliquus,7
MF-INB5-2,Labridae,Ophthalmolepis,lineolatus,7
MF-INB5-2,Carangidae,Pseudocaranx,spp,6
MF-INB5-2,Urolophidae,Trygonoptera,ovalis,1
MF-INB5-3,Labridae,Bodianus,frenchii,1
MF-INB5-3,Serranidae,Caesioperca,rasor,2
MF-INB5-3,Berycidae,Centroberyx,lineatus,10
MF-INB5-3,Chaetodontidae,Chelmonops,curiosus,1
MF-INB5-3,Labridae,Coris,auricularis,1
MF-INB5-3,Muraenidae,Gymnothorax,prasinus,1
MF-INB5-3,Kyphosidae,Kyphosus,sydneyanus,1
MF-INB5-3,Monacanthidae,Meuschenia,galii,2
MF-INB5-3,Monacanthidae,Meuschenia,hippocrepis,1
MF-INB5-3,Myliobatidae,Myliobatis,australis,2
MF-INB5-3,Scorpididae,Neatypus,obliquus,9
MF-INB5-3,Cheilodactylidae,Nemadactylus,valenciennesi,1
MF-INB5-3,Labridae,Notolabrus,parilus,1
MF-INB5-3,Labridae,Ophthalmolepis,lineolatus,8
MF-INB5-3,Sparidae,Pagrus,auratus,2
MF-INB5-3,Haemulidae,Plectorhinchus,flavomaculatus,1
MF-INB5-3,Carangidae,Pseudocaranx,spp,10
MF-INB5-3,Labridae,Pseudolabrus,biserialis,12
MF-INB5-3,Scorpididae,Scorpis,georgiana,1
MF-INB5-3,Carangidae,Seriola,hippos,1
MF-INB5-4,Labridae,Coris,auricularis,1
MF-INB5-4,Girellidae,Girella,zebra,1
MF-INB5-4,Monacanthidae,Meuschenia,flavolineata,1
MF-INB5-4,Labridae,Notolabrus,parilus,1
MF-INB5-4,Labridae,Ophthalmolepis,lineolatus,6
MF-INB5-4,Pomacentridae,Parma,occidentalis,1
MF-INB5-4,Carangidae,Pseudocaranx,spp,10
MF-INB5-4,Labridae,Pseudolabrus,biserialis,4
MF-INB5-4,Scorpididae,Scorpis,aequipinnis,1
MF-INB5-4,Scorpididae,Scorpis,georgiana,1
MF-INB6-1,Serranidae,Caesioperca,rasor,2
MF-INB6-1,Berycidae,Centroberyx,lineatus,2
MF-INB6-1,Labridae,Coris,auricularis,2
MF-INB6-1,Serranidae,Epinephelides,armatus,1
MF-INB6-1,Monacanthidae,Meuschenia,hippocrepis,2
MF-INB6-1,Scorpididae,Neatypus,obliquus,2
MF-INB6-1,Labridae,Ophthalmolepis,lineolatus,10
MF-INB6-1,Labridae,Pseudolabrus,biserialis,6
MF-INB6-2,Labridae,Achoerodus,gouldii,1
MF-INB6-2,Scyliorhinidae,Aulohalaelurus,labiosus,1
MF-INB6-2,Labridae,Bodianus,frenchii,2
MF-INB6-2,Serranidae,Caesioperca,rasor,1
MF-INB6-2,Labridae,Coris,auricularis,2
MF-INB6-2,Dinolestidae,Dinolestes,lewini,65
MF-INB6-2,Muraenidae,Gymnothorax,prasinus,1
MF-INB6-2,Kyphosidae,Kyphosus,sydneyanus,1
MF-INB6-2,Monacanthidae,Meuschenia,flavolineata,2
MF-INB6-2,Monacanthidae,Meuschenia,galii,2
MF-INB6-2,Monacanthidae,Meuschenia,hippocrepis,4
MF-INB6-2,Scorpididae,Neatypus,obliquus,12
MF-INB6-2,Cheilodactylidae,Nemadactylus,valenciennesi,2
MF-INB6-2,Odacidae,Odax,cyanomelas,1
MF-INB6-2,Labridae,Ophthalmolepis,lineolatus,9
MF-INB6-2,Plesiopidae,Paraplesiops,meleagris,1
MF-INB6-2,Carangidae,Pseudocaranx,spp,1
MF-INB6-2,Labridae,Pseudolabrus,biserialis,4
MF-INB6-3,Labridae,Achoerodus,gouldii,1
MF-INB6-3,Labridae,Bodianus,frenchii,1
MF-INB6-3,Serranidae,Caesioperca,rasor,2
MF-INB6-3,Pomacentridae,Chromis,klunzingeri,17
MF-INB6-3,Labridae,Coris,auricularis,2
MF-INB6-3,Dasyatidae,Dasyatis,brevicaudata,1
MF-INB6-3,Muraenidae,Gymnothorax,prasinus,1
MF-INB6-3,Monacanthidae,Meuschenia,flavolineata,2
MF-INB6-3,Monacanthidae,Meuschenia,galii,3
MF-INB6-3,Myliobatidae,Myliobatis,australis,2
MF-INB6-3,Scorpididae,Neatypus,obliquus,9
MF-INB6-3,Cheilodactylidae,Nemadactylus,valenciennesi,1
MF-INB6-3,Labridae,Notolabrus,parilus,1
MF-INB6-3,Odacidae,Odax,cyanomelas,1
MF-INB6-3,Labridae,Ophthalmolepis,lineolatus,17
MF-INB6-3,Serranidae,Othos,dentex,1
MF-INB6-3,Carangidae,Pseudocaranx,spp,3
MF-INB6-3,Labridae,Pseudolabrus,biserialis,3
MF-INB6-3,Rhinobatidae,Trygonorrhina,fasciata,1
MF-INB6-4,Serranidae,Caesioperca,rasor,1
MF-INB6-4,Berycidae,Centroberyx,lineatus,3
MF-INB6-4,Labridae,Coris,auricularis,4
MF-INB6-4,Serranidae,Epinephelides,armatus,3
MF-INB6-4,Monacanthidae,Meuschenia,flavolineata,2
MF-INB6-4,Monacanthidae,Meuschenia,galii,1
MF-INB6-4,Monacanthidae,Meuschenia,hippocrepis,3
MF-INB6-4,Myliobatidae,Myliobatis,australis,1
MF-INB6-4,Scorpididae,Neatypus,obliquus,37
MF-INB6-4,Cheilodactylidae,Nemadactylus,valenciennesi,1
MF-INB6-4,Labridae,Notolabrus,parilus,1
MF-INB6-4,Odacidae,Odax,cyanomelas,1
MF-INB6-4,Labridae,Ophthalmolepis,lineolatus,9
MF-INB6-4,Serranidae,Othos,dentex,1
MF-INB6-4,Carangidae,Pseudocaranx,spp,15
MF-INB6-4,Labridae,Pseudolabrus,biserialis,6
MF-INB6-5,Labridae,Austrolabrus,maculatus,1
MF-INB6-5,Labridae,Coris,auricularis,11
MF-INB6-5,Dinolestidae,Dinolestes,lewini,4
MF-INB6-5,Monacanthidae,Meuschenia,galii,2
MF-INB6-5,Monacanthidae,Meuschenia,hippocrepis,2
MF-INB6-5,Myliobatidae,Myliobatis,australis,1
MF-INB6-5,Scorpididae,Neatypus,obliquus,4
MF-INB6-5,Cheilodactylidae,Nemadactylus,valenciennesi,1
MF-INB6-5,Labridae,Notolabrus,parilus,1
MF-INB6-5,Odacidae,Odax,cyanomelas,2
MF-INB6-5,Labridae,Ophthalmolepis,lineolatus,7
MF-INB6-5,Pempherididae,Pempheris,klunzingeri,1
MF-INB6-5,Labridae,Pictilabrus,laticlavius,1
MF-INB6-5,Carangidae,Pseudocaranx,spp,1
MF-INB6-5,Labridae,Pseudolabrus,biserialis,2
MF-INB7-1,Labridae,Coris,auricularis,7
MF-INB7-1,Gerreidae,Parequula,melbournensis,1
MF-INB7-2,Labridae,Bodianus,frenchii,2
MF-INB7-2,Monacanthidae,Meuschenia,flavolineata,2
MF-INB7-2,Monacanthidae,Meuschenia,galii,1
MF-INB7-2,Monacanthidae,Meuschenia,hippocrepis,3
MF-INB7-2,Myliobatidae,Myliobatis,australis,2
MF-INB7-2,Cheilodactylidae,Nemadactylus,valenciennesi,3
MF-INB7-2,Labridae,Notolabrus,parilus,1
MF-INB7-2,Odacidae,Odax,cyanomelas,1
MF-INB7-2,Labridae,Ophthalmolepis,lineolatus,18
MF-INB7-2,Orectolobidae,Orectolobus,maculatus,2
MF-INB7-2,Sparidae,Pagrus,auratus,1
MF-INB7-2,Carangidae,Pseudocaranx,spp,1
MF-INB7-2,Labridae,Pseudolabrus,biserialis,4
MF-INB7-2,Scorpididae,Scorpis,georgiana,2
MF-INB7-2,Carangidae,Seriola,hippos,1
MF-INB7-2,Scorpididae,Tilodon,sexfasciatus,1
MF-INB7-3,Monacanthidae,Acanthaluteres,spilomelanurus,1
MF-INB7-3,Scyliorhinidae,Aulohalaelurus,labiosus,1
MF-INB7-3,Pomacentridae,Chromis,klunzingeri,5
MF-INB7-3,Labridae,Coris,auricularis,17
MF-INB7-3,Dasyatidae,Dasyatis,brevicaudata,1
MF-INB7-3,Heterodontidae,Heterodontus,portusjacksoni,1
MF-INB7-3,Scorpididae,Neatypus,obliquus,10
MF-INB7-3,Labridae,Notolabrus,parilus,2
MF-INB7-3,Labridae,Ophthalmolepis,lineolatus,14
MF-INB7-3,Labridae,Pictilabrus,laticlavius,1
MF-INB7-3,Labridae,Pseudolabrus,biserialis,3
MF-INB7-3,Carangidae,Seriola,hippos,1
MF-INB7-3,Mullidae,Upeneichthys,vlamingii,1
MF-INB7-4,Labridae,Coris,auricularis,7
MF-INB7-4,Myliobatidae,Myliobatis,australis,2
MF-INB7-4,Gerreidae,Parequula,melbournensis,5
MF-INB7-4,Platycephalidae,Platycephalus,spp,2
MF-INB7-5,Labridae,Bodianus,frenchii,1
MF-INB7-5,Dasyatidae,Dasyatis,brevicaudata,1
MF-INB7-5,Dinolestidae,Dinolestes,lewini,1
MF-INB7-5,Muraenidae,Gymnothorax,woodwardi,1
MF-INB7-5,Labridae,Notolabrus,parilus,1
MF-INB7-5,Odacidae,Odax,cyanomelas,2
MF-INB7-5,Labridae,Ophthalmolepis,lineolatus,12
MF-INB7-5,Labridae,Pseudolabrus,biserialis,2
MF-WC002,Labridae,Coris,auricularis,4
MF-WC002,Triakidae,Mustelus,antarcticus,1
MF-WC002,Scorpididae,Neatypus,obliquus,5
MF-WC002,Labridae,Ophthalmolepis,lineolatus,4
MF-WC002,Gerreidae,Parequula,melbournensis,1
MF-WC002,Carangidae,Pseudocaranx,spp,4
MF-WC003,Serranidae,Caesioperca,sp,6
MF-WC003,Labridae,Cirrhilabrus,temminckii,1
MF-WC003,Labridae,Coris,auricularis,21
MF-WC003,Myliobatidae,Myliobatis,australis,2
MF-WC003,Labridae,Ophthalmolepis,lineolatus,2
MF-WC003,Gerreidae,Parequula,melbournensis,1
MF-WC003,Scorpididae,Tilodon,sexfasciatus,1
MF-WC003,Mullidae,Upeneichthys,vlamingii,4
MF-WC004,Labridae,Coris,auricularis,2
MF-WC004,Myliobatidae,Myliobatis,australis,2
MF-WC004,Platycephalidae,Platycephalus,spp,1
MF-WC004,Carangidae,Pseudocaranx,spp,1
MF-WC004,Sillaginidae,Sillaginodes,punctata,2
MF-WC004,Rhinobatidae,Trygonorrhina,fasciata,1
MF-WC005,Aplodactylidae,Aplodactylus,westralis,1
MF-WC005,Labridae,Bodianus,frenchii,1
MF-WC005,Serranidae,Caesioperca,rasor,3
MF-WC005,Serranidae,Caesioperca,sp,1
MF-WC005,Chaetodontidae,Chelmonops,curiosus,1
MF-WC005,Pomacentridae,Chromis,klunzingeri,5
MF-WC005,Labridae,Coris,auricularis,1
MF-WC005,Enoplosidae,Enoplosus,armatus,2
MF-WC005,Monacanthidae,Meuschenia,freycineti,2
MF-WC005,Monacanthidae,Meuschenia,galii,2
MF-WC005,Monacanthidae,Meuschenia,hippocrepis,1
MF-WC005,Scorpididae,Neatypus,obliquus,4
MF-WC005,Cheilodactylidae,Nemadactylus,valenciennesi,1
MF-WC005,Labridae,Notolabrus,parilus,1
MF-WC005,Labridae,Ophthalmolepis,lineolatus,5
MF-WC005,Pomacentridae,Parma,mccullochi,1
MF-WC005,Carangidae,Pseudocaranx,spp,44
MF-WC005,Labridae,Pseudolabrus,biserialis,3
MF-WC005,Scorpididae,Tilodon,sexfasciatus,1
MF-WC005,Plesiopidae,Trachinops,noarlungae,9
MF-WC007,Diodontidae,Allomycterus,pilatus,1
MF-WC007,Serranidae,Caesioperca,sp,6
MF-WC007,Labridae,Coris,auricularis,6
MF-WC007,Myliobatidae,Myliobatis,australis,1
MF-WC007,Labridae,Ophthalmolepis,lineolatus,5
MF-WC007,Gerreidae,Parequula,melbournensis,1
MF-WC007,Platycephalidae,Platycephalus,spp,1
MF-WC007,Carangidae,Pseudocaranx,spp,10
MF-WC007,Mullidae,Upeneichthys,vlamingii,1
MF-WC008,Labridae,Coris,auricularis,21
MF-WC008,Dasyatidae,Dasyatis,brevicaudata,1
MF-WC008,Muraenidae,Gymnothorax,prasinus,1
MF-WC008,Labridae,Ophthalmolepis,lineolatus,3
MF-WC008,Sparidae,Pagrus,auratus,3
MF-WC008,Platycephalidae,Platycephalus,spp,1
MF-WC008,Rhinobatidae,Trygonorrhina,fasciata,1
MF-WC009,Aplodactylidae,Aplodactylus,westralis,1
MF-WC009,Labridae,Coris,auricularis,2
MF-WC009,Monacanthidae,Meuschenia,galii,2
MF-WC009,Scorpididae,Neatypus,obliquus,1
MF-WC009,Labridae,Notolabrus,parilus,2
MF-WC009,Odacidae,Odax,cyanomelas,1
MF-WC009,Labridae,Ophthalmolepis,lineolatus,18
MF-WC009,Pempherididae,Pempheris,klunzingeri,33
MF-WC009,Labridae,Pseudolabrus,biserialis,1
MF-WC010,Labridae,Austrolabrus,maculatus,2
MF-WC010,Labridae,Coris,auricularis,4
MF-WC010,Labridae,Eupetrichthys,angustipes,1
MF-WC010,Labridae,Ophthalmolepis,lineolatus,2
MF-WC010,Gerreidae,Parequula,melbournensis,2
MF-WC010,Rhinobatidae,Trygonorrhina,fasciata,1
MF-WC010,Mullidae,Upeneichthys,vlamingii,1
MF-WC011,Serranidae,Caesioperca,rasor,1
MF-WC011,Labridae,Choerodon,rubescens,1
MF-WC011,Labridae,Coris,auricularis,1
MF-WC011,Dasyatidae,Dasyatis,brevicaudata,1
MF-WC011,Triakidae,Furgaleus,macki,1
MF-WC011,Myliobatidae,Myliobatis,australis,1
MF-WC011,Cheilodactylidae,Nemadactylus,valenciennesi,1
MF-WC011,Labridae,Ophthalmolepis,lineolatus,5
MF-WC011,Carangidae,Pseudocaranx,spp,4
MF-WC011,Labridae,Pseudolabrus,biserialis,2
MF-WC013,Labridae,Bodianus,frenchii,1
MF-WC013,Labridae,Coris,auricularis,2
MF-WC013,Girellidae,Girella,zebra,1
MF-WC013,Muraenidae,Gymnothorax,prasinus,1
MF-WC013,Monacanthidae,Meuschenia,galii,1
MF-WC013,Monacanthidae,Meuschenia,hippocrepis,1
MF-WC013,Myliobatidae,Myliobatis,australis,1
MF-WC013,Labridae,Notolabrus,parilus,1
MF-WC013,Odacidae,Odax,cyanomelas,2
MF-WC013,Labridae,Ophthalmolepis,lineolatus,12
MF-WC013,Serranidae,Othos,dentex,1
MF-WC013,Pomacentridae,Parma,victoriae,1
MF-WC013,Labridae,Pictilabrus,laticlavius,2
MF-WC013,Carangidae,Pseudocaranx,spp,1
MF-WC013,Labridae,Pseudolabrus,biserialis,3
MF-WC014,Labridae,Bodianus,frenchii,1
MF-WC014,Dinolestidae,Dinolestes,lewini,2
MF-WC014,Muraenidae,Gymnothorax,woodwardi,1
MF-WC014,Kyphosidae,Kyphosus,sydneyanus,1
MF-WC014,Monacanthidae,Meuschenia,flavolineata,2
MF-WC014,Monacanthidae,Meuschenia,galii,1
MF-WC014,Monacanthidae,Meuschenia,hippocrepis,2
MF-WC014,Labridae,Notolabrus,parilus,1
MF-WC014,Odacidae,Odax,cyanomelas,1
MF-WC014,Labridae,Ophthalmolepis,lineolatus,9
MF-WC014,Pomacentridae,Parma,mccullochi,1
MF-WC014,Carangidae,Pseudocaranx,spp,3
MF-WC014,Labridae,Pseudolabrus,biserialis,3
MF-WC014,Scorpididae,Scorpis,aequipinnis,1
MF-WC014,Scorpididae,Scorpis,georgiana,1
MF-WC016,Myliobatidae,Myliobatis,australis,1
MF-WC016,Platycephalidae,Platycephalus,spp,5
MF-WC017,Gerreidae,Parequula,melbournensis,1
MF-WC017,Platycephalidae,Platycephalus,spp,2
MF-WC017,Urolophidae,Trygonoptera,mucosa,1
MF-WC020,Labridae,Achoerodus,gouldii,1
MF-WC020,Aulopidae,Aulopus,purpurissatus,1
MF-WC020,Serranidae,Caesioperca,rasor,1
MF-WC020,Labridae,Coris,auricularis,1
MF-WC020,Dasyatidae,Dasyatis,brevicaudata,1
MF-WC020,Heterodontidae,Heterodontus,portusjacksoni,2
MF-WC020,Monacanthidae,Meuschenia,flavolineata,2
MF-WC020,Monacanthidae,Meuschenia,hippocrepis,1
MF-WC020,Cheilodactylidae,Nemadactylus,valenciennesi,1
MF-WC020,Labridae,Notolabrus,parilus,2
MF-WC020,Odacidae,Odax,cyanomelas,1
MF-WC020,Labridae,Ophthalmolepis,lineolatus,5
MF-WC020,Serranidae,Othos,dentex,1
MF-WC020,Carangidae,Pseudocaranx,spp,6
MF-WC020,Labridae,Pseudolabrus,biserialis,3
MF-WC020,Mullidae,Upeneichthys,vlamingii,1
MF-WC021,Diodontidae,Allomycterus,pilatus,1
MF-WC021,Labridae,Coris,auricularis,41
MF-WC021,Dasyatidae,Dasyatis,brevicaudata,1
MF-WC021,Scorpididae,Neatypus,obliquus,5
MF-WC021,Labridae,Ophthalmolepis,lineolatus,9
MF-WC021,Gerreidae,Parequula,melbournensis,1
MF-WC021,Carangidae,Pseudocaranx,spp,3
MF-WC021,Mullidae,Upeneichthys,vlamingii,1
MF-WC022,Labridae,Bodianus,frenchii,1
MF-WC022,Labridae,Coris,auricularis,1
MF-WC022,Muraenidae,Gymnothorax,prasinus,1
MF-WC022,Kyphosidae,Kyphosus,sydneyanus,1
MF-WC022,Monacanthidae,Meuschenia,flavolineata,2
MF-WC022,Monacanthidae,Meuschenia,galii,1
MF-WC022,Monacanthidae,Meuschenia,hippocrepis,2
MF-WC022,Myliobatidae,Myliobatis,australis,1
MF-WC022,Scorpididae,Neatypus,obliquus,12
MF-WC022,Cheilodactylidae,Nemadactylus,valenciennesi,1
MF-WC022,Labridae,Notolabrus,parilus,2
MF-WC022,Odacidae,Odax,cyanomelas,1
MF-WC022,Labridae,Ophthalmolepis,lineolatus,9
MF-WC022,Plesiopidae,Paraplesiops,meleagris,2
MF-WC022,Carangidae,Pseudocaranx,spp,2
MF-WC022,Labridae,Pseudolabrus,biserialis,5
MF-WC022,Rhinobatidae,Trygonorrhina,fasciata,1
MF-WC023,Serranidae,Caesioperca,sp,17
MF-WC023,Pomacentridae,Chromis,klunzingeri,10
MF-WC023,Labridae,Coris,auricularis,1
MF-WC023,Scorpididae,Neatypus,obliquus,15
MF-WC023,Labridae,Ophthalmolepis,lineolatus,6
MF-WC023,Gerreidae,Parequula,melbournensis,3
MF-WC023,Carangidae,Pseudocaranx,spp,2
MF-WC023,Labridae,Pseudolabrus,biserialis,2
MF-WC023,Mullidae,Upeneichthys,vlamingii,3
MF-WC025,Rhinobatidae,Aptychotrema,vincentiana,1
MF-WC025,Serranidae,Caesioperca,rasor,2
MF-WC025,Serranidae,Caesioperca,sp,1
MF-WC025,Labridae,Coris,auricularis,3
MF-WC025,Monacanthidae,Meuschenia,hippocrepis,1
MF-WC025,Cheilodactylidae,Nemadactylus,valenciennesi,2
MF-WC025,Labridae,Ophthalmolepis,lineolatus,9
MF-WC025,Carangidae,Pseudocaranx,spp,3
MF-WC025,Labridae,Pseudolabrus,biserialis,3
MF-WC025,Scorpididae,Tilodon,sexfasciatus,1
MF-WC026,Aulopidae,Aulopus,purpurissatus,1
MF-WC026,Labridae,Bodianus,frenchii,1
MF-WC026,Labridae,Coris,auricularis,2
MF-WC026,Monacanthidae,Meuschenia,galii,2
MF-WC026,Monacanthidae,Meuschenia,hippocrepis,2
MF-WC026,Cheilodactylidae,Nemadactylus,valenciennesi,1
MF-WC026,Labridae,Notolabrus,parilus,2
MF-WC026,Odacidae,Odax,cyanomelas,1
MF-WC026,Labridae,Ophthalmolepis,lineolatus,6
MF-WC026,Pomacentridae,Parma,mccullochi,1
MF-WC026,Platycephalidae,Platycephalus,spp,1
MF-WC026,Carangidae,Pseudocaranx,spp,2
MF-WC026,Labridae,Pseudolabrus,biserialis,3
MF-WC026,Mullidae,Upeneichthys,vlamingii,1
MF-WC027,Labridae,Coris,auricularis,60
MF-WC027,Cheilodactylidae,Nemadactylus,valenciennesi,2
MF-WC027,Labridae,Ophthalmolepis,lineolatus,3
MF-WC027,Carangidae,Pseudocaranx,spp,5
MF-WC027,Labridae,Pseudolabrus,biserialis,1
MF-WC027,Carangidae,Seriola,hippos,1
MF-WC027,Scorpididae,Tilodon,sexfasciatus,1
MF-WC029,Ostraciidae,Anoplocapros,lenticularis,1
MF-WC029,Labridae,Coris,auricularis,4
MF-WC029,Labridae,Eupetrichthys,angustipes,1
MF-WC029,Heterodontidae,Heterodontus,portusjacksoni,1
MF-WC029,Monacanthidae,Meuschenia,venusta,3
MF-WC029,Labridae,Ophthalmolepis,lineolatus,6
MF-WC029,Gerreidae,Parequula,melbournensis,4
MF-WC029,Carangidae,Pseudocaranx,spp,1
MF-WC029,Labridae,Pseudolabrus,biserialis,2
MF-WC029,Urolophidae,Trygonoptera,mucosa,1
MF-WC029,Mullidae,Upeneichthys,vlamingii,1
MF-WC030,Labridae,Coris,auricularis,5
MF-WC030,Myliobatidae,Myliobatis,australis,1
MF-WC030,Scorpaenidae,Neosebastes,pandus,1
MF-WC030,Gerreidae,Parequula,melbournensis,1
MF-WC030,Platycephalidae,Platycephalus,spp,3
MF-WC031,Labridae,Coris,auricularis,7
MF-WC031,Myliobatidae,Myliobatis,australis,1
MF-WC031,Rhinobatidae,Trygonorrhina,fasciata,1
MF-WC033,Labridae,Coris,auricularis,3
MF-WC033,Labridae,Eupetrichthys,angustipes,1
MF-WC033,Myliobatidae,Myliobatis,australis,1
MF-WC034,Labridae,Coris,auricularis,4
MF-WC034,Myliobatidae,Myliobatis,australis,1
MF-WC034,Labridae,Ophthalmolepis,lineolatus,3
MF-WC034,Gerreidae,Parequula,melbournensis,1
MF-WC034,Platycephalidae,Platycephalus,spp,2
MF-WC034,Carangidae,Pseudocaranx,spp,8
MF-WC034,Carangidae,Trachurus,novaezelandiae,1
MF-WC034,Urolophidae,Trygonoptera,mucosa,1
MF-WC035,Serranidae,Caesioperca,sp,2
MF-WC035,Pomacentridae,Chromis,klunzingeri,4
MF-WC035,Labridae,Coris,auricularis,3
MF-WC035,Dasyatidae,Dasyatis,brevicaudata,1
MF-WC035,Monacanthidae,Meuschenia,galii,2
MF-WC035,Scorpididae,Neatypus,obliquus,10
MF-WC035,Cheilodactylidae,Nemadactylus,valenciennesi,1
MF-WC035,Labridae,Notolabrus,parilus,1
MF-WC035,Labridae,Ophthalmolepis,lineolatus,10
MF-WC035,Carangidae,Pseudocaranx,spp,2
MF-WC035,Labridae,Pseudolabrus,biserialis,1
MF-WC035,Scorpididae,Tilodon,sexfasciatus,1
MF-WC035,Mullidae,Upeneichthys,vlamingii,1
MF-WC036,Aulopidae,Aulopus,purpurissatus,1
MF-WC036,Labridae,Bodianus,frenchii,2
MF-WC036,Labridae,Coris,auricularis,1
MF-WC036,Dasyatidae,Dasyatis,brevicaudata,2
MF-WC036,Girellidae,Girella,zebra,1
MF-WC036,Muraenidae,Gymnothorax,prasinus,1
MF-WC036,Muraenidae,Gymnothorax,woodwardi,1
MF-WC036,Monacanthidae,Meuschenia,flavolineata,1
MF-WC036,Monacanthidae,Meuschenia,galii,2
MF-WC036,Monacanthidae,Meuschenia,hippocrepis,2
MF-WC036,Myliobatidae,Myliobatis,australis,1
MF-WC036,Scorpididae,Neatypus,obliquus,2
MF-WC036,Cheilodactylidae,Nemadactylus,valenciennesi,1
MF-WC036,Labridae,Notolabrus,parilus,2
MF-WC036,Odacidae,Odax,cyanomelas,1
MF-WC036,Labridae,Ophthalmolepis,lineolatus,11
MF-WC036,Carangidae,Pseudocaranx,spp,2
MF-WC036,Labridae,Pseudolabrus,biserialis,2
MF-WC036,Rhinobatidae,Trygonorrhina,fasciata,1
MF-WC038,Labridae,Achoerodus,gouldii,1
MF-WC038,Ostraciidae,Anoplocapros,lenticularis,1
MF-WC038,Labridae,Bodianus,frenchii,1
MF-WC038,Serranidae,Caesioperca,rasor,2
MF-WC038,Dinolestidae,Dinolestes,lewini,25
MF-WC038,Serranidae,Epinephelides,armatus,1
MF-WC038,Glaucosomatidae,Glaucosoma,hebraicum,1
MF-WC038,Kyphosidae,Kyphosus,sydneyanus,1
MF-WC038,Monacanthidae,Meuschenia,galii,3
MF-WC038,Monacanthidae,Meuschenia,hippocrepis,5
MF-WC038,Myliobatidae,Myliobatis,australis,1
MF-WC038,Scorpididae,Neatypus,obliquus,10
MF-WC038,Cheilodactylidae,Nemadactylus,valenciennesi,2
MF-WC038,Labridae,Notolabrus,parilus,2
MF-WC038,Odacidae,Odax,cyanomelas,1
MF-WC038,Labridae,Ophthalmolepis,lineolatus,3
MF-WC038,Plesiopidae,Paraplesiops,meleagris,1
MF-WC038,Pomacentridae,Parma,mccullochi,2
MF-WC038,Pempherididae,Pempheris,klunzingeri,1
MF-WC038,Carangidae,Pseudocaranx,spp,5
MF-WC038,Labridae,Pseudolabrus,biserialis,5
MF-WC038,Scorpididae,Scorpis,georgiana,2
MF-WC039,Ostraciidae,Anoplocapros,lenticularis,1
MF-WC039,Labridae,Coris,auricularis,3
MF-WC039,Labridae,Eupetrichthys,angustipes,1
MF-WC039,Heterodontidae,Heterodontus,portusjacksoni,1
MF-WC039,Tetraodontidae,Lagocephalus,sceleratus,1
MF-WC039,Gerreidae,Parequula,melbournensis,2
MF-WC039,Carangidae,Trachurus,novaezelandiae,5
MF-WC039,Rhinobatidae,Trygonorrhina,fasciata,1
MF-WC039,Mullidae,Upeneichthys,vlamingii,1
MF-WC039,Zeidae,Zeus,faber,1
MF-WC040,Ostraciidae,Anoplocapros,lenticularis,1
MF-WC040,Labridae,Coris,auricularis,2
MF-WC040,Labridae,Eupetrichthys,angustipes,3
MF-WC040,Monacanthidae,Meuschenia,hippocrepis,1
MF-WC040,Sparidae,Pagrus,auratus,1
MF-WC040,Carangidae,Pseudocaranx,spp,13
MF-WC041,Labridae,Coris,auricularis,6
MF-WC041,Monacanthidae,Nelusetta,ayraudi,1
MF-WC041,Gerreidae,Parequula,melbournensis,1
MF-WC041,Platycephalidae,Platycephalus,spp,2
MF-WC041,Sillaginidae,Sillaginodes,punctata,50
MF-WC041,Carangidae,Trachurus,novaezelandiae,58
MF-WC041,Rhinobatidae,Trygonorrhina,fasciata,1
MF-WC042,Labridae,Bodianus,frenchii,1
MF-WC042,Serranidae,Caesioperca,sp,5
MF-WC042,Pomacentridae,Chromis,klunzingeri,16
MF-WC042,Labridae,Coris,auricularis,2
MF-WC042,Scorpididae,Neatypus,obliquus,11
MF-WC042,Cheilodactylidae,Nemadactylus,valenciennesi,1
MF-WC042,Labridae,Ophthalmolepis,lineolatus,8
MF-WC042,Oplegnathidae,Oplegnathus,woodwardi,1
MF-WC042,Gerreidae,Parequula,melbournensis,1
MF-WC042,Carangidae,Pseudocaranx,spp,10
MF-WC042,Labridae,Pseudolabrus,biserialis,4
MF-WC042,Mullidae,Upeneichthys,vlamingii,1
MF-WC043,Labridae,Coris,auricularis,7
MF-WC043,Labridae,Eupetrichthys,angustipes,1
MF-WC044,Aplodactylidae,Aplodactylus,westralis,1
MF-WC044,Labridae,Bodianus,frenchii,1
MF-WC044,Labridae,Choerodon,rubescens,1
MF-WC044,Pomacentridae,Chromis,klunzingeri,1
MF-WC044,Labridae,Coris,auricularis,2
MF-WC044,Dasyatidae,Dasyatis,brevicaudata,1
MF-WC044,Enoplosidae,Enoplosus,armatus,2
MF-WC044,Monacanthidae,Meuschenia,flavolineata,1
MF-WC044,Monacanthidae,Meuschenia,galii,1
MF-WC044,Monacanthidae,Meuschenia,hippocrepis,1
MF-WC044,Scorpididae,Neatypus,obliquus,14
MF-WC044,Cheilodactylidae,Nemadactylus,valenciennesi,2
MF-WC044,Labridae,Ophthalmolepis,lineolatus,7
MF-WC044,Serranidae,Othos,dentex,1
MF-WC044,Carangidae,Pseudocaranx,spp,4
MF-WC044,Labridae,Pseudolabrus,biserialis,2
MF-WC044,Monacanthidae,Scobinichthys,granulatus,1
MF-WC044,Scorpididae,Tilodon,sexfasciatus,1
MF-WC044,Urolophidae,Trygonoptera,ovalis,1
MF-WC045,Labridae,Coris,auricularis,5
MF-WC045,Dasyatidae,Dasyatis,brevicaudata,1
MF-WC045,Labridae,Ophthalmolepis,lineolatus,1
MF-WC045,Sparidae,Pagrus,auratus,1
MF-WC045,Carangidae,Pseudocaranx,spp,3
MF-WC045,Carangidae,Seriola,hippos,1
MF-WC045,Urolophidae,Trygonoptera,mucosa,1
MF-WC046,Labridae,Coris,auricularis,6
MF-WC046,Monacanthidae,Nelusetta,ayraudi,3
MF-WC046,Gerreidae,Parequula,melbournensis,2
MF-WC046,Platycephalidae,Platycephalus,spp,3
MF-WC046,Carangidae,Seriola,hippos,2
MF-WC046,Mullidae,Upeneichthys,vlamingii,1
MF-WC046,Zeidae,Zeus,faber,1
MF-WC047,Serranidae,Caesioperca,sp,3
MF-WC047,Labridae,Coris,auricularis,1
MF-WC047,Labridae,Eupetrichthys,angustipes,1
MF-WC047,Monacanthidae,Meuschenia,galii,1
MF-WC047,Labridae,Ophthalmolepis,lineolatus,6
MF-WC047,Gerreidae,Parequula,melbournensis,1
MF-WC047,Carangidae,Pseudocaranx,spp,2
MF-WC049,Labridae,Austrolabrus,maculatus,2
MF-WC049,Pomacentridae,Chromis,klunzingeri,1
MF-WC049,Labridae,Ophthalmolepis,lineolatus,5
MF-WC049,Carangidae,Pseudocaranx,spp,3
MF-WC049,Labridae,Pseudolabrus,biserialis,1
MF-WC049,Carangidae,Trachurus,novaezelandiae,7
MF-WC050,Labridae,Coris,auricularis,12
MF-WC050,Monacanthidae,Nelusetta,ayraudi,3
MF-WC050,Gerreidae,Parequula,melbournensis,2
MF-WC050,Platycephalidae,Platycephalus,spp,1
MF-WC050,Urolophidae,Trygonoptera,mucosa,1
MF-WC050,Mullidae,Upeneichthys,vlamingii,1
MF-WC051,Labridae,Coris,auricularis,4
MF-WC051,Labridae,Eupetrichthys,angustipes,1
MF-WC051,Myliobatidae,Myliobatis,australis,1
MF-WC051,Monacanthidae,Nelusetta,ayraudi,15
MF-WC051,Gerreidae,Parequula,melbournensis,12
MF-WC051,Platycephalidae,Platycephalus,spp,3
MF-WC051,Sillaginidae,Sillaginodes,punctata,2
MF-WC051,Sillaginidae,Sillago,spp,13
MF-WC051,Mullidae,Upeneichthys,vlamingii,2
MF-WC052,Diodontidae,Allomycterus,pilatus,2
MF-WC052,Cheilodactylidae,Dactylophora,nigricans,1
MF-WC052,Platycephalidae,Platycephalus,spp,1
MF-WC052,Urolophidae,Trygonoptera,mucosa,1
MF-WC053,Carcharhinidae,Carcharhinus,brachyurus,1
MF-WC053,Labridae,Eupetrichthys,angustipes,1
MF-WC053,Monacanthidae,Nelusetta,ayraudi,1
MF-WC053,Platycephalidae,Platycephalus,spp,2
MF-WC053,Sillaginidae,Sillaginodes,punctata,3
MF-WC053,Sillaginidae,Sillago,spp,6
MF-WC053,Carangidae,Trachurus,novaezelandiae,14
MF-WC053,Urolophidae,Trygonoptera,mucosa,1
MF-WC054,Diodontidae,Allomycterus,pilatus,1
MF-WC054,Myliobatidae,Myliobatis,australis,1
MF-WC054,Gerreidae,Parequula,melbournensis,9
MF-WC054,Platycephalidae,Platycephalus,spp,3
MF-WC054,Carangidae,Pseudocaranx,spp,1
MF-WC054,Carangidae,Trachurus,novaezelandiae,1
MF-WC054,Urolophidae,Trygonoptera,mucosa,1
MF-WC055,Labridae,Coris,auricularis,1
MF-WC055,Monacanthidae,Meuschenia,galii,1
MF-WC055,Monacanthidae,Meuschenia,hippocrepis,1
MF-WC055,Odacidae,Odax,cyanomelas,2
MF-WC055,Labridae,Ophthalmolepis,lineolatus,6
MF-WC055,Labridae,Pictilabrus,laticlavius,1
MF-WC055,Carangidae,Pseudocaranx,spp,8
MF-WC055,Labridae,Pseudolabrus,biserialis,1
MF-WC056,Labridae,Coris,auricularis,2
MF-WC057,Serranidae,Caesioperca,rasor,4
MF-WC057,Serranidae,Caesioperca,sp,2
MF-WC057,Labridae,Coris,auricularis,2
MF-WC057,Serranidae,Epinephelides,armatus,2
MF-WC057,Kyphosidae,Kyphosus,sydneyanus,1
MF-WC057,Monacanthidae,Meuschenia,flavolineata,1
MF-WC057,Monacanthidae,Meuschenia,galii,2
MF-WC057,Labridae,Ophthalmolepis,lineolatus,2
MF-WC057,Serranidae,Othos,dentex,1
MF-WC057,Sparidae,Pagrus,auratus,1
MF-WC057,Carangidae,Pseudocaranx,spp,15
MF-WC057,Labridae,Pseudolabrus,biserialis,4
MF-WC057,Carangidae,Seriola,hippos,1
MF-WC057,Rhinobatidae,Trygonorrhina,fasciata,1
MF-WC058,Labridae,Coris,auricularis,1
MF-WC058,Monacanthidae,Meuschenia,galii,1
MF-WC058,Monacanthidae,Meuschenia,hippocrepis,1
MF-WC058,Scorpididae,Neatypus,obliquus,1
MF-WC058,Labridae,Notolabrus,parilus,1
MF-WC058,Odacidae,Odax,cyanomelas,2
MF-WC058,Labridae,Ophthalmolepis,lineolatus,12
MF-WC058,Carangidae,Pseudocaranx,spp,5
MF-WC058,Labridae,Pseudolabrus,biserialis,3
MF-WC059,Labridae,Bodianus,frenchii,2
MF-WC059,Serranidae,Caesioperca,rasor,1
MF-WC059,Serranidae,Caesioperca,sp,1
MF-WC059,Berycidae,Centroberyx,gerrardi,1
MF-WC059,Berycidae,Centroberyx,lineatus,9
MF-WC059,Labridae,Choerodon,rubescens,1
MF-WC059,Labridae,Coris,auricularis,2
MF-WC059,Dasyatidae,Dasyatis,brevicaudata,1
MF-WC059,Serranidae,Epinephelides,armatus,1
MF-WC059,Monacanthidae,Meuschenia,flavolineata,2
MF-WC059,Cheilodactylidae,Nemadactylus,valenciennesi,2
MF-WC059,Sparidae,Pagrus,auratus,1
MF-WC059,Labridae,Pseudolabrus,biserialis,2
MF-WC059,Carangidae,Seriola,hippos,1
MF-WC059,Rhinobatidae,Trygonorrhina,fasciata,1
MF-WC060,Labridae,Achoerodus,gouldii,1
MF-WC060,Labridae,Bodianus,frenchii,2
MF-WC060,Serranidae,Caesioperca,rasor,3
MF-WC060,Serranidae,Caesioperca,sp,4
MF-WC060,Chaetodontidae,Chelmonops,curiosus,2
MF-WC060,Labridae,Coris,auricularis,2
MF-WC060,Cheilodactylidae,Nemadactylus,valenciennesi,1
MF-WC060,Sparidae,Pagrus,auratus,2
MF-WC060,Labridae,Pseudolabrus,biserialis,4
MF-WC061,Labridae,Coris,auricularis,5
MF-WC061,Urolophidae,Trygonoptera,personata,1
MF-WC062,Myliobatidae,Myliobatis,australis,1
MF-WC062,Platycephalidae,Platycephalus,spp,1
MF-WC062,Urolophidae,Trygonoptera,mucosa,1
MF-WC063,Labridae,Coris,auricularis,2
MF-WC063,Heterodontidae,Heterodontus,portusjacksoni,1
MF-WC063,Kyphosidae,Kyphosus,sydneyanus,3
MF-WC063,Monacanthidae,Meuschenia,flavolineata,2
MF-WC063,Myliobatidae,Myliobatis,australis,1
MF-WC063,Cheilodactylidae,Nemadactylus,valenciennesi,1
MF-WC063,Labridae,Notolabrus,parilus,2
MF-WC063,Labridae,Ophthalmolepis,lineolatus,6
MF-WC063,Orectolobidae,Orectolobus,ornatus,1
MF-WC063,Carangidae,Pseudocaranx,spp,10
MF-WC063,Labridae,Pseudolabrus,biserialis,1
MF-WC063,Scorpididae,Scorpis,aequipinnis,1
MF-WC063,Scorpididae,Scorpis,georgiana,1
MF-WC063,Carangidae,Seriola,hippos,1
MF-WC063,Urolophidae,Trygonoptera,mucosa,1
MF-WC065,Scyliorhinidae,Aulohalaelurus,labiosus,1
MF-WC065,Aulopidae,Aulopus,purpurissatus,1
MF-WC065,Labridae,Austrolabrus,maculatus,1
MF-WC065,Labridae,Bodianus,frenchii,1
MF-WC065,Chaetodontidae,Chelmonops,curiosus,2
MF-WC065,Labridae,Coris,auricularis,1
MF-WC065,Glaucosomatidae,Glaucosoma,hebraicum,1
MF-WC065,Muraenidae,Gymnothorax,prasinus,1
MF-WC065,Monacanthidae,Meuschenia,galii,2
MF-WC065,Monacanthidae,Meuschenia,hippocrepis,4
MF-WC065,Labridae,Notolabrus,parilus,1
MF-WC065,Odacidae,Odax,cyanomelas,1
MF-WC065,Labridae,Ophthalmolepis,lineolatus,15
MF-WC065,Pomacentridae,Parma,mccullochi,1
MF-WC065,Labridae,Pseudolabrus,biserialis,4
MF-WC065,Scorpididae,Scorpis,georgiana,1
MF-WC069,Labridae,Bodianus,frenchii,1
MF-WC069,Monacanthidae,Meuschenia,galii,1
MF-WC069,Monacanthidae,Meuschenia,hippocrepis,3
MF-WC069,Myliobatidae,Myliobatis,australis,1
MF-WC069,Cheilodactylidae,Nemadactylus,valenciennesi,1
MF-WC069,Labridae,Notolabrus,parilus,1
MF-WC069,Odacidae,Odax,cyanomelas,1
MF-WC069,Labridae,Ophthalmolepis,lineolatus,4
MF-WC069,Pomacentridae,Parma,mccullochi,1
MF-WC069,Carangidae,Pseudocaranx,spp,2
MF-WC069,Labridae,Pseudolabrus,biserialis,7
MF-WC069,Rhinobatidae,Trygonorrhina,fasciata,1
MF-WC070,Ostraciidae,Anoplocapros,amygdaloides,1
MF-WC070,Rhinobatidae,Aptychotrema,vincentiana,1
MF-WC070,Dasyatidae,Dasyatis,brevicaudata,2
MF-WC070,Platycephalidae,Platycephalus,spp,2
MF-WC070,Carangidae,Pseudocaranx,spp,32
MF-WC070,Sillaginidae,Sillaginodes,punctata,2
MF-WC070,Sillaginidae,Sillago,spp,5
MF-WC070,Urolophidae,Trygonoptera,mucosa,1
MF-WC071,Aulopidae,Aulopus,purpurissatus,1
MF-WC071,Serranidae,Caesioperca,rasor,5
MF-WC071,Monacanthidae,Meuschenia,galii,2
MF-WC071,Monacanthidae,Meuschenia,hippocrepis,1
MF-WC071,Scorpididae,Neatypus,obliquus,9
MF-WC071,Labridae,Notolabrus,parilus,1
MF-WC071,Odacidae,Odax,cyanomelas,1
MF-WC071,Labridae,Ophthalmolepis,lineolatus,4
MF-WC071,Carangidae,Pseudocaranx,spp,4
MF-WC071,Labridae,Pseudolabrus,biserialis,6
MF-WC071,Scorpididae,Tilodon,sexfasciatus,1
MF-WC071,Urolophidae,Trygonoptera,ovalis,1
MF-WC072,Aulopidae,Aulopus,purpurissatus,1
MF-WC072,Serranidae,Caesioperca,sp,4
MF-WC072,Labridae,Coris,auricularis,9
MF-WC072,Labridae,Ophthalmolepis,lineolatus,8
MF-WC072,Sparidae,Pagrus,auratus,1
MF-WC072,Carangidae,Pseudocaranx,spp,1
MF-WC072,Labridae,Pseudolabrus,biserialis,2
MF-WC072,Carangidae,Seriola,hippos,1
MF-WC073,Labridae,Ophthalmolepis,lineolatus,1
MF-WC074,Pomacentridae,Chromis,klunzingeri,12
MF-WC074,Labridae,Coris,auricularis,4
MF-WC074,Serranidae,Hypoplectrodes,nigroruber,1
MF-WC074,Monacanthidae,Meuschenia,galii,2
MF-WC074,Monacanthidae,Meuschenia,hippocrepis,1
MF-WC074,Cheilodactylidae,Nemadactylus,valenciennesi,1
MF-WC074,Labridae,Notolabrus,parilus,1
MF-WC074,Labridae,Ophthalmolepis,lineolatus,10
MF-WC074,Pomacentridae,Parma,mccullochi,1
MF-WC074,Carangidae,Pseudocaranx,spp,15
MF-WC074,Labridae,Pseudolabrus,biserialis,5
MF-WC074,Scorpididae,Scorpis,aequipinnis,1
MF-WC075,Aplodactylidae,Aplodactylus,westralis,1
MF-WC075,Labridae,Coris,auricularis,1
MF-WC075,Serranidae,Epinephelides,armatus,2
MF-WC075,Girellidae,Girella,tephraeops,1
MF-WC075,Monacanthidae,Meuschenia,flavolineata,1
MF-WC075,Monacanthidae,Meuschenia,freycineti,1
MF-WC075,Monacanthidae,Meuschenia,galii,1
MF-WC075,Monacanthidae,Meuschenia,hippocrepis,2
MF-WC075,Scorpididae,Neatypus,obliquus,4
MF-WC075,Labridae,Notolabrus,parilus,1
MF-WC075,Odacidae,Odax,cyanomelas,2
MF-WC075,Labridae,Ophthalmolepis,lineolatus,6
MF-WC075,Serranidae,Othos,dentex,1
MF-WC075,Pomacentridae,Parma,mccullochi,1
MF-WC075,Labridae,Pictilabrus,laticlavius,3
MF-WC075,Carangidae,Pseudocaranx,spp,5
MF-WC075,Labridae,Pseudolabrus,biserialis,8
MF-WC076,Labridae,Bodianus,frenchii,1
MF-WC076,Serranidae,Caesioperca,rasor,4
MF-WC076,Berycidae,Centroberyx,lineatus,1
MF-WC076,Labridae,Coris,auricularis,1
MF-WC076,Serranidae,Epinephelides,armatus,2
MF-WC076,Girellidae,Girella,tephraeops,2
MF-WC076,Monacanthidae,Meuschenia,flavolineata,1
MF-WC076,Monacanthidae,Meuschenia,galii,2
MF-WC076,Monacanthidae,Meuschenia,hippocrepis,6
MF-WC076,Scorpididae,Neatypus,obliquus,6
MF-WC076,Labridae,Ophthalmolepis,lineolatus,1
MF-WC076,Plesiopidae,Paraplesiops,meleagris,1
MF-WC076,Pomacentridae,Parma,mccullochi,1
MF-WC076,Pempherididae,Pempheris,klunzingeri,2
MF-WC076,Carangidae,Pseudocaranx,spp,1
MF-WC076,Labridae,Pseudolabrus,biserialis,3
MF-WC076,Scorpididae,Scorpis,aequipinnis,4
MF-WC076,Carangidae,Seriola,hippos,1
MF-WC077,Myliobatidae,Myliobatis,australis,2
MF-WC077,Platycephalidae,Platycephalus,spp,1
MF-WC077,Carangidae,Pseudocaranx,spp,8
MF-WC077,Rhinobatidae,Trygonorrhina,fasciata,1
MF-WC078,Labridae,Coris,auricularis,1
MF-WC078,Dasyatidae,Dasyatis,brevicaudata,1
MF-WC078,Heterodontidae,Heterodontus,portusjacksoni,1
MF-WC078,Monacanthidae,Meuschenia,galii,1
MF-WC078,Monacanthidae,Meuschenia,hippocrepis,2
MF-WC078,Myliobatidae,Myliobatis,australis,1
MF-WC078,Scorpididae,Neatypus,obliquus,1
MF-WC078,Labridae,Ophthalmolepis,lineolatus,6
MF-WC078,Gerreidae,Parequula,melbournensis,1
MF-WC078,Pomacentridae,Parma,mccullochi,1
MF-WC078,Carangidae,Pseudocaranx,spp,17
MF-WC078,Labridae,Pseudolabrus,biserialis,4
MF-WC078,Scorpididae,Scorpis,aequipinnis,1
MF-WC078,Carangidae,Seriola,hippos,1
MF-WC079,Tetraodontidae,Contusus,brevicaudus,1
MF-WC079,Platycephalidae,Platycephalus,spp,5
MF-WC079,Rhinobatidae,Trygonorrhina,fasciata,2
MF-WC080,Labridae,Coris,auricularis,1
MF-WC080,Dasyatidae,Dasyatis,brevicaudata,2
MF-WC080,Monacanthidae,Meuschenia,flavolineata,2
MF-WC080,Monacanthidae,Meuschenia,galii,4
MF-WC080,Monacanthidae,Meuschenia,hippocrepis,3
MF-WC080,Scorpididae,Neatypus,obliquus,2
MF-WC080,Labridae,Notolabrus,parilus,2
MF-WC080,Odacidae,Odax,cyanomelas,1
MF-WC080,Labridae,Ophthalmolepis,lineolatus,11
MF-WC080,Serranidae,Othos,dentex,1
MF-WC080,Labridae,Pictilabrus,laticlavius,1
MF-WC080,Carangidae,Pseudocaranx,spp,13
MF-WC080,Labridae,Pseudolabrus,biserialis,9
MF-WC080,Scorpididae,Scorpis,aequipinnis,1
MF-WC081,Labridae,Coris,auricularis,12
MF-WC081,Dasyatidae,Dasyatis,brevicaudata,1
MF-WC081,Monacanthidae,Meuschenia,galii,3
MF-WC081,Monacanthidae,Meuschenia,hippocrepis,3
MF-WC081,Scorpididae,Neatypus,obliquus,6
MF-WC081,Cheilodactylidae,Nemadactylus,valenciennesi,1
MF-WC081,Labridae,Notolabrus,parilus,2
MF-WC081,Odacidae,Odax,cyanomelas,1
MF-WC081,Labridae,Ophthalmolepis,lineolatus,22
MF-WC081,Orectolobidae,Orectolobus,ornatus,1
MF-WC081,Labridae,Pseudolabrus,biserialis,2
MF-WC082,Serranidae,Caesioperca,sp,2
MF-WC082,Pomacentridae,Chromis,klunzingeri,2
MF-WC082,Labridae,Coris,auricularis,22
MF-WC082,Scorpididae,Neatypus,obliquus,4
MF-WC082,Labridae,Ophthalmolepis,lineolatus,4
MF-WC082,Parascylliidae,Parascyllium,ferrugineum,1
MF-WC082,Labridae,Pseudolabrus,biserialis,2
MF-WC082,Rhinobatidae,Trygonorrhina,fasciata,1
MF-WC083,Ostraciidae,Anoplocapros,lenticularis,1
MF-WC083,Platycephalidae,Platycephalus,spp,1
MF-WC083,Carangidae,Pseudocaranx,spp,11
MF-WC083,Scombridae,sp,sp_capenat,18
MF-WC083,Urolophidae,Trygonoptera,mucosa,1
MF-WC083,Rhinobatidae,Trygonorrhina,fasciata,1
MF-WC084,Scyliorhinidae,Aulohalaelurus,labiosus,1
MF-WC084,Labridae,Austrolabrus,maculatus,1
MF-WC084,Labridae,Coris,auricularis,25
MF-WC084,Scorpididae,Neatypus,obliquus,1
MF-WC084,Labridae,Ophthalmolepis,lineolatus,11
MF-WC084,Carangidae,Pseudocaranx,spp,6
MF-WC084,Labridae,Pseudolabrus,biserialis,3
MF-WC084,Urolophidae,Trygonoptera,ovalis,1
MF-WC084,Rhinobatidae,Trygonorrhina,fasciata,1
MF-WC084,Mullidae,Upeneichthys,vlamingii,1
MF-WC085,Labridae,Coris,auricularis,2
MF-WC085,Muraenidae,Gymnothorax,prasinus,1
MF-WC085,Muraenidae,Gymnothorax,woodwardi,1
MF-WC085,Monacanthidae,Meuschenia,galii,3
MF-WC085,Scorpididae,Neatypus,obliquus,1
MF-WC085,Labridae,Notolabrus,parilus,2
MF-WC085,Odacidae,Odax,cyanomelas,1
MF-WC085,Labridae,Ophthalmolepis,lineolatus,11
MF-WC085,Serranidae,Othos,dentex,1
MF-WC085,Carangidae,Pseudocaranx,spp,3
MF-WC085,Labridae,Pseudolabrus,biserialis,4
MF-WC086,Labridae,Coris,auricularis,8
MF-WC086,Dasyatidae,Dasyatis,brevicaudata,1
MF-WC086,Scorpididae,Neatypus,obliquus,5
MF-WC086,Labridae,Notolabrus,parilus,1
MF-WC086,Labridae,Ophthalmolepis,lineolatus,12
MF-WC086,Labridae,Pseudolabrus,biserialis,5
MF-WC086,Scorpididae,Tilodon,sexfasciatus,1
MF-WC086,Rhinobatidae,Trygonorrhina,fasciata,1
MF-WC086,Mullidae,Upeneichthys,vlamingii,1
MF-WC087,Diodontidae,Allomycterus,pilatus,1
MF-WC087,Ostraciidae,Anoplocapros,lenticularis,1
MF-WC087,Labridae,Choerodon,rubescens,1
MF-WC087,Myliobatidae,Myliobatis,australis,1
MF-WC087,Platycephalidae,Platycephalus,spp,2
MF-WC087,Rhinobatidae,Trygonorrhina,fasciata,2
MF-WC089,Labridae,Austrolabrus,maculatus,1
MF-WC089,Pomacentridae,Chromis,klunzingeri,8
MF-WC089,Tetraodontidae,Contusus,brevicaudus,1
MF-WC089,Labridae,Coris,auricularis,10
MF-WC089,Scorpididae,Neatypus,obliquus,7
MF-WC089,Labridae,Notolabrus,parilus,2
MF-WC089,Labridae,Ophthalmolepis,lineolatus,5
MF-WC089,Carangidae,Pseudocaranx,spp,2
MF-WC089,Labridae,Pseudolabrus,biserialis,7
MF-WC089,Carangidae,Seriola,hippos,1
MF-WC089,Urolophidae,Trygonoptera,ovalis,1
MF-WC089,Mullidae,Upeneichthys,vlamingii,1
MF-WC090,Dasyatidae,Dasyatis,brevicaudata,1
MF-WC090,Platycephalidae,Platycephalus,spp,2
MF-WC090,Rhinobatidae,Trygonorrhina,fasciata,1
MF-WC092,Aulopidae,Aulopus,purpurissatus,1
MF-WC092,Labridae,Coris,auricularis,22
MF-WC092,Serranidae,Epinephelides,armatus,1
MF-WC092,Myliobatidae,Myliobatis,australis,1
MF-WC092,Labridae,Notolabrus,parilus,1
MF-WC094,Dasyatidae,Dasyatis,brevicaudata,2
MF-WC094,Heterodontidae,Heterodontus,portusjacksoni,1
MF-WC094,Myliobatidae,Myliobatis,australis,1
MF-WC094,Platycephalidae,Platycephalus,spp,2
MF-WC095,Labridae,Coris,auricularis,8
MF-WC095,Labridae,Ophthalmolepis,lineolatus,2
MF-WC095,Carangidae,Pseudocaranx,spp,2
MF-WC095,Rhinobatidae,Trygonorrhina,fasciata,1
MF-WC096,Labridae,Coris,auricularis,4
MF-WC096,Platycephalidae,Platycephalus,spp,1
MF-WC096,Carangidae,Pseudocaranx,spp,2
MF-WC096,Urolophidae,Trygonoptera,mucosa,1
MF-WC097,Scyliorhinidae,Aulohalaelurus,labiosus,1
MF-WC097,Labridae,Austrolabrus,maculatus,2
MF-WC097,Pomacentridae,Chromis,klunzingeri,15
MF-WC097,Labridae,Coris,auricularis,5
MF-WC097,Serranidae,Epinephelides,armatus,1
MF-WC097,Heterodontidae,Heterodontus,portusjacksoni,1
MF-WC097,Myliobatidae,Myliobatis,australis,1
MF-WC097,Scorpididae,Neatypus,obliquus,11
MF-WC097,Labridae,Notolabrus,parilus,1
MF-WC097,Labridae,Ophthalmolepis,lineolatus,7
MF-WC097,Orectolobidae,Orectolobus,maculatus,1
MF-WC097,Carangidae,Pseudocaranx,spp,7
MF-WC097,Labridae,Pseudolabrus,biserialis,2
MF-WC097,Carangidae,Seriola,hippos,1
MF-WC097,Rhinobatidae,Trygonorrhina,fasciata,1
MF-WC097,Mullidae,Upeneichthys,vlamingii,1
MF-WC098,Labridae,Coris,auricularis,1
MF-WC098,Platycephalidae,Platycephalus,spp,3
MF-WC098,Carangidae,Pseudocaranx,spp,1
MF-WC098,Zeidae,Zeus,faber,1
MF-WC099,Serranidae,Caesioperca,sp,2
MF-WC099,Pomacentridae,Chromis,klunzingeri,12
MF-WC099,Labridae,Coris,auricularis,6
MF-WC099,Scorpididae,Neatypus,obliquus,9
MF-WC099,Monacanthidae,Nelusetta,ayraudi,5
MF-WC099,Labridae,Notolabrus,parilus,1
MF-WC099,Labridae,Ophthalmolepis,lineolatus,8
MF-WC099,Gerreidae,Parequula,melbournensis,5
MF-WC099,Pempherididae,Pempheris,klunzingeri,2
MF-WC099,Labridae,Pseudolabrus,biserialis,1
MF-WC099,Monacanthidae,Scobinichthys,granulatus,1
MF-WC099,Rhinobatidae,Trygonorrhina,fasciata,1
MF-WC099,Mullidae,Upeneichthys,vlamingii,2
MF-WC100,Serranidae,Caesioperca,rasor,1
MF-WC100,Labridae,Coris,auricularis,3
MF-WC100,Dasyatidae,Dasyatis,brevicaudata,3
MF-WC100,Kyphosidae,Kyphosus,sydneyanus,1
MF-WC100,Scorpididae,Neatypus,obliquus,4
MF-WC100,Monacanthidae,Nelusetta,ayraudi,2
MF-WC100,Labridae,Ophthalmolepis,lineolatus,1
MF-WC100,Carangidae,Seriola,hippos,3
MF-WC100,Rhinobatidae,Trygonorrhina,fasciata,1
MF-WC101,Labridae,Bodianus,frenchii,1
MF-WC101,Serranidae,Caesioperca,rasor,6
MF-WC101,Berycidae,Centroberyx,lineatus,1
MF-WC101,Chaetodontidae,Chelmonops,curiosus,2
MF-WC101,Pomacentridae,Chromis,klunzingeri,15
MF-WC101,Serranidae,Epinephelides,armatus,1
MF-WC101,Muraenidae,Gymnothorax,prasinus,1
MF-WC101,Serranidae,Hypoplectrodes,nigroruber,1
MF-WC101,Monacanthidae,Meuschenia,flavolineata,2
MF-WC101,Monacanthidae,Meuschenia,galii,3
MF-WC101,Monacanthidae,Meuschenia,hippocrepis,5
MF-WC101,Scorpididae,Neatypus,obliquus,2
MF-WC101,Scorpaenidae,Neosebastes,pandus,1
MF-WC101,Haemulidae,Plectorhinchus,flavomaculatus,1
MF-WC101,Carangidae,Pseudocaranx,spp,1
MF-WC101,Labridae,Pseudolabrus,biserialis,7
MF-WC101,Rhinobatidae,Trygonorrhina,fasciata,1
MF-WC102,Serranidae,Caesioperca,rasor,4
MF-WC102,Berycidae,Centroberyx,lineatus,2
MF-WC102,Chaetodontidae,Chelmonops,curiosus,1
MF-WC102,Labridae,Coris,auricularis,2
MF-WC102,Serranidae,Epinephelides,armatus,2
MF-WC102,Muraenidae,Gymnothorax,prasinus,1
MF-WC102,Kyphosidae,Kyphosus,sydneyanus,1
MF-WC102,Monacanthidae,Meuschenia,galii,1
MF-WC102,Monacanthidae,Meuschenia,hippocrepis,5
MF-WC102,Scorpididae,Neatypus,obliquus,14
MF-WC102,Cheilodactylidae,Nemadactylus,valenciennesi,1
MF-WC102,Labridae,Notolabrus,parilus,1
MF-WC102,Labridae,Ophthalmolepis,lineolatus,3
MF-WC102,Sparidae,Pagrus,auratus,1
MF-WC102,Carangidae,Pseudocaranx,spp,2
MF-WC102,Labridae,Pseudolabrus,biserialis,7
MF-WC104,Serranidae,Caesioperca,sp,4
MF-WC104,Labridae,Coris,auricularis,3
MF-WC104,Labridae,Ophthalmolepis,lineolatus,3
MF-WC104,Platycephalidae,Platycephalus,spp,2
MF-WC104,Urolophidae,Trygonoptera,ovalis,1
MF-WC104,Rhinobatidae,Trygonorrhina,fasciata,1
MF-WC105,Serranidae,Acanthistius,serratus,1
MF-WC105,Aulopidae,Aulopus,purpurissatus,1
MF-WC105,Labridae,Bodianus,frenchii,1
MF-WC105,Serranidae,Caesioperca,rasor,1
MF-WC105,Berycidae,Centroberyx,lineatus,8
MF-WC105,Labridae,Choerodon,rubescens,1
MF-WC105,Pomacentridae,Chromis,klunzingeri,20
MF-WC105,Serranidae,Epinephelides,armatus,2
MF-WC105,Muraenidae,Gymnothorax,prasinus,2
MF-WC105,Muraenidae,Gymnothorax,woodwardi,1
MF-WC105,Serranidae,Hypoplectrodes,nigroruber,1
MF-WC105,Monacanthidae,Meuschenia,galii,1
MF-WC105,Monacanthidae,Meuschenia,hippocrepis,2
MF-WC105,Scorpididae,Neatypus,obliquus,1
MF-WC105,Cheilodactylidae,Nemadactylus,valenciennesi,1
MF-WC105,Scorpaenidae,Neosebastes,pandus,1
MF-WC105,Labridae,Notolabrus,parilus,1
MF-WC105,Labridae,Ophthalmolepis,lineolatus,4
MF-WC105,Pomacentridae,Parma,mccullochi,2
MF-WC105,Labridae,Pseudolabrus,biserialis,4
MF-WC106,Labridae,Austrolabrus,maculatus,1
MF-WC106,Labridae,Choerodon,rubescens,1
MF-WC106,Pomacentridae,Chromis,klunzingeri,24
MF-WC106,Labridae,Coris,auricularis,1
MF-WC106,Dasyatidae,Dasyatis,brevicaudata,1
MF-WC106,Muraenidae,Gymnothorax,prasinus,1
MF-WC106,Monacanthidae,Meuschenia,flavolineata,2
MF-WC106,Monacanthidae,Meuschenia,galii,3
MF-WC106,Scorpididae,Neatypus,obliquus,2
MF-WC106,Cheilodactylidae,Nemadactylus,valenciennesi,1
MF-WC106,Odacidae,Odax,cyanomelas,1
MF-WC106,Labridae,Ophthalmolepis,lineolatus,7
MF-WC106,Sparidae,Pagrus,auratus,1
MF-WC106,Pomacentridae,Parma,mccullochi,1
MF-WC106,Carangidae,Pseudocaranx,spp,22
MF-WC106,Labridae,Pseudolabrus,biserialis,4
MF-WC106,Carangidae,Seriola,hippos,1
MF-WC106,Plesiopidae,Trachinops,noarlungae,75
MF-WC107,Labridae,Bodianus,frenchii,1
MF-WC107,Berycidae,Centroberyx,lineatus,1
MF-WC107,Serranidae,Epinephelides,armatus,1
MF-WC107,Girellidae,Girella,zebra,1
MF-WC107,Muraenidae,Gymnothorax,woodwardi,1
MF-WC107,Monacanthidae,Meuschenia,galii,1
MF-WC107,Monacanthidae,Meuschenia,hippocrepis,1
MF-WC107,Scorpididae,Neatypus,obliquus,28
MF-WC107,Cheilodactylidae,Nemadactylus,valenciennesi,1
MF-WC107,Labridae,Ophthalmolepis,lineolatus,1
MF-WC107,Pomacentridae,Parma,mccullochi,1
MF-WC107,Labridae,Pseudolabrus,biserialis,1
MF-WC108,Serranidae,Caesioperca,sp,1
MF-WC108,Labridae,Coris,auricularis,3
MF-WC108,Dasyatidae,Dasyatis,brevicaudata,1
MF-WC108,Myliobatidae,Myliobatis,australis,1
MF-WC108,Scorpididae,Neatypus,obliquus,2
MF-WC108,Labridae,Ophthalmolepis,lineolatus,5
MF-WC108,Platycephalidae,Platycephalus,spp,2
MF-WC108,Carangidae,Pseudocaranx,spp,1
MF-WC108,Rhinobatidae,Trygonorrhina,fasciata,1
MF-WC108,Mullidae,Upeneichthys,vlamingii,2
MF-WC110,Ostraciidae,Anoplocapros,lenticularis,1
MF-WC110,Scyliorhinidae,Aulohalaelurus,labiosus,1
MF-WC110,Berycidae,Centroberyx,lineatus,1
MF-WC110,Pomacentridae,Chromis,klunzingeri,40
MF-WC110,Labridae,Coris,auricularis,15
MF-WC110,Dasyatidae,Dasyatis,brevicaudata,1
MF-WC110,Muraenidae,Gymnothorax,prasinus,1
MF-WC110,Kyphosidae,Kyphosus,sydneyanus,1
MF-WC110,Monacanthidae,Meuschenia,flavolineata,5
MF-WC110,Monacanthidae,Meuschenia,galii,2
MF-WC110,Monacanthidae,Meuschenia,hippocrepis,2
MF-WC110,Scorpididae,Neatypus,obliquus,4
MF-WC110,Labridae,Notolabrus,parilus,1
MF-WC110,Labridae,Ophthalmolepis,lineolatus,10
MF-WC110,Pomacentridae,Parma,mccullochi,2
MF-WC110,Pempherididae,Pempheris,klunzingeri,5
MF-WC110,Carangidae,Pseudocaranx,spp,1
MF-WC110,Labridae,Pseudolabrus,biserialis,8
MF-WC110,Scorpididae,Tilodon,sexfasciatus,1
MF-WC110,Plesiopidae,Trachinops,noarlungae,200
MF-WC110,Rhinobatidae,Trygonorrhina,fasciata,1
MF-WC111,Labridae,Bodianus,frenchii,1
MF-WC111,Serranidae,Caesioperca,rasor,1
MF-WC111,Labridae,Coris,auricularis,3
MF-WC111,Dasyatidae,Dasyatis,brevicaudata,1
MF-WC111,Serranidae,Epinephelides,armatus,3
MF-WC111,Muraenidae,Gymnothorax,prasinus,1
MF-WC111,Scorpididae,Neatypus,obliquus,4
MF-WC111,Cheilodactylidae,Nemadactylus,valenciennesi,1
MF-WC111,Labridae,Notolabrus,parilus,1
MF-WC111,Labridae,Ophthalmolepis,lineolatus,3
MF-WC111,Sparidae,Pagrus,auratus,2
MF-WC111,Labridae,Pseudolabrus,biserialis,2
MF-WC111,Carangidae,Seriola,hippos,1
MF-WC111,Rhinobatidae,Trygonorrhina,fasciata,1
MF-WC115,Labridae,Austrolabrus,maculatus,1
MF-WC115,Labridae,Bodianus,frenchii,1
MF-WC115,Serranidae,Caesioperca,rasor,3
MF-WC115,Chaetodontidae,Chelmonops,curiosus,2
MF-WC115,Pomacentridae,Chromis,klunzingeri,31
MF-WC115,Labridae,Coris,auricularis,1
MF-WC115,Dasyatidae,Dasyatis,brevicaudata,1
MF-WC115,Serranidae,Epinephelides,armatus,1
MF-WC115,Muraenidae,Gymnothorax,prasinus,1
MF-WC115,Serranidae,Hypoplectrodes,nigroruber,1
MF-WC115,Kyphosidae,Kyphosus,sydneyanus,1
MF-WC115,Monacanthidae,Meuschenia,flavolineata,2
MF-WC115,Monacanthidae,Meuschenia,galii,1
MF-WC115,Monacanthidae,Meuschenia,hippocrepis,1
MF-WC115,Cheilodactylidae,Nemadactylus,valenciennesi,1
MF-WC115,Scorpaenidae,Neosebastes,pandus,1
MF-WC115,Labridae,Ophthalmolepis,lineolatus,6
MF-WC115,Pomacentridae,Parma,mccullochi,1
MF-WC115,Pomacentridae,Parma,occidentalis,1
MF-WC115,Carangidae,Pseudocaranx,spp,1
MF-WC115,Labridae,Pseudolabrus,biserialis,5
MF-WC115,Rhinobatidae,Trygonorrhina,fasciata,2
MF-WC116,Ostraciidae,Anoplocapros,lenticularis,1
MF-WC116,Aulopidae,Aulopus,purpurissatus,2
MF-WC116,Labridae,Choerodon,rubescens,1
MF-WC116,Labridae,Coris,auricularis,9
MF-WC116,Serranidae,Epinephelides,armatus,2
MF-WC116,Labridae,Ophthalmolepis,lineolatus,2
MF-WC116,Sparidae,Pagrus,auratus,3
MF-WC116,Carangidae,Pseudocaranx,spp,1
MF-WC116,Sillaginidae,Sillaginodes,punctata,2
MF-WC116,Scorpididae,Tilodon,sexfasciatus,1
MF-WC116,Rhinobatidae,Trygonorrhina,fasciata,1
