Sample,Latitude,Longitude,Date,Time,Location,Status,Site,Depth,Observer,Successful.count,Successful.length,Comment,VISIBILITY,DATE_TIME,TIMEIN,TIMEOUT,BENTHOS,DETAIL.BENTHOS,RELIEF,DETIAL.RELIEF,TIMEONSEABED,ENDSAMPLINGTIME
MF-CNB1-1,-33.5201841,115.0222796,20070303,13:16:00,Capes.North,Fished,Cape.Naturaliste,20,NA,Yes,Yes,Medium profile reef and kelp,8,2007-03-03T13:16:00Z,1899-12-30T13:16:00Z,1899-12-30T14:16:00Z,KELP,ECK,MPR,MPR,2,62
MF-CNB1-2,-33.52151909,115.0234335,20070303,13:21:00,Capes.North,Fished,Cape.Naturaliste,21,NA,Yes,Yes,Medium profile reef and kelp,4,2007-03-03T13:21:00Z,1899-12-30T13:21:00Z,1899-12-30T14:21:00Z,KELP,ECK,LPR,MPR,2,63
MF-CNB1-3,-33.52016351,115.023249,20070303,13:26:00,Capes.North,Fished,Cape.Naturaliste,22,NA,Yes,Yes,low profile reef  and macroalgae,4,2007-03-03T13:26:00Z,1899-12-30T13:26:00Z,1899-12-30T14:26:00Z,MAC,MAC,LPR,LPR,1,56
MF-CNB1-4,-33.51925428,115.023345,20070303,13:30:00,Capes.North,Fished,Cape.Naturaliste,22,NA,Yes,Yes,medium profile reef and Macroalgae,8,2007-03-03T13:30:00Z,1899-12-30T13:30:00Z,1899-12-30T14:30:00Z,MAC,ECK,LPR,MPR,2,63
MF-CNB1-5,-33.52136525,115.0250949,20070303,13:34:00,Capes.North,Fished,Cape.Naturaliste,20,NA,Yes,Yes,Low Profile Reef and kelp,8,2007-03-03T13:34:00Z,1899-12-30T13:34:00Z,1899-12-30T14:34:00Z,KELP,MAC,LPR,LPR,1,62
MF-CNB2-1,-33.51951354,115.0164382,20070303,13:44:00,Capes.North,Fished,Cape.Naturaliste,19,NA,Yes,Yes,Medium profile reef and kelp,5,2007-03-03T13:44:00Z,1899-12-30T13:44:00Z,1899-12-30T14:44:00Z,KELP,ECK,LPR,MPR,1,62
MF-CNB2-2,-33.51819833,115.0165221,20070303,13:39:00,Capes.North,Fished,Cape.Naturaliste,23,NA,Yes,Yes,high profile reef and kelp,4,2007-03-03T13:39:00Z,1899-12-30T13:39:00Z,1899-12-30T14:39:00Z,KELP,SI,MPR,HPR,1,63
MF-CNB2-3,-33.51794849,115.0149991,20070303,14:49:00,Capes.North,Fished,Cape.Naturaliste,27,NA,Yes,Yes,sand inundated reef and macroalgae and sea grass,5,2007-03-03T14:49:00Z,1899-12-30T14:49:00Z,1899-12-30T15:49:00Z,KELP,ECK,LPR,LPR,4,63
MF-CNB2-4,-33.51828435,115.017952,20070303,14:53:00,Capes.North,Fished,Cape.Naturaliste,24,NA,Yes,Yes,Medium profile reef and kelp,8,2007-03-03T14:53:00Z,1899-12-30T14:53:00Z,1899-12-30T15:53:00Z,KELP,MAC,MPR,MPR,2,62
MF-CNB2-5,-33.51696287,115.016518,20070303,14:56:00,Capes.North,Fished,Cape.Naturaliste,28,NA,Yes,No,Sand and Seagrass,8,2007-03-03T14:56:00Z,1899-12-30T14:56:00Z,1899-12-30T15:56:00Z,SG,SG,SA,SIR,1,63
MF-CNB3-1,-33.52168589,115.0079588,20070303,14:56:00,Capes.North,Fished,Cape.Naturaliste,25,NA,No,No,meadium profile reef and Ecklonia,8,2007-03-03T14:56:00Z,1899-12-30T14:56:00Z,1899-12-30T15:56:00Z,KELP,ECK,LPR,MPR,1,63
MF-CNB3-2,-33.52152556,115.0064014,20070303,14:56:00,Capes.North,Fished,Cape.Naturaliste,30,NA,No,No,Low Profile Reef and Macroalgae,8,2007-03-03T14:56:00Z,1899-12-30T14:56:00Z,1899-12-30T15:56:00Z,KELP,MAC,LPR,LPR,4,63
MF-CNB3-3,-33.5228515,115.0075445,20070303,14:56:00,Capes.North,Fished,Cape.Naturaliste,27,NA,No,No,Medium Profile Reef and Macroalgae,8,2007-03-03T14:56:00Z,1899-12-30T14:56:00Z,1899-12-30T15:56:00Z,KELP,MAC,MPR,MPR,2,62
MF-CNB3-4,-33.52219722,115.0100357,20070305,11:41:00,Capes.North,Fished,Cape.Naturaliste,26,NA,Yes,No,medium profile and ecklonia,8,2007-03-05T11:41:00Z,1899-12-30T11:41:00Z,1899-12-30T12:41:00Z,KELP,ECK,MPR,MPR,1,63
MF-CNB3-5,-33.52011759,115.0085653,20070305,11:47:00,Capes.North,Fished,Cape.Naturaliste,27,NA,Yes,Yes,Medium profile reef and Ecklonia,8,2007-03-05T11:47:00Z,1899-12-30T11:47:00Z,1899-12-30T12:47:00Z,KELP,ECK,MPR,MPR,2,62
MF-CNB4-1,-33.52289919,114.999318,20070304,14:23:00,Capes.North,Fished,Cape.Naturaliste,30,NA,No,No,High profile reef and sessile invertebrates,8,2007-03-04T14:23:00Z,1899-12-30T14:23:00Z,1899-12-30T15:23:00Z,SI,SI,HPR,HPR,2,62
MF-CNB4-2,-33.52298231,114.9977657,20070304,15:40:00,Capes.North,Fished,Cape.Naturaliste,32,NA,Yes,Yes,Medium profile reef and macroalgae,8,2007-03-04T15:40:00Z,1899-12-30T15:40:00Z,1899-12-30T16:40:00Z,KELP,MAC,MPR,MPR,3,63
MF-CNB4-3,-33.52416688,114.9990842,20070304,14:14:00,Capes.North,Fished,Cape.Naturaliste,30,NA,Yes,No,Medium Profile and Macroalgae,8,2007-03-04T14:14:00Z,1899-12-30T14:14:00Z,1899-12-30T15:14:00Z,KELP,ECK,LPR,LPR,2,62
MF-CNB4-4,-33.52322534,115.0010869,20070304,14:19:00,Capes.North,Fished,Cape.Naturaliste,30,NA,No,No,Medium Profile Reef and Macroalgae,8,2007-03-04T14:19:00Z,1899-12-30T14:19:00Z,1899-12-30T15:19:00Z,KELP,ECK,LPR,MPR,2,62
MF-CNB4-5,-33.52240252,114.9987157,20070304,15:47:00,Capes.North,Fished,Cape.Naturaliste,30,NA,Yes,Yes,Medium profile reef and kelp,4,2007-03-04T15:47:00Z,1899-12-30T15:47:00Z,1899-12-30T16:47:00Z,KELP,ECK,LPR,MPR,3,63
MF-CNB5-1,-33.53403354,114.996951,20070304,08:44:00,Capes.North,Fished,Cape.Naturaliste,30,NA,Yes,Yes,Medium profile reef and Ecklonia,6,2007-03-04T08:44:00Z,1899-12-30T08:44:00Z,1899-12-30T09:44:00Z,KELP,ECK,MPR,MPR,2,63
MF-CNB5-2,-33.53464705,114.9953001,20070304,08:57:00,Capes.North,Fished,Cape.Naturaliste,28,NA,Yes,Yes,Medium Profile Reef Kelp seagrass,8,2007-03-04T08:57:00Z,1899-12-30T08:57:00Z,1899-12-30T09:57:00Z,SG,ECK,MPR,MPR,1,63
MF-CNB5-3,-33.53403354,114.996951,20070304,08:51:00,Capes.North,Fished,Cape.Naturaliste,28,NA,Yes,Yes,Medium profile reef and kelp,8,2007-03-04T08:51:00Z,1899-12-30T08:51:00Z,1899-12-30T09:51:00Z,KELP,ECK,LPR,LPR,2,62
MF-CNB5-4,-33.53516459,114.9988631,20070304,09:48:00,Capes.North,Fished,Cape.Naturaliste,30,NA,Yes,No,Medium profile. kelp and sessile invertebrates,8,2007-03-04T09:48:00Z,1899-12-30T09:48:00Z,1899-12-30T10:48:00Z,KELP,ECK,MPR,MPR,2,43
MF-CNB5-5,-33.53281455,114.9968499,20070304,08:38:00,Capes.North,Fished,Cape.Naturaliste,28,NA,Yes,No,(facing skywards),8,2007-03-04T08:38:00Z,1899-12-30T08:38:00Z,1899-12-30T09:38:00Z,UNKNOWN,NA,UNKNOWN,NA,2,62
MF-CNB6-1,-33.54756813,114.9985879,20070304,11:43:00,Capes.North,Fished,Cape.Naturaliste,28,NA,Yes,Yes,High Profile Reef and Ecklonia,8,2007-03-04T11:43:00Z,1899-12-30T11:43:00Z,1899-12-30T12:43:00Z,KELP,ECK,MPR,HPR,1,60
MF-CNB6-2,-33.54500221,114.9982809,20070304,11:00:00,Capes.North,Fished,Cape.Naturaliste,30,NA,Yes,Yes,high profile with ecklonia,8,2007-03-04T11:00:00Z,1899-12-30T11:00:00Z,1899-12-30T12:00:00Z,KELP,ECK,MPR,HPR,2,62
MF-CNB6-3,-33.54541242,114.9968822,20070304,11:38:00,Capes.North,Fished,Cape.Naturaliste,28,NA,Yes,Yes,Medium profile. ecklonia and scytothalia,8,2007-03-04T11:38:00Z,1899-12-30T11:38:00Z,1899-12-30T12:38:00Z,KELP,ECK,MPR,MPR,2,62
MF-CNB6-4,-33.54533166,114.9996948,20070304,11:06:00,Capes.North,Fished,Cape.Naturaliste,28,NA,Yes,Yes,Medium profile reef and kelp,8,2007-03-04T11:06:00Z,1899-12-30T11:06:00Z,1899-12-30T12:06:00Z,KELP,ECK,LPR,MPR,3,63
MF-CNB7-1,-33.55388232,114.9987115,20070304,13:18:00,Capes.North,Fished,Cape.Naturaliste,30,NA,Yes,No,Medium profile reef and kelp,8,2007-03-04T13:18:00Z,1899-12-30T13:18:00Z,1899-12-30T14:18:00Z,KELP,ECK,MPR,MPR,3,62
MF-CNB7-2,-33.55381652,114.9974313,20070304,13:13:00,Capes.North,Fished,Cape.Naturaliste,38,NA,Yes,Yes,Low to medium reef and macroalgae,8,2007-03-04T13:13:00Z,1899-12-30T13:13:00Z,1899-12-30T14:13:00Z,MAC,MAC,LPR,MPR,2,63
MF-CNB7-3,-33.55584999,114.9988276,20070305,13:03:00,Capes.North,Fished,Cape.Naturaliste,50,NA,Yes,Yes,Low profile reef and macroalgae,8,2007-03-05T13:03:00Z,1899-12-30T13:03:00Z,1899-12-30T14:03:00Z,KELP,ECK,LPR,LPR,3,63
MF-CNB7-4,-33.55370875,115.0008048,20070305,12:53:00,Capes.North,Fished,Cape.Naturaliste,24,NA,Yes,Yes,Low Profile Reef and kelp,8,2007-03-05T12:53:00Z,1899-12-30T12:53:00Z,1899-12-30T13:53:00Z,KELP,ECK,LPR,LPR,2,62
MF-CNB7-5,-33.5526784,114.9984269,20070305,14:08:00,Capes.North,Fished,Cape.Naturaliste,29,NA,Yes,Yes,High Profile Reef and Ecklonia,8,2007-03-05T14:08:00Z,1899-12-30T14:08:00Z,1899-12-30T15:08:00Z,KELP,ECK,MPR,HPR,3,63
MF-GB018,-33.60790427,115.1973991,20070302,11:23:00,Geographe.Bay,Fished,Geographe.Bay,13,NA,Yes,Yes,Sand and seagrass,8,2007-03-02T11:23:00Z,1899-12-30T11:23:00Z,1899-12-30T12:23:00Z,UNKNOWN,SG,UNKNOWN,SA,3,62
MF-GB019,-33.6076042,115.2028047,20070302,12:56:00,Geographe.Bay,Fished,Geographe.Bay,13,NA,Yes,Yes,Sand and seagrass,8,2007-03-02T12:56:00Z,1899-12-30T12:56:00Z,1899-12-30T13:56:00Z,UNKNOWN,SG,UNKNOWN,SA,2,62
MF-GB036,-33.59150085,115.2475977,20070302,13:34:00,Geographe.Bay,Fished,Geographe.Bay,18,NA,Yes,Yes,Sand and seagrass,8,2007-03-02T13:34:00Z,1899-12-30T13:34:00Z,1899-12-30T14:34:00Z,UNKNOWN,SG,UNKNOWN,SA,1,61
MF-GB037,-33.59039751,115.2511973,20070302,13:22:00,Geographe.Bay,Fished,Geographe.Bay,17,NA,Yes,Yes,Sand and seagrass,8,2007-03-02T13:22:00Z,1899-12-30T13:22:00Z,1899-12-30T14:22:00Z,UNKNOWN,SG,UNKNOWN,SA,1,61
MF-GB043,-33.5917028,115.1518016,20070302,15:50:00,Geographe.Bay,Fished,Geographe.Bay,17,NA,Yes,Yes,Sand and seagrass,5,2007-03-02T15:50:00Z,1899-12-30T15:50:00Z,1899-12-30T16:50:00Z,UNKNOWN,SG,UNKNOWN,SA,2,62
MF-GB044,-33.57129911,115.1604992,20070302,15:26:00,Geographe.Bay,Fished,Geographe.Bay,25,NA,Yes,Yes,Sand and macroalgae,8,2007-03-02T15:26:00Z,1899-12-30T15:26:00Z,1899-12-30T16:26:00Z,UNKNOWN,SA,UNKNOWN,SIR,1,62
MF-GB047,-33.59060326,115.1982978,20070302,13:04:00,Geographe.Bay,Fished,Geographe.Bay,19,NA,Yes,Yes,sand and seagrass,8,2007-03-02T13:04:00Z,1899-12-30T13:04:00Z,1899-12-30T14:04:00Z,UNKNOWN,SG,UNKNOWN,SA,1,60
MF-GB057,-33.57690392,115.1140983,20070303,08:06:00,Geographe.Bay,Fished,Geographe.Bay,18,NA,Yes,Yes,Low Profile Reef and seagrass,8,2007-03-03T08:06:00Z,1899-12-30T08:06:00Z,1899-12-30T09:06:00Z,UNKNOWN,SG,UNKNOWN,SA,2,62
MF-GB058,-33.57589923,115.1179985,20070303,08:57:00,Geographe.Bay,Fished,Geographe.Bay,19,NA,Yes,Yes,Sand and seagrass,8,2007-03-03T08:57:00Z,1899-12-30T08:57:00Z,1899-12-30T09:57:00Z,UNKNOWN,SG,UNKNOWN,SA,2,62
MF-GB061,-33.58139618,115.1590998,20070302,16:02:00,Geographe.Bay,Fished,Geographe.Bay,22,NA,Yes,Yes,Low profile reef and macroalgae,8,2007-03-02T16:02:00Z,1899-12-30T16:02:00Z,1899-12-30T17:02:00Z,UNKNOWN,MAC,UNKNOWN,SIR,1,61
MF-GB064,-33.58179718,115.1880948,20070302,16:36:00,Geographe.Bay,Fished,Geographe.Bay,22,NA,Yes,Yes,Sand and Seagrass,8,2007-03-02T16:36:00Z,1899-12-30T16:36:00Z,1899-12-30T17:36:00Z,UNKNOWN,SG,UNKNOWN,SA,2,47
MF-GB074,-33.57319811,115.1164951,20070303,09:02:00,Geographe.Bay,Fished,Geographe.Bay,20,NA,Yes,Yes,Sand near low profile reef and macroalgae,8,2007-03-03T09:02:00Z,1899-12-30T09:02:00Z,1899-12-30T10:02:00Z,UNKNOWN,SA,UNKNOWN,SIR,2,60
MF-GB077,-33.56839999,115.1378959,20070302,15:40:00,Geographe.Bay,Fished,Geographe.Bay,25,NA,Yes,Yes,Sand and seagrass,8,2007-03-02T15:40:00Z,1899-12-30T15:40:00Z,1899-12-30T16:40:00Z,UNKNOWN,SA,UNKNOWN,SA,1,61
MF-GB080,-33.57639775,115.2168001,20070302,14:11:00,Geographe.Bay,Fished,Geographe.Bay,23,NA,Yes,Yes,Sand and seagrass,8,2007-03-02T14:11:00Z,1899-12-30T14:11:00Z,1899-12-30T15:11:00Z,UNKNOWN,SG,UNKNOWN,SA,2,62
MF-GB091,-33.55389636,115.1479006,20070303,09:17:00,Geographe.Bay,Fished,Geographe.Bay,27,NA,Yes,Yes,Sand,8,2007-03-03T09:17:00Z,1899-12-30T09:17:00Z,1899-12-30T10:17:00Z,UNKNOWN,SA,UNKNOWN,SA,3,62
MF-GB101,-33.56579717,115.1940952,20070302,15:14:00,Geographe.Bay,Fished,Geographe.Bay,27,NA,Yes,Yes,Sand and Seagrass,5,2007-03-02T15:14:00Z,1899-12-30T15:14:00Z,1899-12-30T16:14:00Z,UNKNOWN,SG,UNKNOWN,SA,4,62
MF-GB104,-33.56809583,115.1537052,20070302,15:33:00,Geographe.Bay,Fished,Geographe.Bay,26,NA,Yes,Yes,Sand and Seagrass,5,2007-03-02T15:33:00Z,1899-12-30T15:33:00Z,1899-12-30T16:33:00Z,UNKNOWN,SG,UNKNOWN,SA,2,62
MF-GB109,-33.55410455,115.0939042,20070303,09:52:00,Geographe.Bay,Fished,Geographe.Bay,27,NA,Yes,No,Sand,8,2007-03-03T09:52:00Z,1899-12-30T09:52:00Z,1899-12-30T10:52:00Z,UNKNOWN,SA,UNKNOWN,SA,3,63
MF-GB112,-33.568404,115.2335002,20070302,13:44:00,Geographe.Bay,Fished,Geographe.Bay,24,NA,Yes,Yes,sand and sea grass,5,2007-03-02T13:44:00Z,1899-12-30T13:44:00Z,1899-12-30T14:44:00Z,UNKNOWN,SG,UNKNOWN,SA,1,62
MF-GB113,-33.56969737,115.2362963,20070302,12:02:00,Geographe.Bay,Fished,Geographe.Bay,24,NA,Yes,Yes,low profile reef and macroalgae,8,2007-03-02T12:02:00Z,1899-12-30T12:02:00Z,1899-12-30T13:02:00Z,UNKNOWN,SI,UNKNOWN,LPR,4,63
MF-GB126,-33.56669549,115.2287952,20070302,12:22:00,Geographe.Bay,Fished,Geographe.Bay,26,NA,Yes,Yes,Sand,5,2007-03-02T12:22:00Z,1899-12-30T12:22:00Z,1899-12-30T13:22:00Z,UNKNOWN,SA,UNKNOWN,SA,4,62
MF-GB128,-33.56540445,115.2369006,20070302,12:12:00,Geographe.Bay,Fished,Geographe.Bay,24,NA,Yes,No,sand and seagrass,8,2007-03-02T12:12:00Z,1899-12-30T12:12:00Z,1899-12-30T13:12:00Z,UNKNOWN,SA,UNKNOWN,SA,1,61
MF-GB134,-33.56169981,115.1354977,20070303,09:10:00,Geographe.Bay,Fished,Geographe.Bay,27,NA,Yes,Yes,sand,8,2007-03-03T09:10:00Z,1899-12-30T09:10:00Z,1899-12-30T10:10:00Z,UNKNOWN,SA,UNKNOWN,SA,1,62
MF-GB145,-33.54539738,115.1344049,20070303,09:29:00,Geographe.Bay,Fished,Geographe.Bay,28,NA,Yes,Yes,sand and seagrass,8,2007-03-03T09:29:00Z,1899-12-30T09:29:00Z,1899-12-30T10:29:00Z,UNKNOWN,SA,UNKNOWN,SA,2,62
MF-GB168,-33.54850245,115.1340043,20070303,09:24:00,Geographe.Bay,Fished,Geographe.Bay,29,NA,Yes,Yes,sand  and seagrass,8,2007-03-03T09:24:00Z,1899-12-30T09:24:00Z,1899-12-30T10:24:00Z,UNKNOWN,SA,UNKNOWN,SA,2,62
MF-GB173,-33.54690109,115.0834976,20070303,11:24:00,Geographe.Bay,Fished,Geographe.Bay,28,NA,Yes,Yes,Sand,6,2007-03-03T11:24:00Z,1899-12-30T11:24:00Z,1899-12-30T12:24:00Z,UNKNOWN,SA,UNKNOWN,SA,2,62
MF-GB192,-33.53959924,115.1130031,20070303,10:55:00,Geographe.Bay,Fished,Geographe.Bay,31,NA,Yes,Yes,sand,8,2007-03-03T10:55:00Z,1899-12-30T10:55:00Z,1899-12-30T11:55:00Z,UNKNOWN,SA,UNKNOWN,SA,2,63
MF-GB199,-33.53719702,115.1109986,20070303,10:59:00,Geographe.Bay,Fished,Geographe.Bay,30,NA,Yes,Yes,sand and seagrass,8,2007-03-03T10:59:00Z,1899-12-30T10:59:00Z,1899-12-30T11:59:00Z,UNKNOWN,SG,UNKNOWN,SA,2,62
MF-GB221,-33.52649658,115.0889008,20070303,11:15:00,Geographe.Bay,Fished,Geographe.Bay,33,NA,Yes,Yes,Sand,8,2007-03-03T11:15:00Z,1899-12-30T11:15:00Z,1899-12-30T12:15:00Z,UNKNOWN,SA,UNKNOWN,SA,1,61
MF-GB228,-33.5245989,115.090396,20070303,11:11:00,Geographe.Bay,Fished,Geographe.Bay,34,NA,Yes,Yes,Medium profile reef and sessile invertebrates,8,2007-03-03T11:11:00Z,1899-12-30T11:11:00Z,1899-12-30T12:11:00Z,UNKNOWN,SI,UNKNOWN,LPR,2,62
MF-INB1-1,-33.6619459,114.9831639,20070306,08:05:00,Capes.South,Fished,Indijup,40,NA,Yes,No,Sand,3,2007-03-06T08:05:00Z,1899-12-30T08:05:00Z,1899-12-30T09:05:00Z,SA,SA,SA,SA,3,62
MF-INB1-2,-33.6612005,114.9816932,20070306,08:00:00,Capes.South,Fished,Indijup,41,NA,Yes,Yes,Sand,8,2007-03-06T08:00:00Z,1899-12-30T08:00:00Z,1899-12-30T09:00:00Z,SA,SA,SA,SA,2,63
MF-INB1-3,-33.66507734,114.9838673,20070306,08:17:00,Capes.South,Fished,Indijup,35,NA,Yes,No,High profile reef and sessile invertebrates and ma,8,2007-03-06T08:17:00Z,1899-12-30T08:17:00Z,1899-12-30T09:17:00Z,MAC,SI,MPR,HPR,1,63
MF-INB1-4,-33.66036306,114.9933911,20070306,09:10:00,Capes.South,Fished,Indijup,21,NA,Yes,Yes,Medium profile reef and macroalgae,8,2007-03-06T09:10:00Z,1899-12-30T09:10:00Z,1899-12-30T10:10:00Z,SI,ECK,MPR,MPR,1,62
MF-INB1-5,-33.66203487,114.9864077,20070306,08:12:00,Capes.South,Fished,Indijup,35,NA,Yes,Yes,Sand,3,2007-03-06T08:12:00Z,1899-12-30T08:12:00Z,1899-12-30T09:12:00Z,SA,SA,SA,SA,2,63
MF-INB2-1,-33.67111649,114.9826155,20070306,10:42:00,Capes.South,Fished,Indijup,30,NA,Yes,Yes,Low Profile Reef and kelp,8,2007-03-06T10:42:00Z,1899-12-30T10:42:00Z,1899-12-30T11:42:00Z,UNKNOWN,ECK,UNKNOWN,LPR,3,62
MF-INB2-2,-33.6712887,114.9815654,20070306,09:30:00,Capes.South,Fished,Indijup,33,NA,Yes,Yes,low profile reef and macroalgae,8,2007-03-06T09:30:00Z,1899-12-30T09:30:00Z,1899-12-30T10:30:00Z,KELP,ECK,LPR,LPR,1,62
MF-INB2-3,-33.67096871,114.9829533,20070306,09:22:00,Capes.South,Fished,Indijup,28,NA,Yes,Yes,Medium profile reef and kelp,8,2007-03-06T09:22:00Z,1899-12-30T09:22:00Z,1899-12-30T10:22:00Z,UNKNOWN,ECK,UNKNOWN,MPR,2,62
MF-INB2-4,-33.67150656,114.9849682,20070306,10:05:00,Capes.South,Fished,Indijup,20,NA,Yes,Yes,Medium profile reef and Ecklonia,8,2007-03-06T10:05:00Z,1899-12-30T10:05:00Z,1899-12-30T11:05:00Z,KELP,ECK,MPR,MPR,3,63
MF-INB2-5,-33.66978382,114.9832829,20070306,09:17:00,Capes.South,Fished,Indijup,27,NA,Yes,Yes,Medium profile reef and Ecklonia,8,2007-03-06T09:17:00Z,1899-12-30T09:17:00Z,1899-12-30T10:17:00Z,KELP,ECK,MPR,MPR,2,62
MF-INB3-1,-33.68479838,114.975069,20070306,14:03:00,Capes.South,Fished,Indijup,31,NA,Yes,Yes,Sand inundated reef. macroalgae and seagrass,8,2007-03-06T14:03:00Z,1899-12-30T14:03:00Z,1899-12-30T15:03:00Z,MAC,MAC,SIR,LPR,1,62
MF-INB3-2,-33.68347354,114.9751108,20070306,11:25:00,Capes.South,Fished,Indijup,29,NA,Yes,Yes,Medium profile reef and Ecklonia,8,2007-03-06T11:25:00Z,1899-12-30T11:25:00Z,1899-12-30T12:25:00Z,MAC,ECK,MPR,MPR,3,63
MF-INB3-3,-33.68089967,114.973769,20070306,10:50:00,Capes.South,Fished,Indijup,30,NA,Yes,Yes,moderate profile reef. ecklonia and other macroal,8,2007-03-06T10:50:00Z,1899-12-30T10:50:00Z,1899-12-30T11:50:00Z,UNKNOWN,ECK,UNKNOWN,MPR,2,63
MF-INB3-4,-33.68373952,114.9737347,20070306,14:00:00,Capes.South,Fished,Indijup,32,NA,Yes,Yes,Sand and macroalgae,8,2007-03-06T14:00:00Z,1899-12-30T14:00:00Z,1899-12-30T15:00:00Z,MAC,MAC,SIR,LPR,2,63
MF-INB3-5,-33.68348113,114.9766746,20070306,10:54:00,Capes.South,Fished,Indijup,29,NA,Yes,Yes,Medium profile reef and macroalgae,8,2007-03-06T10:54:00Z,1899-12-30T10:54:00Z,1899-12-30T11:54:00Z,KELP,ECK,MPR,MPR,1,62
MF-INB4-1,-33.67111649,114.9826155,20070306,13:11:00,Capes.South,Fished,Indijup,34,NA,Yes,No,Sand and macroalgae,8,2007-03-06T13:11:00Z,1899-12-30T13:11:00Z,1899-12-30T14:11:00Z,MAC,MAC,SIR,SIR,2,63
MF-INB4-2,-33.68888923,114.9693962,20070306,14:24:00,Capes.South,Fished,Indijup,37,NA,Yes,Yes,Sand inundated reef and macroalgae,8,2007-03-06T14:24:00Z,1899-12-30T14:24:00Z,1899-12-30T15:24:00Z,MAC,MAC,SIR,SIR,2,62
MF-INB4-3,-33.68851061,114.9737953,20070306,11:31:00,Capes.South,Fished,Indijup,31,NA,Yes,No,Low Profile Reef and seagrass,8,2007-03-06T11:31:00Z,1899-12-30T11:31:00Z,1899-12-30T12:31:00Z,SG,SG,LPR,LPR,2,63
MF-INB4-4,-33.68996345,114.969468,20070306,13:14:00,Capes.South,Fished,Indijup,33,NA,Yes,Yes,low profile reef and very dense kelp,8,2007-03-06T13:14:00Z,1899-12-30T13:14:00Z,1899-12-30T14:14:00Z,KELP,ECK,LPR,LPR,1,63
MF-INB4-5,-33.68702764,114.9696989,20070306,11:35:00,Capes.South,Fished,Indijup,34,NA,Yes,No,Sand inundated reef and macroalgae and sessile inv,8,2007-03-06T11:35:00Z,1899-12-30T11:35:00Z,1899-12-30T12:35:00Z,MAC,SA,SIR,SIR,2,62
MF-INB5-1,-33.69801017,114.9641975,20070306,15:27:00,Capes.South,Fished,Indijup,33,NA,Yes,Yes,Sand inundated reef and macroalgae,8,2007-03-06T15:27:00Z,1899-12-30T15:27:00Z,1899-12-30T16:27:00Z,MAC,MAC,SIR,MPR,1,63
MF-INB5-2,-33.69834979,114.961827,20070306,15:30:00,Capes.South,Fished,Indijup,36,NA,Yes,Yes,Sand inundated reef. macroalgae,8,2007-03-06T15:30:00Z,1899-12-30T15:30:00Z,1899-12-30T16:30:00Z,MAC,MAC,SIR,SIR,1,62
MF-INB5-3,-33.69440774,114.9611865,20070306,15:22:00,Capes.South,Fished,Indijup,34,NA,Yes,Yes,very dense seagrass,8,2007-03-06T15:22:00Z,1899-12-30T15:22:00Z,1899-12-30T16:22:00Z,SG,SG,LPR,SA,2,63
MF-INB5-4,-33.70041244,114.9666114,20070306,16:06:00,Capes.South,Fished,Indijup,29,NA,Yes,No,High profile reef and macroalgae,8,2007-03-06T16:06:00Z,1899-12-30T16:06:00Z,1899-12-30T17:06:00Z,UNKNOWN,ECK,LPR,HPR,1,61
MF-INB5-5,-33.69770443,114.969178,20070306,16:06:00,Capes.South,Fished,Indijup,27,NA,Yes,No,NA,8,2007-03-06T16:06:00Z,1899-12-30T16:06:00Z,1899-12-30T17:06:00Z,UNKNOWN,ECK,UNKNOWN,MPR,1,61
MF-INB6-1,-33.71100746,114.9605892,20070306,16:53:00,Capes.South,Fished,Indijup,26,NA,Yes,Yes,moderate profile reef. macroaglae and kelp,8,2007-03-06T16:53:00Z,1899-12-30T16:53:00Z,1899-12-30T17:53:00Z,UNKNOWN,ECK,UNKNOWN,MPR,2,63
MF-INB6-2,-33.71137116,114.9591348,20070306,16:56:00,Capes.South,Fished,Indijup,28,NA,Yes,Yes,Medium profile and ecklonia,8,2007-03-06T16:56:00Z,1899-12-30T16:56:00Z,1899-12-30T17:56:00Z,KELP,ECK,MPR,MPR,1,63
MF-INB6-3,-33.71215023,114.9604435,20070307,07:37:00,Capes.South,Fished,Indijup,29,NA,Yes,Yes,High Profile Reef and macroaglae,8,2007-03-07T07:37:00Z,1899-12-30T07:37:00Z,1899-12-30T08:37:00Z,KELP,ECK,LPR,HPR,2,63
MF-INB6-4,-33.70926616,114.959983,20070306,16:49:00,Capes.South,Fished,Indijup,25,NA,Yes,Yes,low profile reef. kelp and macroalgae,8,2007-03-06T16:49:00Z,1899-12-30T16:49:00Z,1899-12-30T17:49:00Z,KELP,ECK,LPR,LPR,2,62
MF-INB6-5,-33.71164354,114.9619768,20070306,17:02:00,Capes.South,Fished,Indijup,24,NA,No,No,Low Profile Reef and Ecklonia,8,2007-03-06T17:02:00Z,1899-12-30T17:02:00Z,1899-12-30T18:02:00Z,KELP,ECK,LPR,LPR,1,62
MF-INB7-1,-33.71843844,114.9655605,20070307,07:44:00,Capes.South,Fished,Indijup,31,NA,Yes,Yes,Sand and macroalgae,8,2007-03-07T07:44:00Z,1899-12-30T07:44:00Z,1899-12-30T08:44:00Z,SA,SA,SA,SIR,2,62
MF-INB7-2,-33.71646726,114.9635892,20070307,07:41:00,Capes.South,Fished,Indijup,30,NA,Yes,Yes,High profile reef and Macroalgae (kelp and red),8,2007-03-07T07:41:00Z,1899-12-30T07:41:00Z,1899-12-30T08:41:00Z,KELP,ECK,LPR,HPR,2,62
MF-INB7-3,-33.71996323,114.964521,20070307,07:50:00,Capes.South,Fished,Indijup,32,NA,Yes,No,Seagrass,8,2007-03-07T07:50:00Z,1899-12-30T07:50:00Z,1899-12-30T08:50:00Z,SG,SG,LPR,SA,2,62
MF-INB7-4,-33.7202064,114.9661446,20070307,07:56:00,Capes.South,Fished,Indijup,33,NA,Yes,No,Sand and trace macroalgae.,8,2007-03-07T07:56:00Z,1899-12-30T07:56:00Z,1899-12-30T08:56:00Z,SA,SA,SA,SA,2,62
MF-INB7-5,-33.71836314,114.9702993,20070307,08:00:00,Capes.South,Fished,Indijup,25,NA,Yes,No,Medium profile reef and kelp,5,2007-03-07T08:00:00Z,1899-12-30T08:00:00Z,1899-12-30T09:00:00Z,KELP,ECK,LPR,MPR,2,62
MF-WC002,-33.70050024,114.9150956,20070307,10:12:00,Capes.South,Fished,West.Coast,46,NA,Yes,Yes,Low Profile Reef and Macroalgae,8,2007-03-07T10:12:00Z,1899-12-30T10:12:00Z,1899-12-30T11:12:00Z,SG,MAC,LPR,LPR,1,NA
MF-WC003,-33.699801,114.9433018,20070307,07:28:00,Capes.South,Fished,West.Coast,45,NA,Yes,Yes,Low Profile Reef and Macroalgae,8,2007-03-07T07:28:00Z,1899-12-30T07:28:00Z,1899-12-30T08:28:00Z,MAC,MAC,LPR,LPR,2,62
MF-WC004,-33.6999025,114.9685005,20070306,16:03:00,Capes.South,Fished,West.Coast,27,NA,Yes,Yes,Sand and macroalgae,8,2007-03-06T16:03:00Z,1899-12-30T16:03:00Z,1899-12-30T17:03:00Z,MAC,MAC,SIR,SIR,3,61
MF-WC005,-33.69880426,114.9403049,20070307,09:56:00,Capes.South,Fished,West.Coast,42,NA,Yes,Yes,Medium profile reef and macroalgae,8,2007-03-07T09:56:00Z,1899-12-30T09:56:00Z,1899-12-30T10:56:00Z,SI,SI,MPR,MPR,1,63
MF-WC007,-33.69289754,114.952204,20070307,09:25:00,Capes.South,Fished,West.Coast,45,NA,Yes,Yes,Sand near low profile reef sessile invertebrates,8,2007-03-07T09:25:00Z,1899-12-30T09:25:00Z,1899-12-30T10:25:00Z,SI,SA,SIR,SIR,3,63
MF-WC008,-33.69239772,114.9422054,20070307,09:52:00,Capes.South,Fished,West.Coast,46,NA,Yes,Yes,Sand near low profile reef and macroalgae,8,2007-03-07T09:52:00Z,1899-12-30T09:52:00Z,1899-12-30T10:52:00Z,UNKNOWN,SA,UNKNOWN,SIR,2,62
MF-WC009,-33.692601260000004,114.9747025,20070306,14:29:00,Capes.South,Fished,West.Coast,24,NA,Yes,No,Low Profile Reef and Ecklonia,8,2007-03-06T14:29:00Z,1899-12-30T14:29:00Z,1899-12-30T15:29:00Z,KELP,MAC,LPR,LPR,2,62
MF-WC010,-33.69020254,114.9274041,20070307,09:42:00,Capes.South,Fished,West.Coast,45,NA,Yes,Yes,Sand innundated reef and macroalgae,8,2007-03-07T09:42:00Z,1899-12-30T09:42:00Z,1899-12-30T10:42:00Z,MAC,MAC,LPR,SIR,2,62
MF-WC011,-33.6899971,114.9632971,20070306,15:18:00,Capes.South,Fished,West.Coast,37,NA,Yes,Yes,Sand and macroalgae,8,2007-03-06T15:18:00Z,1899-12-30T15:18:00Z,1899-12-30T16:18:00Z,MAC,MAC,LPR,LPR,2,48
MF-WC013,-33.6897994,114.976505,20070306,12:59:00,Capes.South,Fished,West.Coast,25,NA,Yes,Yes,Low Profile Reef and Ecklonia,8,2007-03-06T12:59:00Z,1899-12-30T12:59:00Z,1899-12-30T13:59:00Z,KELP,ECK,LPR,LPR,1,62
MF-WC014,-33.68969985,114.9830981,20070306,14:34:00,Capes.South,Fished,West.Coast,20,NA,Yes,Yes,Medium profile reef and Ecklonia,8,2007-03-06T14:34:00Z,1899-12-30T14:34:00Z,1899-12-30T15:34:00Z,KELP,ECK,LPR,MPR,1,61
MF-WC016,-33.68740412,114.9509968,20070307,09:31:00,Capes.South,Fished,West.Coast,42,NA,Yes,Yes,Sand,8,2007-03-07T09:31:00Z,1899-12-30T09:31:00Z,1899-12-30T10:31:00Z,SA,SA,SA,SA,1,61
MF-WC017,-33.68669811,114.9319,20070307,09:38:00,Capes.South,Fished,West.Coast,45,NA,Yes,Yes,Sand,8,2007-03-07T09:38:00Z,1899-12-30T09:38:00Z,1899-12-30T10:38:00Z,SA,SA,SA,SA,2,62
MF-WC020,-33.68180413,114.9668017,20070306,12:27:00,Capes.South,Fished,West.Coast,36,NA,Yes,Yes,Low Profile Reef and Macroalgae,8,2007-03-06T12:27:00Z,1899-12-30T12:27:00Z,1899-12-30T13:27:00Z,MAC,MAC,LPR,MPR,2,62
MF-WC021,-33.68010366,114.9166992,20070307,10:57:00,Capes.South,Fished,West.Coast,45,NA,Yes,Yes,Low Profile Reef and Macroalgae,8,2007-03-07T10:57:00Z,1899-12-30T10:57:00Z,1899-12-30T11:57:00Z,SG,MAC,LPR,LPR,2,62
MF-WC022,-33.68039839,114.9783971,20070306,10:58:00,Capes.South,Fished,West.Coast,31,NA,Yes,Yes,Medium profile reef and ecklonia,8,2007-03-06T10:58:00Z,1899-12-30T10:58:00Z,1899-12-30T11:58:00Z,KELP,ECK,MPR,MPR,2,62
MF-WC023,-33.67869871,114.9056026,20070307,11:02:00,Capes.South,Fished,West.Coast,46,NA,Yes,Yes,Low Profile Reef and Sessile Invertebrates,10,2007-03-07T11:02:00Z,1899-12-30T11:02:00Z,1899-12-30T12:02:00Z,SI,MAC,LPR,LPR,1,NA
MF-WC025,-33.67759945,114.9639023,20070306,13:54:00,Capes.South,Fished,West.Coast,40,NA,Yes,Yes,Low Profile Reef and Macroalgae,8,2007-03-06T13:54:00Z,1899-12-30T13:54:00Z,1899-12-30T14:54:00Z,MAC,ECK,LPR,LPR,2,62
MF-WC026,-33.67779775,114.9859,20070306,10:11:00,Capes.South,Fished,West.Coast,24,NA,Yes,Yes,Sand near low profile reef and macroalgae,8,2007-03-06T10:11:00Z,1899-12-30T10:11:00Z,1899-12-30T11:11:00Z,MAC,SA,LPR,MPR,3,62
MF-WC027,-33.67720298,114.9683013,20070306,12:32:00,Capes.South,Fished,West.Coast,42,NA,Yes,Yes,Low Profile Reef and Macroalgae,8,2007-03-06T12:32:00Z,1899-12-30T12:32:00Z,1899-12-30T13:32:00Z,MAC,SI,LPR,LPR,2,62
MF-WC029,-33.6749037,114.9705017,20070306,12:36:00,Capes.South,Fished,West.Coast,42,NA,Yes,Yes,Sand and Seagrass,8,2007-03-06T12:36:00Z,1899-12-30T12:36:00Z,1899-12-30T13:36:00Z,MAC,MAC,SIR,LPR,1,61
MF-WC030,-33.67439949,114.9595991,20070306,13:50:00,Capes.South,Fished,West.Coast,45,NA,Yes,Yes,Sand,8,2007-03-06T13:50:00Z,1899-12-30T13:50:00Z,1899-12-30T14:50:00Z,SA,SA,SA,SA,1,58
MF-WC031,-33.67409648,114.9620005,20070306,12:40:00,Capes.South,Fished,West.Coast,45,NA,Yes,Yes,Sand and macroalgae,8,2007-03-06T12:40:00Z,1899-12-30T12:40:00Z,1899-12-30T13:40:00Z,SA,SA,SA,SIR,2,62
MF-WC033,-33.6716033,114.9389048,20070307,11:23:00,Capes.South,Fished,West.Coast,45,NA,Yes,Yes,Sand,8,2007-03-07T11:23:00Z,1899-12-30T11:23:00Z,1899-12-30T12:23:00Z,SA,SA,SA,SIR,2,62
MF-WC034,-33.67030092,114.974104,20070226,11:35:00,Capes.South,Fished,West.Coast,42,NA,Yes,Yes,Sand and macroalgae,8,2007-02-26T11:35:00Z,1899-12-30T11:35:00Z,1899-12-30T12:35:00Z,MAC,SA,SIR,SIR,4,63
MF-WC035,-33.66939715,114.9085027,20070307,11:10:00,Capes.South,Fished,West.Coast,46,NA,Yes,Yes,Low Profile Reef and seagrass,10,2007-03-07T11:10:00Z,1899-12-30T11:10:00Z,1899-12-30T12:10:00Z,SG,SG,LPR,LPR,4,NA
MF-WC036,-33.66799763,114.9859991,20070226,11:08:00,Capes.South,Fished,West.Coast,27,NA,Yes,No,Medium profile reef and Ecklonia,8,2007-02-26T11:08:00Z,1899-12-30T11:08:00Z,1899-12-30T12:08:00Z,KELP,ECK,MPR,MPR,4,63
MF-WC038,-33.66699951,114.9823019,20070226,11:13:00,Capes.South,Fished,West.Coast,23,NA,Yes,Yes,Medium profile reef and Ecklonia,8,2007-02-26T11:13:00Z,1899-12-30T11:13:00Z,1899-12-30T12:13:00Z,KELP,ECK,MPR,MPR,3,62
MF-WC039,-33.66620054,114.9726041,20070226,11:28:00,Capes.South,Fished,West.Coast,43,NA,Yes,Yes,Sand and macroalgae,8,2007-02-26T11:28:00Z,1899-12-30T11:28:00Z,1899-12-30T12:28:00Z,MAC,SA,SIR,SIR,3,62
MF-WC040,-33.66439755,114.981996,20070226,09:56:00,Capes.South,Fished,West.Coast,40,NA,Yes,No,Sand inundated reef and macroalgae,8,2007-02-26T09:56:00Z,1899-12-30T09:56:00Z,1899-12-30T10:56:00Z,MAC,MAC,SIR,SIR,1,62
MF-WC041,-33.66300007,114.9698971,20070226,11:43:00,Capes.South,Fished,West.Coast,45,NA,Yes,No,Sand,8,2007-02-26T11:43:00Z,1899-12-30T11:43:00Z,1899-12-30T12:43:00Z,SA,SA,SA,SA,4,NA
MF-WC042,-33.66169785,114.9197958,20070307,11:19:00,Capes.South,Fished,West.Coast,44,NA,Yes,Yes,Low Profile Reef and Macroalgae,10,2007-03-07T11:19:00Z,1899-12-30T11:19:00Z,1899-12-30T12:19:00Z,UNKNOWN,MAC,UNKNOWN,LPR,3,63
MF-WC043,-33.66240417,114.9736961,20070226,11:49:00,Capes.South,Fished,West.Coast,45,NA,Yes,Yes,Sand and macroalgae,8,2007-02-26T11:49:00Z,1899-12-30T11:49:00Z,1899-12-30T12:49:00Z,SA,SA,SA,SIR,4,62
MF-WC044,-33.660202,114.9113024,20070307,12:20:00,Capes.South,Fished,West.Coast,46,NA,Yes,Yes,Low Profile Reef and seagrass,8,2007-03-07T12:20:00Z,1899-12-30T12:20:00Z,1899-12-30T13:20:00Z,UNKNOWN,SI,UNKNOWN,LPR,3,62
MF-WC045,-33.66210075,114.9899,20070226,10:53:00,Capes.South,Fished,West.Coast,32,NA,Yes,No,sand. macroalgae,8,2007-02-26T10:53:00Z,1899-12-30T10:53:00Z,1899-12-30T11:53:00Z,SA,SA,SA,SIR,2,63
MF-WC046,-33.6606043,114.9613052,20070307,13:13:00,Capes.South,Fished,West.Coast,47,NA,Yes,Yes,Sand,10,2007-03-07T13:13:00Z,1899-12-30T13:13:00Z,1899-12-30T14:13:00Z,SA,SA,SA,SA,2,NA
MF-WC047,-33.65739869,114.9086961,20070307,12:24:00,Capes.South,Fished,West.Coast,45,NA,Yes,Yes,Sand inundated reef and macroalgae,8,2007-03-07T12:24:00Z,1899-12-30T12:24:00Z,1899-12-30T13:24:00Z,MAC,MAC,SIR,LPR,2,62
MF-WC049,-33.65700033,114.9118003,20070307,12:28:00,Capes.South,Fished,West.Coast,46,NA,Yes,Yes,low profile reef and macroalgae,8,2007-03-07T12:28:00Z,1899-12-30T12:28:00Z,1899-12-30T13:28:00Z,MAC,MAC,SIR,LPR,2,62
MF-WC050,-33.65749643,114.9457002,20070307,13:02:00,Capes.South,Fished,West.Coast,46,NA,Yes,Yes,Sand,8,2007-03-07T13:02:00Z,1899-12-30T13:02:00Z,1899-12-30T14:02:00Z,SA,SA,SA,SIR,2,62
MF-WC051,-33.65690078,114.9560011,20070307,13:07:00,Capes.South,Fished,West.Coast,47,NA,Yes,Yes,Sand,10,2007-03-07T13:07:00Z,1899-12-30T13:07:00Z,1899-12-30T14:07:00Z,SA,SA,SA,SIR,3,NA
MF-WC052,-33.65630362,114.9744969,20070306,07:37:00,Capes.South,Fished,West.Coast,43,NA,Yes,Yes,Sand,8,2007-03-06T07:37:00Z,1899-12-30T07:37:00Z,1899-12-30T08:37:00Z,SA,SA,SA,SA,2,62
MF-WC053,-33.65610351,114.9810036,20070306,07:54:00,Capes.South,Fished,West.Coast,43,NA,Yes,Yes,Sand,8,2007-03-06T07:54:00Z,1899-12-30T07:54:00Z,1899-12-30T08:54:00Z,SA,SA,SA,SA,2,62
MF-WC054,-33.65599867,114.9779006,20070306,07:41:00,Capes.South,Fished,West.Coast,43,NA,Yes,Yes,Sand,8,2007-03-06T07:41:00Z,1899-12-30T07:41:00Z,1899-12-30T08:41:00Z,SA,SA,SA,SA,2,63
MF-WC055,-33.58280158,115.0032045,20070307,14:43:00,Capes.North,Fished,West.Coast,25,NA,Yes,Yes,Low Profile Reef and Ecklonia,8,2007-03-07T14:43:00Z,1899-12-30T14:43:00Z,1899-12-30T15:43:00Z,KELP,ECK,LPR,LPR,3,62
MF-WC056,-33.57210416,114.9785992,20070305,15:46:00,Capes.North,Fished,West.Coast,48,NA,Yes,No,Sand,8,2007-03-05T15:46:00Z,1899-12-30T15:46:00Z,1899-12-30T16:46:00Z,UNKNOWN,SA,UNKNOWN,SA,3,63
MF-WC057,-33.57179773,114.9918993,20070305,15:54:00,Capes.North,Fished,West.Coast,35,NA,Yes,Yes,Low Profile Reef and Macroalgae,8,2007-03-05T15:54:00Z,1899-12-30T15:54:00Z,1899-12-30T16:54:00Z,SI,MAC,MPR,LPR,2,62
MF-WC058,-33.57000047,114.9984041,20070305,15:58:00,Capes.North,Fished,West.Coast,35,NA,Yes,Yes,Medium profile and ecklonia,8,2007-03-05T15:58:00Z,1899-12-30T15:58:00Z,1899-12-30T16:58:00Z,UNKNOWN,ECK,UNKNOWN,MPR,1,NA
MF-WC059,-33.56950237,114.9749974,20070305,16:29:00,Capes.North,Fished,West.Coast,48,NA,Yes,Yes,Low Profile Reef and Sessile Invertebrates,8,2007-03-05T16:29:00Z,1899-12-30T16:29:00Z,1899-12-30T17:29:00Z,SI,SI,LPR,LPR,2,62
MF-WC060,-33.56880291,114.9790962,20070305,15:41:00,Capes.North,Fished,West.Coast,46,NA,Yes,No,Medium Profile Reef and sessile invertebrates,8,2007-03-05T15:41:00Z,1899-12-30T15:41:00Z,1899-12-30T16:41:00Z,SI,SI,MPR,MPR,2,62
MF-WC061,-33.56430434,114.9753019,20070305,14:46:00,Capes.North,Fished,West.Coast,46,NA,Yes,Yes,Sand and macroalgae,8,2007-03-05T14:46:00Z,1899-12-30T14:46:00Z,1899-12-30T15:46:00Z,MAC,SA,SIR,SIR,2,62
MF-WC062,-33.56300234,114.9795007,20070305,14:43:00,Capes.North,Fished,West.Coast,46,NA,Yes,Yes,Sand,8,2007-03-05T14:43:00Z,1899-12-30T14:43:00Z,1899-12-30T15:43:00Z,SA,SA,SA,SA,2,63
MF-WC063,-33.55880445,115.0002997,20070305,13:40:00,Capes.North,Fished,West.Coast,26,NA,Yes,Yes,Sand near medium profile reef and Ecklonia,8,2007-03-05T13:40:00Z,1899-12-30T13:40:00Z,1899-12-30T14:40:00Z,MAC,MAC,MPR,MPR,2,62
MF-WC065,-33.55629637,115.0018976,20070305,13:45:00,Capes.North,Fished,West.Coast,22,NA,Yes,Yes,High Profile Reef and Ecklonia,8,2007-03-05T13:45:00Z,1899-12-30T13:45:00Z,1899-12-30T14:45:00Z,KELP,ECK,MPR,MPR,3,NA
MF-WC069,-33.55309821,115.0059993,20070305,12:49:00,Capes.North,Fished,West.Coast,29,NA,Yes,Yes,Medium profile reef and ecklonia,8,2007-03-05T12:49:00Z,1899-12-30T12:49:00Z,1899-12-30T13:49:00Z,KELP,ECK,MPR,MPR,1,NA
MF-WC070,-33.55039936,114.9785988,20070304,13:04:00,Capes.North,Fished,West.Coast,46,NA,Yes,Yes,Sand,5,2007-03-04T13:04:00Z,1899-12-30T13:04:00Z,1899-12-30T14:04:00Z,SA,SA,SA,SA,3,NA
MF-WC071,-33.55030013,114.9968986,20070304,12:54:00,Capes.North,Fished,West.Coast,36,NA,Yes,Yes,Medium Profile Reef and Ecklonia,8,2007-03-04T12:54:00Z,1899-12-30T12:54:00Z,1899-12-30T13:54:00Z,UNKNOWN,MAC,UNKNOWN,MPR,3,62
MF-WC072,-33.54849778,114.9914048,20070304,12:14:00,Capes.North,Fished,West.Coast,40,NA,Yes,Yes,Sand inundated reef and macroalgae,8,2007-03-04T12:14:00Z,1899-12-30T12:14:00Z,1899-12-30T13:14:00Z,MAC,MAC,SIR,SIR,3,62
MF-WC073,-33.54819694,114.9851009,20070304,12:20:00,Capes.North,Fished,West.Coast,44,NA,Yes,Yes,Sand,8,2007-03-04T12:20:00Z,1899-12-30T12:20:00Z,1899-12-30T13:20:00Z,SA,SA,SA,SA,4,63
MF-WC074,-33.54680021,114.9945994,20070304,12:08:00,Capes.North,Fished,West.Coast,34,NA,Yes,Yes,High profile reef and seagrass,8,2007-03-04T12:08:00Z,1899-12-30T12:08:00Z,1899-12-30T13:08:00Z,SG,SG,MPR,MPR,2,62
MF-WC075,-33.54250121,114.9992001,20070304,10:43:00,Capes.North,Fished,West.Coast,25,NA,Yes,Yes,Medium Profile Reef and Ecklonia,8,2007-03-04T10:43:00Z,1899-12-30T10:43:00Z,1899-12-30T11:43:00Z,KELP,ECK,MPR,MPR,3,NA
MF-WC076,-33.54030364,114.9899038,20070305,14:27:00,Capes.North,Fished,West.Coast,38,NA,Yes,No,High profile reef and sessile invertebrates,10,2007-03-05T14:27:00Z,1899-12-30T14:27:00Z,1899-12-30T15:27:00Z,SI,SI,HPR,MPR,2,62
MF-WC077,-33.53959742,114.9863989,20070304,11:14:00,Capes.North,Fished,West.Coast,44,NA,Yes,No,Sand,8,2007-03-04T11:14:00Z,1899-12-30T11:14:00Z,1899-12-30T12:14:00Z,SA,SA,SA,SA,2,62
MF-WC078,-33.53330281,114.9896998,20070304,09:52:00,Capes.North,Fished,West.Coast,37,NA,Yes,Yes,Sand and seagrass,8,2007-03-04T09:52:00Z,1899-12-30T09:52:00Z,1899-12-30T10:52:00Z,SG,SG,LPR,LPR,2,62
MF-WC079,-33.53300192,114.983397,20070304,09:59:00,Capes.North,Fished,West.Coast,30,NA,Yes,Yes,Sand,8,2007-03-04T09:59:00Z,1899-12-30T09:59:00Z,1899-12-30T10:59:00Z,SA,SA,SA,SA,3,62
MF-WC080,-33.52919964,114.9958027,20070305,11:55:00,Capes.North,Fished,West.Coast,28,NA,Yes,Yes,High Profile Reef and Ecklonia,8,2007-03-05T11:55:00Z,1899-12-30T11:55:00Z,1899-12-30T12:55:00Z,KELP,ECK,MPR,HPR,2,62
MF-WC081,-33.52650107,114.9951006,20070304,14:09:00,Capes.North,Fished,West.Coast,28,NA,Yes,No,Low Profile Reef and Ecklonia,5,2007-03-04T14:09:00Z,1899-12-30T14:09:00Z,1899-12-30T15:09:00Z,SG,ECK,LPR,LPR,3,63
MF-WC082,-33.52440224,114.986902,20070304,15:05:00,Capes.North,Fished,West.Coast,42,NA,Yes,Yes,Low profile reef and Macroalgae,8,2007-03-04T15:05:00Z,1899-12-30T15:05:00Z,1899-12-30T16:05:00Z,MAC,MAC,LPR,LPR,2,62
MF-WC083,-33.52439553,114.9803993,20070304,15:00:00,Capes.North,Fished,West.Coast,46,NA,Yes,No,Sand,8,2007-03-04T15:00:00Z,1899-12-30T15:00:00Z,1899-12-30T16:00:00Z,SA,SA,SA,SA,3,62
MF-WC084,-33.52390256,114.9900035,20070304,15:10:00,Capes.North,Fished,West.Coast,35,NA,Yes,Yes,Low Profile Reef and Macroalgae,8,2007-03-04T15:10:00Z,1899-12-30T15:10:00Z,1899-12-30T16:10:00Z,SI,SI,LPR,LPR,3,NA
MF-WC085,-33.51960343,115.0023975,20070304,15:57:00,Capes.North,Fished,West.Coast,34,NA,Yes,Yes,Low Profile Reef and Ecklonia,8,2007-03-04T15:57:00Z,1899-12-30T15:57:00Z,1899-12-30T16:57:00Z,KELP,MAC,LPR,LPR,2,61
MF-WC086,-33.51890176,115.0052989,20070305,11:05:00,Capes.North,Fished,West.Coast,38,NA,Yes,Yes,Low Profile Reef and Macroalgae,8,2007-03-05T11:05:00Z,1899-12-30T11:05:00Z,1899-12-30T12:05:00Z,MAC,SG,LPR,LPR,2,63
MF-WC087,-33.5183,114.9953975,20070305,10:55:00,Capes.North,Fished,West.Coast,48,NA,Yes,Yes,Sand and macroalgae,8,2007-03-05T10:55:00Z,1899-12-30T10:55:00Z,1899-12-30T11:55:00Z,MAC,MAC,SIR,SIR,7,62
MF-WC089,-33.5188026,115.0053012,20070304,16:04:00,Capes.North,Fished,West.Coast,32,NA,Yes,No,Medium profile reef and seagrass,8,2007-03-04T16:04:00Z,1899-12-30T16:04:00Z,1899-12-30T17:04:00Z,SG,SG,LPR,LPR,3,63
MF-WC090,-33.51540356,115.003097,20070305,10:13:00,Capes.North,Fished,West.Coast,41,NA,Yes,Yes,Sand,8,2007-03-05T10:13:00Z,1899-12-30T10:13:00Z,1899-12-30T11:13:00Z,SA,SA,SA,SA,2,62
MF-WC092,-33.51359767,114.9995968,20070305,09:59:00,Capes.North,Fished,West.Coast,46,NA,Yes,Yes,Sand and macroalgae,8,2007-03-05T09:59:00Z,1899-12-30T09:59:00Z,1899-12-30T10:59:00Z,SA,MAC,SA,SIR,2,62
MF-WC094,-33.51319752,115.0032984,20070303,15:46:00,Capes.North,Fished,West.Coast,45,NA,Yes,Yes,Sand,8,2007-03-03T15:46:00Z,1899-12-30T15:46:00Z,1899-12-30T16:46:00Z,SA,SA,SA,SA,2,62
MF-WC095,-33.51250362,115.0050044,20070303,15:40:00,Capes.North,Fished,West.Coast,44,NA,Yes,Yes,Sand,8,2007-03-03T15:40:00Z,1899-12-30T15:40:00Z,1899-12-30T16:40:00Z,SA,SA,SA,SA,2,62
MF-WC096,-33.51209761,114.9954976,20070305,10:06:00,Capes.North,Fished,West.Coast,50,NA,Yes,No,Sand,8,2007-03-05T10:06:00Z,1899-12-30T10:06:00Z,1899-12-30T11:06:00Z,SA,SA,SA,SA,3,62
MF-WC097,-33.51109899,115.0113017,20070303,15:35:00,Capes.North,Fished,West.Coast,36,NA,Yes,Yes,Medium profile reef and seagrass,8,2007-03-03T15:35:00Z,1899-12-30T15:35:00Z,1899-12-30T16:35:00Z,SG,SG,SA,MPR,3,62
MF-WC098,-33.51100395,115.0025952,20070305,09:53:00,Capes.North,Fished,West.Coast,46,NA,Yes,No,Sand and macroalgae,8,2007-03-05T09:53:00Z,1899-12-30T09:53:00Z,1899-12-30T10:53:00Z,SA,SA,SA,SIR,2,62
MF-WC099,-33.50959999,115.0213041,20070303,15:28:00,Capes.North,Fished,West.Coast,36,NA,Yes,Yes,Low Profile Reef and Macroalgae,8,2007-03-03T15:28:00Z,1899-12-30T15:28:00Z,1899-12-30T16:28:00Z,MAC,MAC,SIR,LPR,1,NA
MF-WC100,-33.50760321,115.0042019,20070305,10:42:00,Capes.North,Fished,West.Coast,40,NA,Yes,No,Sand and rhodoliths,8,2007-03-05T10:42:00Z,1899-12-30T10:42:00Z,1899-12-30T11:42:00Z,UNKNOWN,SA,UNKNOWN,SIR,3,63
MF-WC101,-33.50300304,115.0030051,20070305,09:17:00,Capes.North,Fished,West.Coast,38,NA,Yes,Yes,High profile reef and sessile invertebrates,8,2007-03-05T09:17:00Z,1899-12-30T09:17:00Z,1899-12-30T10:17:00Z,SI,SI,HPR,HPR,3,62
MF-WC102,-33.50199585,115.0014998,20070305,09:11:00,Capes.North,Fished,West.Coast,38,NA,Yes,Yes,Medium profile reef and macroalgae,8,2007-03-05T09:11:00Z,1899-12-30T09:11:00Z,1899-12-30T10:11:00Z,SI,SI,LPR,LPR,2,62
MF-WC104,-33.49860293,115.0260965,20070305,07:40:00,Capes.North,Fished,West.Coast,42,NA,Yes,Yes,Sand inundated reef and macroalgae,8,2007-03-05T07:40:00Z,1899-12-30T07:40:00Z,1899-12-30T08:40:00Z,MAC,SA,SIR,SIR,2,62
MF-WC105,-33.49780274,115.0042978,20070305,08:27:00,Capes.North,Fished,West.Coast,28,NA,Yes,No,High profile reef and sessile invertebrates,8,2007-03-05T08:27:00Z,1899-12-30T08:27:00Z,1899-12-30T09:27:00Z,SI,SI,HPR,HPR,2,61
MF-WC106,-33.49719964,115.0066041,20070305,08:19:00,Capes.North,Fished,West.Coast,28,NA,Yes,Yes,Low Profile Reef and seagrass,10,2007-03-05T08:19:00Z,1899-12-30T08:19:00Z,1899-12-30T09:19:00Z,SG,SG,MPR,MPR,2,56
MF-WC107,-33.49730422,115.0103042,20070305,08:15:00,Capes.North,Fished,West.Coast,28,NA,Yes,Yes,Unknown,8,2007-03-05T08:15:00Z,1899-12-30T08:15:00Z,1899-12-30T09:15:00Z,UNKNOWN,ECK,UNKNOWN,MPR,1,62
MF-WC108,-33.49580444,115.0293028,20070304,07:51:00,Capes.North,Fished,West.Coast,42,NA,Yes,Yes,Sand and macroalgae,8,2007-03-04T07:51:00Z,1899-12-30T07:51:00Z,1899-12-30T08:51:00Z,SA,SA,SA,SIR,3,62
MF-WC110,-33.49390116,115.0056035,20070305,08:08:00,Capes.North,Fished,West.Coast,35,NA,Yes,Yes,Medium Profile Reef and seagrass,8,2007-03-05T08:08:00Z,1899-12-30T08:08:00Z,1899-12-30T09:08:00Z,SG,SG,MPR,MPR,2,62
MF-WC111,-33.4927011,115.015102,20070304,07:59:00,Capes.North,Fished,West.Coast,42,NA,Yes,Yes,low profile reef and macroalgae,8,2007-03-04T07:59:00Z,1899-12-30T07:59:00Z,1899-12-30T08:59:00Z,MAC,MAC,LPR,LPR,4,63
MF-WC115,-33.4842018,114.9952044,20070305,08:00:00,Capes.North,Fished,West.Coast,38,NA,Yes,Yes,Low Profile Reef and Sessile Invertebrates,8,2007-03-05T08:00:00Z,1899-12-30T08:00:00Z,1899-12-30T09:00:00Z,SI,SI,MPR,MPR,1,61
MF-WC116,-33.48337086,115.0018202,20070305,07:52:00,Capes.North,Fished,West.Coast,50,NA,Yes,No,Sand near low profile reef and macroalgae,8,2007-03-05T07:52:00Z,1899-12-30T07:52:00Z,1899-12-30T08:52:00Z,UNKNOWN,SA,UNKNOWN,SIR,2,62
