Sample,Latitude,Longitude,Status,Date,Time,Site,Location,Depth,UWA.con.number,Commonwealth.zone,State.zone,Maxn.analyst,Maxn.complete.yyyymmdd,Maxn.checker,Curtin.Observer,Curtin.length.analyst,Observer,Successful.count,Successful.length,Priority,Left.cam,Right.cam,Video.notes,Con.hdd.number,Raw.hdd.number,Habitat.image.saved,Vis.in.metres,Habitat.classification ,Length.analyst,Length.complete.date.yyyymmdd,Notes,Old.dates
1,-33.3635,115.2142,Fished,2014-12-10,13:20:00,Geographe Bay,Geographe Bay,40,1,Special Purpose Zone (Mining Exclusion),NA,Hayley,20200623,Brooke Gibbons & Claude,Lizzy,Laura,Hayley,Yes,,Measure target spp,13,14,Y,1,,,,,,,,23.06.20
2,-33.4405,115.101,Fished,2014-12-10,06:29:00,Geographe Bay,Geographe Bay,40.5,1,Special Purpose Zone (Mining Exclusion),NA,Test video ,20220622,Brooke Gibbons & Claude,Lizzy,Laura,Test video ,Yes,,Measure target spp,15,16,y,1,,,,,,,,
3,-33.4921,115.3549,Fished,2014-12-13,08:41:00,Geographe Bay,Geographe Bay,24.8,1,Multiple Use Zone,NA,Hayley ,20200625,Brooke Gibbons & Claude,Lizzy,Damo,Hayley ,Yes,,Measure target spp,15,16,,3,,,,,,,Right out early,25.06.20
4,-33.3921,115.2281,Fished,2014-12-10,14:13:00,Geographe Bay,Geographe Bay,38.4,1,Special Purpose Zone (Mining Exclusion),NA,Hayley ,20200625,Brooke Gibbons & Claude,Lizzy,Tamy,Hayley ,Yes,,Measure target spp,11,12,Y,2,,,,,,,,25.06.20
5,-33.3628,115.455,Fished,2014-12-11,09:43:00,Geographe Bay,Geographe Bay,25.7,1,Special Purpose Zone (Mining Exclusion),NA,test video,20220622,Claude,Lizzy,Ronen,test video,Yes,,Measure target spp,23,24,Y,1,,,,,,,,
6,-33.4071,115.1204,Fished,2014-12-10,07:55:00,Geographe Bay,Geographe Bay,41.8,1,Special Purpose Zone (Mining Exclusion),NA,Hayley ,20200625,Brooke Gibbons & Claude,Lizzy,Laura,Hayley ,Yes,,Measure target spp,25,26,Y,1,,,,,,,,25.06.20
7,-33.4205,115.4457,Fished,2014-12-13,11:04:00,Geographe Bay,Geographe Bay,23.2,3,Special Purpose Zone (Mining Exclusion),NA,Logan,20200819,Brooke Gibbons & Claude,Lizzy,Damon,Logan,Yes,,Measure target spp,11,12,,5,,,,,,,,19.08.20
9,-33.3643,115.1361,Fished,2014-12-10,10:04:00,Geographe Bay,Geographe Bay,41.8,3,Special Purpose Zone (Mining Exclusion),NA,Molly,20220711,Claude,Lauren,N/A,Molly,Yes,No,,25,26,R cam cut out on seabed,2,,,,,,,did not film sheet,
10,-33.5282,115.3313,Fished,2014-12-12,10:48:00,Geographe Bay,Geographe Bay,22.7,1,Multiple Use Zone,NA,Hayley ,20200626,Brooke Gibbons & Claude,Lauren,Ronen,Hayley ,Yes,,Measure target spp,21,22,,1,,,,,,,,26.06.20
11,-33.5712,115.2958,Fished,2014-12-12,08:59:00,Geographe Bay,Geographe Bay,21.7,1,Multiple Use Zone,NA,Hayley ,20200629,Brooke Gibbons & Claude,Lauren,Tamy,Hayley ,Yes,,Measure target spp,13,14,,2,,,,,,,,29.06.20
12,-33.404,115.2616,Fished,2014-12-10,14:00:00,Geographe Bay,Geographe Bay,38.7,1,Special Purpose Zone (Mining Exclusion),NA,Hayley ,20200629,Brooke Gibbons & Claude,Lauren,Ronen,Hayley ,Yes,,Measure target spp,17,18,Y,2,,,,,,,,29.06.20
13,-33.4502,115.0925,Fished,2014-12-09,13:41:00,Geographe Bay,Geographe Bay,42.4,1,Special Purpose Zone (Mining Exclusion),NA,Hayley ,20200629,Brooke Gibbons & Claude,Lauren,Ronen,Hayley ,Yes,,Measure target spp,21,22,Y,1,,,,,,,"BLUE HOUSING, FACING UP A BIT, CHECK",29.06.20
14,-33.5297,115.413,Fished,2014-12-13,05:56:00,Geographe Bay,Geographe Bay,13.2,2,Multiple Use Zone,NA,Logan,20200708,Brooke Gibbons & Claude,Lizzy,Lauren,Logan,Yes,,Measure target spp,21,22,,4,,,,,,,,08.07.20
15,-33.5782,115.2148,Fished,2014-12-12,06:27:00,Geographe Bay,Geographe Bay,26.2,2,Habitat Protection Zone,NA,Logan,20200708,Brooke Gibbons & Claude,laura,Lauren,Logan,Yes,,Measure target spp,23,24,,4,,,,,,,,08.07.20
16,-33.3889,115.4986,Fished,2014-12-11,12:21:00,Geographe Bay,Geographe Bay,20,1,Special Purpose Zone (Mining Exclusion),NA,Hayley,20200629,Brooke Gibbons & Claude,Lauren,Laura,Hayley,Yes,,Measure target spp,25,26,Y,1,,,,,,,,29.06.20
17,-33.3636,115.2327,Fished,2014-12-10,13:27:00,Geographe Bay,Geographe Bay,38.8,1,Special Purpose Zone (Mining Exclusion),NA,Hayley,20200630,Brooke Gibbons & Claude,Laura,Tamy,Hayley,Yes,,Measure target spp,21,22,Y,2,,,,,,,,30.06.20
18,-33.3926,115.0981,Fished,2014-12-10,07:44:00,Geographe Bay,Geographe Bay,42.4,1,Special Purpose Zone (Mining Exclusion),NA,Hayley,20200630,Brooke Gibbons & Claude,Lizzy,Ronen,Hayley,Yes,,Measure target spp,23,24,Y,1,,,,,,,,30.06.20
19,-33.4605,115.3618,Fished,2014-12-13,10:33:00,Geographe Bay,Geographe Bay,26,2,Special Purpose Zone (Mining Exclusion),NA,Logan,20200709,Brooke Gibbons & Claude,Lauren,Lauren,Logan,Yes,,Measure target spp,19,20,,4,,,,,,,Snapper present,9.7.20
20,-33.4339,115.2221,Fished,2014-12-10,11:09:00,Geographe Bay,Geographe Bay,36,1,Special Purpose Zone (Mining Exclusion),NA,Hayley,20200701,Brooke Gibbons & Claude,Laura,Ronen,Hayley,Yes,,Measure target spp,5,6,Y,2,,,,,,,,1.7.20
21,-33.3857,115.3977,Fished,2014-12-14,06:54:00,Geographe Bay,Geographe Bay,15.7,,Special Purpose Zone (Mining Exclusion),NA,,,,Lauren,Laura,,No,No,,23,24,,BH,,,,,,,,
22,-33.5746,115.1807,Fished,2014-12-09,07:10:00,Geographe Bay,Geographe Bay,22.6,1,Multiple Use Zone,NA,test video,20220622,Claude,Lizzy,Ronen,test video,Yes,,Measure target spp,17,18,Y,2,,,,,,,,
23,-33.5042,115.4289,Fished,2014-12-13,06:13:00,Geographe Bay,Geographe Bay,13.6,,Multiple Use Zone,NA,,,,N/A,N/A,,No,No,,17,18,,,,,,,,,Facing up,
23,-33.5042,115.4289,Fished,2014-12-16,11:29:00,Geographe Bay,Geographe Bay,13.6,1,Multiple Use Zone,NA,Hayley,20200701,Brooke Gibbons & Claude,Lauren,Laura,Hayley,Yes,,Measure target spp,11,12,,3,,,,,,,,1.7.20
24,-33.4712,115.2862,Fished,2014-12-09,06:05:00,Geographe Bay,Geographe Bay,29.2,1,Special Purpose Zone (Mining Exclusion),NA,Hayley,20200701,Brooke Gibbons & Claude,Lizzy,Laura,Hayley,Yes,,Measure target spp,9,10,Y,1,,,,,,,,1.7.20
25,-33.3833,115.0828,Fished,2014-12-10,07:10:00,Geographe Bay,Geographe Bay,42.5,1,Special Purpose Zone (Mining Exclusion),NA,Hayley,20200702,Brooke Gibbons & Claude,Lauren,Lizzy,Hayley,Yes,,Measure target spp,19,20,Y,2,,,,,,,,2.7.20
26,-33.55,115.3236,Fished,2014-12-12,11:02:00,Geographe Bay,Geographe Bay,20.5,1,Multiple Use Zone,NA,Hayley,20200703,Brooke Gibbons & Claude,Laura,Damo,Hayley,Yes,,Measure target spp,9,10,,3,,,,,,,,3.7.20
27,-33.5464,115.1884,Fished,2014-12-09,07:00:00,Geographe Bay,Geographe Bay,28.2,1,Multiple Use Zone,NA,Hayley,20200703,Brooke Gibbons & Claude,Lauren,Ronen,Hayley,Yes,,Measure target spp,23,24,Y,1,,,,,,,1B=BLUE HOUSING,3.7.20
28,-33.4272,115.2873,Fished,2014-12-11,07:07:00,Geographe Bay,Geographe Bay,34,1,Special Purpose Zone (Mining Exclusion),NA,Hayley,20200703,Brooke Gibbons & Claude,Lizzy,Lizzy,Hayley,Yes,,Measure target spp,15,16,Y,2,,,,,,,,3.7.20
29,-33.487,115.1764,Fished,2014-12-09,10:30:00,Geographe Bay,Geographe Bay,34.3,1,Multiple Use Zone,NA,Hayley,20200703,Logan Penman & Claude,Lauren,Lizzy,Hayley,Yes,,Measure target spp,23,24,Y,2,,,,,,,,3.7.20
30,-33.4241,115.3341,Fished,2014-12-11,06:37:00,Geographe Bay,Geographe Bay,31.8,1,Special Purpose Zone (Mining Exclusion),NA,Hayley,20200713,Logan Penman & Claude,Lizzy,Lauren,Hayley,Yes,,Measure target spp,9,10,Y,2,,,,,,,,13.7.20
31,-33.5986,115.2369,Fished,2014-12-12,05:55:00,Geographe Bay,Geographe Bay,26.3,2,Multiple Use Zone,NA,Logan,20200709,Brooke Gibbons & Claude,laura,Lauren,Logan,Yes,,Measure target spp,15,16,,4,,,,,,,,9.7.20
32,-33.4808,115.4621,Fished,2014-12-13,07:53:00,Geographe Bay,Geographe Bay,14.1,1,Special Purpose Zone (Mining Exclusion),NA,Hayley,20200713,Logan Penman & Claude,Laura,Lizzy,Hayley,Yes,,Measure target spp,11,12,,3,,,,,,,,13.7.20
33,-33.3528,115.3205,Fished,2014-12-11,08:54:00,Geographe Bay,Geographe Bay,34.1,3,Special Purpose Zone (Mining Exclusion),NA,Molly,20220711,Claude,Lauren,N/A,Molly,Yes,No,,13,14,R=FAIL,1L,,,,,,,,
34,-33.3845,115.0739,Fished,2014-12-10,07:05:00,Geographe Bay,Geographe Bay,43,3,Special Purpose Zone (Mining Exclusion),NA,Curtin,20220713,Claude,Lizzy,N/A,Curtin,Yes,No,,5,6,Right=FAIL,2L,,,,,,,,
35,-33.4055,115.4157,Fished,2014-12-13,11:14:00,Geographe Bay,Geographe Bay,27.9,3,Special Purpose Zone (Mining Exclusion),NA,Logan,20200819,Brooke Gibbons & Claude,Lizzy,Lizzy,Logan,Yes,,Measure target spp,25,26,,5,,,,,,,,19.08.20
36,-33.4269,115.2077,Fished,2014-12-10,11:17:00,Geographe Bay,Geographe Bay,38.2,1,Special Purpose Zone (Mining Exclusion),NA,Hayley,20200713,Logan Penman & Claude,Laura,Lizzy,Hayley,Yes,,Measure target spp,13,14,Y,2,,,,,,,,13.7.20
37,-33.3585,115.3721,Fished,2014-12-11,09:11:00,Geographe Bay,Geographe Bay,30.3,1,Special Purpose Zone (Mining Exclusion),NA,Hayley,20200714,Logan Penman & Claude,Lizzy,Laura,Hayley,Yes,,Measure target spp,19,20,Y,1,,,,,,,,14.07.20
38,-33.5037,115.1274,Fished,2014-12-09,12:45:00,Geographe Bay,Geographe Bay,34.5,1,Multiple Use Zone,NA,Hayley ,20200716,Logan Penman & Claude,Lizzy,Ronen,Hayley ,Yes,,Measure target spp,11,12,Y,1,,,,,,,,16.07.20
39,-33.465,115.4329,Fished,2014-12-11,13:20:00,Geographe Bay,Geographe Bay,19.8,1,Special Purpose Zone (Mining Exclusion),NA,Hayley,20200716,Logan Penman & Claude,Lizzy,Laura,Hayley,Yes,,Measure target spp,15,16,Y,1,,,,,,,,16.07.20
40,-33.472,115.2287,Fished,2014-12-09,09:57:00,Geographe Bay,Geographe Bay,33.7,1,Special Purpose Zone (Mining Exclusion),NA,Hayley,20200716,Logan Penman & Claude,Lauren,Laura,Hayley,Yes,,Measure target spp,19,20,Y,1,,,,,,,,16.07.20
41,-33.3679,115.0986,Fished,2014-12-10,07:35:00,Geographe Bay,Geographe Bay,42.5,1,Special Purpose Zone (Mining Exclusion),NA,Hayley,20200716,Logan Penman & Claude,Laura,Damo,Hayley,Yes,,Measure target spp,17,18,Y,1,,,,,,,,16.07.20
42,-33.5425,115.3862,No-take,2014-12-12,13:13:00,Geographe Bay,Geographe Bay,13,2,National Park Zone,NA,Logan,20200713,Brooke Gibbons & Claude,laura,Lauren,Logan,Yes,,Measure target spp,23,24,,4,,,,,,,,13.07.20
44,-33.3984,115.3097,Fished,2014-12-11,06:54:00,Geographe Bay,Geographe Bay,34.4,1,Special Purpose Zone (Mining Exclusion),NA,Hayley,20200717,Logan Penman & Claude,Lauren,Lauren,Hayley,Yes,,Measure target spp,21,22,Y,2,,,,,,,,17.07.20
45,-33.4446,115.1317,Fished,2014-12-09,13:28:00,Geographe Bay,Geographe Bay,41.1,1,Special Purpose Zone (Mining Exclusion),NA,Hayley,20200717,Logan Penman & Claude,Lauren,Laura,Hayley,Yes,,Measure target spp,5,6,Y,1,,,,,,,,17.07.20
46,-33.4028,115.3493,Fished,2014-12-14,06:35:00,Geographe Bay,Geographe Bay,18,,Special Purpose Zone (Mining Exclusion),NA,,,,Lauren,Laura,,No,No,,19,20,,BH,,,,,,,, 
47,-33.5485,115.2878,Fished,2014-12-12,10:29:00,Geographe Bay,Geographe Bay,24.3,1,Multiple Use Zone,NA,Hayley ,20200717,Logan Penman & Claude,Lauren,Laura,Hayley ,Yes,,Measure target spp,15,16,,3,,,,,,,,17.07.20
48,-33.4028,115.5134,Fished,2014-12-11,12:31:00,Geographe Bay,Geographe Bay,17.2,1,Special Purpose Zone (Mining Exclusion),NA,Hayley,20200717,Logan Penman & Claude,Lizzy,Lauren,Hayley,Yes,,Measure target spp,23,24,Y,2,,,,,,,Rear fail,17.07.20
49,-33.3809,115.2721,Fished,2014-12-10,13:51:00,Geographe Bay,Geographe Bay,37.7,1,Special Purpose Zone (Mining Exclusion),NA,Hayley,20200717,Logan Penman & Claude,Laura,Lizzy,Hayley,Yes,,Measure target spp,9,10,Y,2,,,,,,,,17.07.20
50,-33.4108,115.1742,Fished,2014-12-10,10:29:00,Geographe Bay,Geographe Bay,40.5,3,Special Purpose Zone (Mining Exclusion),NA,Curtin,20220713,Claude,Lizzy,N/A,Curtin,Yes,No,,17,18,R=FAIL WHEN HIT SEABED,2L,,,,,,,,
51,-33.4316,115.4137,Fished,2014-12-13,10:52:00,Geographe Bay,Geographe Bay,25.4,1,Special Purpose Zone (Mining Exclusion),NA,Curtin,20220707,Claude,Damon,N/A,,Yes,No,,17,18,R=FAIL,,,,,,,,Snapper come in late,
52,-33.4927,115.2982,Fished,2014-12-09,06:14:00,Geographe Bay,Geographe Bay,29.7,3,Multiple Use Zone,NA,Curtin,20220708,Claude,Lizzy,N/A,Curtin,Yes,No,,19,20,L YES R FAIL,1 Left only,,,,,,,,
53,-33.3582,115.3565,Fished,2014-12-11,09:04:00,Geographe Bay,Geographe Bay,31.4,1,Special Purpose Zone (Mining Exclusion),NA,Hayley,20200719,Logan Penman & Claude,Lizzy,Ronen,Hayley,Yes,,Measure target spp,21,22,Y,1,,,,,,,,19.07.20
54,-33.5131,115.1532,Fished,2014-12-09,10:47:00,Geographe Bay,Geographe Bay,33.1,1,Multiple Use Zone,NA,Hayley ,20200719,Logan Penman & Claude,Lizzy,Laura,Hayley ,Yes,,Measure target spp,25,26,Y,1,,,,,,,,19.07.20
55,-33.5709,115.2801,Fished,2014-12-12,09:05:00,Geographe Bay,Geographe Bay,22.2,1,Multiple Use Zone,NA,Hayley,20200719,Logan Penman & Claude,Lizzy,Ronen,Hayley,Yes,,Measure target spp,15,16,,2,,,,,,,REAR FAIL,19.07.20
56,-33.4953,115.2224,Fished,2014-12-09,09:49:00,Geographe Bay,Geographe Bay,32,3,Multiple Use Zone,NA,Curtin,20220708,Claude,Lizzy,N/A,Curtin,Yes,No,,5,6,Right = Fail,1 Left only,,,,,,,,
58,-33.5697,115.3796,No-take,2014-12-12,13:02:00,Geographe Bay,Geographe Bay,13.5,1,National Park Zone,NA,Hayley,20200719,Logan Penman & Claude,Lauren,Laura,Hayley,Yes,,Measure target spp,25,26,,3,,,,,,,,19.07.20
60,-33.3626,115.5049,Fished,2014-12-11,09:55:00,Geographe Bay,Geographe Bay,21.5,1,Special Purpose Zone (Mining Exclusion),NA,Hayley ,20200720,Logan Penman & Claude,Lizzy,Laura,Hayley ,Yes,,Measure target spp,11,12,Y,1,,,,,,,,20.07.20
61,-33.4993,115.1345,Fished,2014-12-09,12:50:00,Geographe Bay,Geographe Bay,34.8,1,Multiple Use Zone,NA,Hayley,20200720,Logan Penman & Claude,Lauren,Ronen,Hayley,Yes,,Measure target spp,23,24,Y,1,,,,,,,,20.07.20
62,-33.4505,115.3307,Fished,2014-12-11,06:24:00,Geographe Bay,Geographe Bay,29.3,1,Special Purpose Zone (Mining Exclusion),NA,Hayley,20200721,Logan Penman & Claude,Lizzy,Tamy,Hayley,Yes,,Measure target spp,23,24,Y,2,,,,,,,,21.07.20
63,-33.5039,115.2562,Fished,2014-12-09,06:29:00,Geographe Bay,Geographe Bay,30,1,Multiple Use Zone,NA,Hayley,20200721,Logan Penman & Claude,Lauren,Lauren,Hayley,Yes,,Measure target spp,21,22,Y,2,,,,,,,BACK REC TO CAM|BLUE HOUSING,21.07.20
64,-33.4364,115.5095,Fished,2014-12-11,12:54:00,Geographe Bay,Geographe Bay,14.2,1,Special Purpose Zone (Mining Exclusion),NA,Hayley,20200721,Logan Penman & Claude,Lauren,Laura,Hayley,Yes,,Measure target spp,5,6,Y,1,,,,,,,,21.07.20
65,-33.3597,115.2048,Fished,2014-12-10,13:15:00,Geographe Bay,Geographe Bay,39.4,1,Special Purpose Zone (Mining Exclusion),NA,Hayley,20200721,Logan Penman & Claude,Lauren,Ronen,Hayley,Yes,,Measure target spp,15,16,Y,2,,,,,,,,21.07.20
67,-33.4783,115.0859,Fished,2014-12-13,10:10:00,Geographe Bay,Geographe Bay,21.4,1,Special Purpose Zone (Mining Exclusion),NA,Hayley,20200722,Logan Penman & Claude,Lauren,Damo,Hayley,Yes,,Measure target spp,13,14,,5,,,,,,,,22.07.20 
68,-33.3882,115.2426,Fished,41983,0.588194444,Geographe Bay,Geographe Bay,38.9,3,Special Purpose Zone (Mining Exclusion),NA,Molly,20220711,Claude,Lauren,N/A,Molly,Yes,No,,23,24,R=CUT OUT at 12min,2,,,,,,,,R camera finishes at 10mins
69,-33.3534,115.404,Fished,2014-12-11,09:23:00,Geographe Bay,Geographe Bay,28.7,1,Special Purpose Zone (Mining Exclusion),NA,Hayley,20200723,Logan Penman & Claude,Lizzy,Lauren,Hayley,Yes,,Measure target spp,9,10,Y,1,,,,,,,,23.07.20
70,-33.4159,115.1514,Fished,2014-12-10,10:46:00,Geographe Bay,Geographe Bay,41,1,Special Purpose Zone (Mining Exclusion),NA,Hayley,20200723,Logan Penman & Claude,Lauren,Lizzy,Hayley,Yes,,Measure target spp,9,10,Y,2,,,,,,,,23.07.20
71,-33.4271,115.4287,Fished,2014-12-13,10:58:00,Geographe Bay,Geographe Bay,24.4,3,Special Purpose Zone (Mining Exclusion),NA,Logan,20200819,Brooke Gibbons & Claude,Lizzy,Damo,Logan,Yes,,Measure target spp,23,24,,5,,,,,,,,19.08.20
72,-33.4625,115.3224,Fished,2014-12-11,06:07:00,Geographe Bay,Geographe Bay,29.4,1,Special Purpose Zone (Mining Exclusion),NA,Hayley ,20200723,Logan Penman & Claude,Lizzy,Ronen,Hayley ,Yes,,Measure target spp,25,26,Y,2,,,,,,,,23.07.20
73,-33.3718,115.1456,Fished,2014-12-10,10:10:00,Geographe Bay,Geographe Bay,41.5,1,Special Purpose Zone (Mining Exclusion),NA,Hayley,20200723,Logan Penman & Claude,Lauren,Lizzy,Hayley,Yes,,Measure target spp,11,12,Y,2,,,,,,,,23.07.20
75,-33.5893,115.2946,Fished,2014-12-12,08:52:00,Geographe Bay,Geographe Bay,16.6,1,Multiple Use Zone,NA,Hayley,20200727,Logan Penman & Claude,Lauren,Lizzy,Hayley,Yes,,Measure target spp,21,22,,2,,,,,,,,27.07.20
76,-33.413,115.2847,Fished,2014-12-11,07:01:00,Geographe Bay,Geographe Bay,35.2,1,Special Purpose Zone (Mining Exclusion),NA,Hayley,20200727,Logan Penman & Claude,Lizzy,Lizzy,Hayley,Yes,,Measure target spp,13,14,Y,2,,,,,,,,27.07.20
77,-33.4558,115.1029,Fished,2014-12-09,13:50:00,Geographe Bay,Geographe Bay,40.8,1,Special Purpose Zone (Mining Exclusion),NA,Hayley,20200727,Logan Penman & Claude,Lauren,Laura,Hayley,Yes,,Measure target spp,13,14,Y,1,,,,,,,,27.07.20
78,-33.5076,115.4438,Fished,2014-12-13,06:18:00,Geographe Bay,Geographe Bay,13.4,2,Multiple Use Zone,NA,Logan,20200713,Brooke Gibbons & Claude,Lauren,Lauren,Logan,Yes,,Measure target spp,23,24,,4,,,,,,,,13.07.20
79,-33.5874,115.2309,Fished,2014-12-12,08:16:00,Geographe Bay,Geographe Bay,18.5,1,Habitat Protection Zone,NA,Hayley,20200727,Logan Penman & Claude,Lauren,Lizzy,Hayley,Yes,,Measure target spp,9,10,,2,,,,,,,,27.07.20
80,-33.3516,115.5195,NA,2014-12-11,10:01:00,Geographe Bay,Geographe Bay,20.7,1,NA,NA,Hayley/Molly,20220705,Claude,Lauren,Laura,Hayley/Molly,No,No,Measure target spp,25,26,N,1,,,,,,,"Left and right cams cut out in less than 10 mins, some fish present in this period. Finishes at 8 minutes","28.07.20 - Finishes at 8 minutes, R cam finishes at 37mins"
81,-33.3788,115.2305,Fished,2014-12-10,14:18:00,Geographe Bay,Geographe Bay,38.9,1,Special Purpose Zone (Mining Exclusion),NA,Hayley,20200728,Logan Penman & Claude,Laura,Tamy,Hayley,Yes,,Measure target spp,25,26,Y,2,,,,,,,,28.07.20
82,-33.3955,115.1103,Fished,2014-12-10,07:49:00,Geographe Bay,Geographe Bay,42.6,1,Special Purpose Zone (Mining Exclusion),NA,Hayley,20200728,Logan Penman & Claude,laura,Lizzy,Hayley,Yes,,Measure target spp,11,12,Y,1,,,,,,,,28.07.20
83,-33.4694,115.3791,Fished,2014-12-13,10:26:00,Geographe Bay,Geographe Bay,24.6,3,Special Purpose Zone (Mining Exclusion),NA,Logan,20200829,Brooke Gibbons & Claude,Lauren,Damo,Logan,Yes,,Measure target spp,5,6,,5,,,,,,,,29.08.20
84,-33.3965,115.1924,Fished,2014-12-10,11:28:00,Geographe Bay,Geographe Bay,41,1,Special Purpose Zone (Mining Exclusion),NA,Hayley,20200728,Logan Penman & Claude,Lizzy,Ronen,Hayley,Yes,,Measure target spp,15,16,Y,2,,,,,,,Rear fail,28.07.20
86,-33.5405,115.1785,Fished,2014-12-09,07:24:00,Geographe Bay,Geographe Bay,28.6,1,Multiple Use Zone,NA,Hayley,20200729,Logan Penman & Claude,Lizzy,Ronen,Hayley,Yes,,Measure target spp,15,16,Y,2,,,,,,,,29.07.20
87,-33.4896,115.4589,Fished,2014-12-13,07:49:00,Geographe Bay,Geographe Bay,13,1,Multiple Use Zone,NA,Hayley,20200729,Logan Penman & Claude,Lauren,Damo,Hayley,Yes,,Measure target spp,25,26,,3,,,,,,,,29.07.20
88,-33.5011,115.2145,Fished,2014-12-09,09:45:00,Geographe Bay,Geographe Bay,31.4,1,Multiple Use Zone,NA,Hayley,20200729,Logan Penman & Claude,Laura,Lizzy,Hayley,Yes,,Measure target spp,21,22,Y,1,,,,,,,,29.07.20
89,-33.3828,115.0564,Fished,2014-12-10,06:58:00,Geographe Bay,Geographe Bay,43.9,1,Special Purpose Zone (Mining Exclusion),NA,Molly,20220705,Claude,Lauren,Lizzy,Molly,Yes,,Measure target spp,21,22,Y,2,,,,,,,,
90,-33.5333,115.3225,Fished,2014-12-12,10:53:00,Geographe Bay,Geographe Bay,22,1,Multiple Use Zone,NA,Hayley  ,20200731,Logan Penman & Claude,Laura,Damo,Hayley  ,Yes,,Measure target spp,5,6,,3,,,,,,,,31.07.21
91,-33.5396,115.2061,Fished,2014-12-09,06:54:00,Geographe Bay,Geographe Bay,29.8,1,Habitat Protection Zone,NA,Hayley  ,20200802,Logan Penman & Claude,Laura,Lizzy,Hayley  ,Yes,,Measure target spp,11,12,Y,1,,,,,,,"""SKIPPERS CHOICE""",2.8.20
92,-33.4176,115.315,Fished,2014-12-11,06:43:00,Geographe Bay,Geographe Bay,33,1,Special Purpose Zone (Mining Exclusion),NA,Hayley  ,20200803,Logan Penman & Claude,Lauren,Lauren,Hayley  ,Yes,,Measure target spp,19,20,Y,2,,,,,,,,3.8.20
93,-33.4813,115.1528,Fished,2014-12-09,12:59:00,Geographe Bay,Geographe Bay,36,3,Special Purpose Zone (Mining Exclusion),NA,Curtin,20220708,Claude,Laura,N/A,Curtin,Yes,No,,17,18,Y,1,,,,,,,CAM 17 FLOODED,
95,-33.5175,115.3155,Fished,2014-12-12,10:42:00,Geographe Bay,Geographe Bay,24.9,1,Multiple Use Zone,NA,Hayley ,20200820,Logan Penman & Claude,Lauren,Laura,Hayley ,Yes,,Measure target spp,13,14,,3,,,,,,,Leftcam cuts out after ~ 10 mins,2.8.20
96,-33.4489,115.4808,Fished,2014-12-11,13:04:00,Geographe Bay,Geographe Bay,15.9,1,Special Purpose Zone (Mining Exclusion),NA,Hayley ,20200820,Logan Penman & Claude,Lauren,Lizzy,Hayley ,Yes,,Measure target spp,21,22,Y,1,,,,,,,,2.8.20
97,-33.3847,115.2927,Fished,2014-12-11,08:43:00,Geographe Bay,Geographe Bay,35.6,1,Special Purpose Zone (Mining Exclusion),NA,Hayley ,20200820,Logan Penman & Claude,Lizzy,Ronen,Hayley ,Yes,,Measure target spp,15,16,Y,2,,,,,,,,2.8.20
98,-33.434,115.1727,Fished,2014-12-10,10:56:00,Geographe Bay,Geographe Bay,38,3,Special Purpose Zone (Mining Exclusion),NA,Curtin,20220713,Claude,Lizzy,N/A,Curtin,Yes,No,,19,20,L=FAIL R=YES,2,,,,,,,Leftcam failed ~10s,
101,-33.3886,115.3768,Fished,2014-12-14,06:47:00,Geographe Bay,Geographe Bay,16.7,,Special Purpose Zone (Mining Exclusion),NA,,,,Lizzy,Damo,,No,No,,17,18,,BH,,,,,,,,
100,-33.4325,115.2142,Fished,2014-12-10,11:14:00,Geographe Bay,Geographe Bay,36.7,1,Special Purpose Zone (Mining Exclusion),NA,Molly,20220701,Claude,Lauren,N/A,Molly,Yes,No,,21,22,Y,2,,,,,,,Cals bad,
102,-33.5185,115.1196,Fished,2014-12-09,12:39:00,Geographe Bay,Geographe Bay,34.4,1,Multiple Use Zone,NA,Hayley,20200803,Logan Penman & Claude,Lizzy,Laura,Hayley,Yes,,Measure target spp,25,26,Y,1,,,,,,,,3.8.20
103,-33.4581,115.4547,Fished,2014-12-11,13:12:00,Geographe Bay,Geographe Bay,18.4,1,Special Purpose Zone (Mining Exclusion),NA,Hayley,20200803,Logan Penman & Claude,Lauren,Laura,Hayley,Yes,,Measure target spp,13,14,Y,1,,,,,,,,3.8.20
104,-33.4597,115.2451,Fished,2014-12-09,10:04:00,Geographe Bay,Geographe Bay,33.3,1,Special Purpose Zone (Mining Exclusion),NA,Molly,20220707,Claude,Lauren,Lizzy,Molly,Yes,,Measure target spp,9,10,Y,1,,,,,,,"Leftcam cuts out after ~ 20 mins, rightcam analysed instead",4.8.20 - Finishes at 20 mins
106,-33.5783,115.3451,Fished,2014-12-12,11:27:00,Geographe Bay,Geographe Bay,13.5,2,Multiple Use Zone,NA,Logan,20200714,Brooke Gibbons & Claude,laura,Lauren,Logan,Yes,,Measure target spp,25,26,,4,,,,,,,,14.07.20
107,-33.5833,115.1881,Fished,2014-12-15,08:56:00,Geographe Bay,Geographe Bay,20.9,2,Multiple Use Zone,NA,Logan,20200715,Brooke Gibbons & Claude,Lizzy,Laura,Logan,No,,,15,16,,3,,,,,,,,15.07.20
107,-33.5833,115.1881,Fished,2014-12-09,09:25:00,Geographe Bay,Geographe Bay,29.3,1,Multiple Use Zone,NA,Molly,20220701,Claude,Lauren,N/A,Molly,Yes,No,,15,16,L=FAIL R=YES,1,,,,,,,Rightcam analysed,
108,-33.4691,115.1677,Fished,2014-12-11,06:47:00,Geographe Bay,Geographe Bay,34,2,Special Purpose Zone (Mining Exclusion),NA,Logan,20200714,Brooke Gibbons & Claude,laura,Lauren,Logan,Yes,,Measure target spp,5,6,Y,4,,,,,,,,14.07.20
111,-33.5369,115.3219,Fished,2014-12-12,10:55:00,Geographe Bay,Geographe Bay,21.9,1,Multiple Use Zone,NA,Logan ,20200715,Brooke Gibbons & Claude,Laura,Damo,Logan ,Yes,,Measure target spp,19,20,,3,,,,,,,,15.07.20
110,-33.4023,115.3557,Fished,2014-12-14,06:37:00,Geographe Bay,Geographe Bay,17,,Special Purpose Zone (Mining Exclusion),NA,,,,Lauren,N/A,,No,No,,9,10,,BH,,,,,,,R FAIL ON ENTRY TO HOUSING,
112,-33.4052,115.5224,Fished,2014-12-11,12:35:00,Geographe Bay,Geographe Bay,14.8,1,Special Purpose Zone (Mining Exclusion),NA,Hayley,20200804,Logan Penman & Claude,Laura,Lizzy,Hayley,Yes,,Measure target spp,17,18,Y,1,,,,,,,, 4.8.20
113,-33.3658,115.2779,Fished,2014-12-10,13:45:00,Geographe Bay,Geographe Bay,36.6,3,Special Purpose Zone (Mining Exclusion),NA,Curtin,20220705,Claude,Laura,Laura,Curtin,Yes,,Measure target spp,19,20,left only,1L,,,,,Curtin,Missing 16 Pseudocaranx spp,,
114,-33.3984,115.1639,Fished,2014-12-10,10:20:00,Geographe Bay,Geographe Bay,39.7,3,Special Purpose Zone (Mining Exclusion),NA,Curtin,20220705,Claude,Lizzy,Lizzy,Curtin,Yes,,Measure target spp,23,24,right only,1R,,,,,,,,
115,-33.4446,115.4065,Fished,2014-12-13,10:46:00,Geographe Bay,Geographe Bay,25.2,1,Special Purpose Zone (Mining Exclusion),NA,Logan,20200716,Brooke Gibbons & Claude,Laura,Damo,Logan,Yes,,Measure target spp,9,10,,3,,,,,,,,16.07.20
116,-33.4982,115.2864,Fished,2014-12-09,06:20:00,Geographe Bay,Geographe Bay,29.7,1,Multiple Use Zone,NA,Hayley ,20200804,Logan Penman & Claude,Laura,Laura,Hayley ,Yes,,Measure target spp,5,6,Y,1,,,,,,,,4.8.20
119,-33.4388,115.5567,Fished,2014-12-14,11:25:00,Geographe Bay,Geographe Bay,5.2,2,NA,NA,,,,Lizzy,Laura,,No,No,,17,18,,3,,,,,,,,
122,-33.5375,115.4021,Fished,2014-12-13,05:48:00,Geographe Bay,Geographe Bay,13.3,2,Multiple Use Zone,NA,Logan,20200804,Brooke Gibbons & Claude,Lauren,Lauren,Logan,Yes,,Measure target spp,13,14,,4,,,,,,,,4.8.20
135,-33.5019,115.4207,Fished,2014-12-16,12:54:00,Geographe Bay,Geographe Bay,15.8,2,Multiple Use Zone,NA,Logan,20200804,Brooke Gibbons & Claude,Lauren,Laura,Logan,Yes,,Measure target spp,11,12,,3,,,,,,,,4.8.20
138,-33.5808,115.1139,Fished,2014-12-15,06:50:00,Geographe Bay,Geographe Bay,15,3,NA,NA,,,,Lauren,Damo,,No,No,,17,18,,5,,,,,,,,
139,-33.6033,115.2737,Fished,2014-12-17,08:29:00,Geographe Bay,Geographe Bay,13.4,3,Multiple Use Zone,NA,Daphne,20201005,Brooke Gibbons & Claude,Lauren,Damo,Daphne,Yes,,Measure target spp,25,26,,5,,,,,,,,20201005
143,-33.5762,115.2367,Fished,2014-12-15,13:24:00,Geographe Bay,Geographe Bay,23.2,2,Multiple Use Zone,NA,Logan,20200805,Brooke Gibbons & Claude,Lizzy,Laura,Logan,Yes,,Measure target spp,13,14,,3,,,,,,,,5.8.20
144,-33.5342,115.4323,Fished,2014-12-16,15:37:00,Geographe Bay,Geographe Bay,12.3,2,NA,NA,,,,Lauren,Laura,,No,No,,13,14,,3,,,,,,,, 
151,-33.4768,115.4329,Fished,2014-12-16,09:12:00,Geographe Bay,Geographe Bay,17.2,3,Special Purpose Zone (Mining Exclusion),NA,Daphne,20201007,Brooke Gibbons & Claude,Lizzy,Damo,Daphne,Yes,,Measure target spp,19,20,,5,,,,,,,,20201007
154,-33.6034,115.1968,Fished,2014-12-15,10:58:00,Geographe Bay,Geographe Bay,13.6,3,NA,NA,,,,Lauren,Damo,,No,No,,23,24,,5,,,,,,,,
160,-33.6034,115.2478,Fished,2014-12-16,15:24:00,Geographe Bay,Geographe Bay,N/A,2,Multiple Use Zone,NA,Logan,20200805,Brooke Gibbons & Claude,Lauren,Damo,Logan,Yes,,Measure target spp,19,20,,3,,,,,,,,5.8.20
167,-33.4627,115.4806,Fished,2014-12-16,09:25:00,Geographe Bay,Geographe Bay,14.4,3,Special Purpose Zone (Mining Exclusion),NA,Logan,20200829,Brooke Gibbons & Claude,Laura,Damo,Logan,Yes,,Measure target spp,21,22,,5,,,,,,,,29.08.20
170,-33.5417,115.3698,No-take,2014-12-16,13:39:00,Geographe Bay,Geographe Bay,15.8,2,National Park Zone,NA,Logan,20200810,Brooke Gibbons & Claude,Lizzy,Lauren,Logan,Yes,,Measure target spp,21,22,,4,,,,,,,,10.8.20
175,-33.5518,115.1228,Fished,2014-12-15,06:34:00,Geographe Bay,Geographe Bay,28.5,2,NA,NA,,,,Lizzy,Lauren,,No,No,,19,20,,4,,,,,,,,
176,-33.59,115.1291,Fished,2014-12-15,06:59:00,Geographe Bay,Geographe Bay,15.4,2,NA,NA,,,,Lizzy,Laura,,No,No,,11,12,,3,,,,,,,,
183,-33.5688,115.2488,Fished,2014-12-15,13:29:00,Geographe Bay,Geographe Bay,22.6,2,Multiple Use Zone,NA,Logan,20200716,Brooke Gibbons & Claude,Lizzy,Laura,Logan,Yes,,Measure target spp,9,10,,3,,,,,,,,16.07.20
192,-33.4273,115.5756,Fished,2014-12-14,11:19:00,Geographe Bay,Geographe Bay,4.9,2,NA,NA,,,,Lizzy,Laura,,No,No,,13,14,,3,,,,,,,,
196,-33.5098,115.4045,Fished,2014-12-16,12:49:00,Geographe Bay,Geographe Bay,15.9,2,Multiple Use Zone,NA,Logan,20200805,Brooke Gibbons & Claude,Lauren,Damo,Logan,Yes,,Measure target spp,25,26,,3,,,,,,,,5.8.20
199,-33.5975,115.2109,Fished,2014-12-15,10:53:00,Geographe Bay,Geographe Bay,15.2,,NA,NA,,,,Lizzy,Lizzy,,No,No,,17,18,,5R,,,,,,,,
202,-33.5779,115.4117,No-take,2014-12-17,06:04:00,Geographe Bay,Geographe Bay,9.8,2,NA,East Geographe Bay Sanctuary Zone,,,,Lauren,Lauren,,No,No,,9,10,,4,,,,,,,,
207,-33.5738,115.2317,Fished,2014-12-12,08:06:00,Geographe Bay,Geographe Bay,23.3,1,Habitat Protection Zone,NA,Hayley,20200804,Logan Penman & Claude,Lizzy,Tamy,Hayley,Yes,,Measure target spp,11,12,,2,,,,,,,,4.8.20
208,-33.3873,115.5742,Fished,2014-12-14,11:03:00,Geographe Bay,Geographe Bay,7.2,2,NA,NA,,,,Lizzy,Laura,,No,No,,19,20,,3,,,,,,,,
215,-33.6066,115.2241,Fished,2014-12-15,10:45:00,Geographe Bay,Geographe Bay,14.1,,NA,NA,,,,Lizzy,N/A,,No,No,,9,10,,4R,,,,,,,LEFT CAM FAIL,
218,-33.5955,115.3031,Fished,2014-12-17,09:46:00,Geographe Bay,Geographe Bay,14.7,3,NA,NA,,,,Laura,Laura,,No,No,,11,12,,5,,,,,,,,
224,-33.4189,115.5036,Fished,2014-12-16,06:59:00,Geographe Bay,Geographe Bay,16.5,1,Special Purpose Zone (Mining Exclusion),NA,Hayley,20200804,Logan Penman & Claude,Lauren,Lizzy,Hayley,Yes,,Measure target spp,23,24,,2,,,,,,,,4.8.20
234,-33.6032,115.3602,Fished,2014-12-17,10:03:00,Geographe Bay,Geographe Bay,9.3,3,NA,NA,,,,Laura,Damo,,No,No,,13,14,,5,,,,,,,,
236,-33.4949,115.4767,Fished,2014-12-16,10:45:00,Geographe Bay,Geographe Bay,13.1,3,NA,NA,,,,Lauren,Lizzy,,No,No,,21,22,,5,,,,,,,,
240,-33.4388,115.4685,Fished,2014-12-16,08:56:00,Geographe Bay,Geographe Bay,18.9,3,Special Purpose Zone (Mining Exclusion),NA,Logan,20200824,Brooke Gibbons & Claude,Lizzy,Damo,Logan,Yes,,Measure target spp,13,14,,5,,,,,,,"UPSIDE DOWN, GOOD",24.08.20
247,-33.5561,115.1345,Fished,2014-12-15,06:30:00,Geographe Bay,Geographe Bay,26.4,2,NA,NA,,,,Lizzy,Lauren,,No,No,,15,16,,4,,,,,,,,
250,-33.5628,115.4224,No-take,2014-12-16,15:17:00,Geographe Bay,Geographe Bay,10,,NA,East Geographe Bay Sanctuary Zone,,,,Laura,N/A,,No,No,,5,6,,5R,,,,,,,LEFT FAIL,
256,-33.4083,115.4775,Fished,2014-12-14,13:12:00,Geographe Bay,Geographe Bay,11.1,3,Special Purpose Zone (Mining Exclusion),NA,Logan,20200824,Brooke Gibbons & Claude,Lizzy,Damo,Logan,Yes,,Measure target spp,11,12,,5,,,,,,,,24.08.20
267,-33.5707,115.1362,Fished,2014-12-15,06:22:00,Geographe Bay,Geographe Bay,23.2,2,NA,NA,,,,Lizzy,Lauren,,No,No,,5,6,,4,,,,,,,,
270,-33.5205,115.4206,Fished,2014-12-13,06:00:00,Geographe Bay,Geographe Bay,13.7,2,Multiple Use Zone,NA,Logan ,20200721,Brooke Gibbons & Claude,Laura,Lauren,Logan ,Yes,,Measure target spp,5,6,,4,,,,,,,,21.07.20
271,-33.5937,115.2133,Fished,2014-12-12,06:06:00,Geographe Bay,Geographe Bay,27.3,2,Habitat Protection Zone,NA,Logan ,20200721,Brooke Gibbons & Claude,Laura,Lauren,Logan ,Yes,,Measure target spp,21,22,,4,,,,,,,,21.07.20
272,-33.3815,115.4879,Fished,2014-12-14,08:37:00,Geographe Bay,Geographe Bay,11.7,3,Special Purpose Zone (Mining Exclusion),NA,Logan (ends 54:39),20200824,Brooke Gibbons & Claude,Lizzy,Damo,Logan (ends 54:39),Yes,,Measure target spp,25,26,,5,,,,,,,,24.08.20
282,-33.5572,115.3322,Fished,2014-12-17,08:02:00,Geographe Bay,Geographe Bay,18.2,3,Multiple Use Zone,NA,Logan,20200825,Brooke Gibbons & Claude,Laura,Damo,Logan,Yes,,Measure target spp,15,16,,5,,,,,,,,25.08.20
279,-33.5012,115.4379,Fished,2014-12-16,11:32:00,Geographe Bay,Geographe Bay,14.2,3,Multiple Use Zone,NA,Curtin,20220713,Claude,Lizzy,N/A,Curtin,Yes,No,,25,26,,4,,,,,,,LEFT FAIL,
287,-33.594,115.2189,Fished,2014-12-15,10:50:00,Geographe Bay,Geographe Bay,16.4,2,Habitat Protection Zone,NA,Logan,20200727,Brooke Gibbons & Claude,Lizzy,Lauren,Logan,Yes,,Measure target spp,13,14,,4,,,,,,,,27.07.20
288,-33.471,115.4776,Fished,2014-12-16,09:29:00,Geographe Bay,Geographe Bay,14.3,3,Special Purpose Zone (Mining Exclusion),NA,Logan,20200831,Brooke Gibbons & Claude,Laura,Damo,Logan,Yes,,Measure target spp,5,6,,5,,,,,,,,31.08.20
295,-33.5555,115.4661,Fished,2014-12-16,15:50:00,Geographe Bay,Geographe Bay,2.5,3,NA,NA,,,,Lauren,Damo,,No,No,,11,12,,5,,,,,,,,
298,-33.5825,115.1301,Fished,2014-12-15,06:56:00,Geographe Bay,Geographe Bay,18.1,2,NA,NA,,,,Lauren,Lauren,,No,No,,23,24,,4,,,,,,,,
304,-33.5958,115.1454,Fished,2014-12-15,10:17:00,Geographe Bay,Geographe Bay,13.7,2,NA,NA,,,,Lizzy,Lauren,,No,No,,5,6,,4,,,,,,,,
314,-33.5869,115.1628,Fished,2014-12-15,09:03:00,Geographe Bay,Geographe Bay,20,2,NA,NA,,,,Lizzy,Laura,,No,No,,5,6,,3,,,,,,,,
316,-33.384,115.5282,Fished,2014-12-14,10:49:00,Geographe Bay,Geographe Bay,9.3,,Special Purpose Zone (Mining Exclusion),NA,,,,Lauren,Lizzy,,No,No,,15,16,,BH,,,,,,,,
320,-33.4418,115.4958,Fished,2014-12-16,08:49:00,Geographe Bay,Geographe Bay,15.1,3,Special Purpose Zone (Mining Exclusion),NA,,,,Lauren,Damo,,No,No,,17,18,,5,,,,,,,LANDS FACING UP THEN FALLS GOOD AT 15MINS,
327,-33.4892,115.3942,Fished,2014-12-14,14:10:00,Geographe Bay,Geographe Bay,11.8,2,Multiple Use Zone,NA,Logan,20200806,Brooke Gibbons & Claude,Damon,Laura,Logan,Yes,,Measure target spp,15,16,,3,,,,,,,,6.8.20
330,-33.5691,115.104,No-take,2014-12-15,06:44:00,Geographe Bay,Geographe Bay,17.7,,NA,Eagle Bay Sanctuary Zone,,,,Damon,N/A,,No,No,,13,14,,4,,,,,,,Both files are rightcam,
331,-33.6031,115.253,Fished,2014-12-15,13:46:00,Geographe Bay,Geographe Bay,14.3,2,Multiple Use Zone,NA,Logan,20200722,Brooke Gibbons & Claude,Lizzy,Laura,Logan,Yes,,Measure target spp,5,6,,3,,,,,,,,22.07.20
335,-33.5771,115.2267,Fished,2014-12-12,08:09:00,Geographe Bay,Geographe Bay,21.6,1,Habitat Protection Zone,NA,Hayley ,20200806,Logan Penman & Claude,Lauren,Lizzy,Hayley ,Yes,,Measure target spp,23,24,,2,,,,,,,,6.8.20
346,-33.6092,115.2393,Fished,2014-12-15,13:08:00,Geographe Bay,Geographe Bay,14,2,NA,NA,,,,Lizzy,Laura,,No,No,,11,12,,3,,,,,,,,
352,-33.4518,115.488,Fished,2014-12-16,08:45:00,Geographe Bay,Geographe Bay,15.2,3,Special Purpose Zone (Mining Exclusion),NA,Daphne,20201007,Brooke Gibbons & Claude,Lizzy,Damo,Daphne,Yes,,Measure target spp,23,24,,5,,,,,,,,20201007
362,-33.627,115.2948,Fished,2014-12-17,10:23:00,Geographe Bay,Geographe Bay,9.4,3,NA,NA,,,,Laura,Damo,,No,No,,19,20,,5,,,,,,,,
368,-33.5725,115.4513,Fished,2014-12-16,15:59:00,Geographe Bay,Geographe Bay,3.7,3,NA,NA,,,,Laura,Damo,,No,No,,25,26,,5,,,,,,,,
375,-33.5902,115.2206,Fished,2014-12-12,06:14:00,Geographe Bay,Geographe Bay,26.9,2,Habitat Protection Zone,NA,Logan,20200818,Brooke Gibbons & Claude,Laura,Lauren,Logan,Yes,,Measure target spp,19,20,,4,,,,,,,REAR FAIL,18.08.20
378,-33.5556,115.3912,No-take,2014-12-12,13:08:00,Geographe Bay,Geographe Bay,13.3,2,National Park Zone,NA,Logan,20200726,Brooke Gibbons & Claude,Lauren,Damo,Logan,Yes,,Measure target spp,11,12,,3 (L) R (4),,,,,,,,26.07.20
384,-33.4275,115.5142,Fished,2014-12-16,06:54:00,Geographe Bay,Geographe Bay,13.5,1,Special Purpose Zone (Mining Exclusion),NA,Hayley,20200806,Logan Penman & Claude,Lauren,Ronen,Hayley,Yes,,Measure target spp,17,18,,2,,,,,,,,6.8.20
391,-33.5017,115.4101,Fished,2014-12-13,08:23:00,Geographe Bay,Geographe Bay,17,2,Multiple Use Zone,NA,Logan,20200727,Brooke Gibbons & Claude,Lizzy,Laura,Logan,Yes,,Measure target spp,21,22,,3,,,,,,,Rear cam failed,27.07.20
394,-33.5181,115.382,Fished,2014-12-16,13:18:00,Geographe Bay,Geographe Bay,19,2,Multiple Use Zone,NA,Logan,20200806,Brooke Gibbons & Claude,Lizzy,Lauren,Logan,Yes,,Measure target spp,9,10,,4,,,,,,,,6.8.20
395,-33.6073,115.3444,Fished,2014-12-17,10:08:00,Geographe Bay,Geographe Bay,9.2,3,NA,NA,,,,Laura,Damo,,No,No,,9,10,,5,,,,,,,,
399,-33.6143,115.313,Fished,2014-12-17,10:17:00,Geographe Bay,Geographe Bay,10.8,3,NA,NA,,,,Laura,Damo,,No,No,,15,16,,5,,,,,,,,
400,-33.3576,115.5517,Fished,2014-12-14,08:58:00,Geographe Bay,Geographe Bay,9.8,2,Special Purpose Zone (Mining Exclusion),NA,Logan,20200723,Brooke Gibbons & Claude,Damon,Laura,Logan,Yes,,Measure target spp,13,14,,3,,,,,,,,23.07.20
407,-33.4882,115.4275,Fished,2014-12-13,08:13:00,Geographe Bay,Geographe Bay,16.2,2,Multiple Use Zone,NA,Logan,20200807,Brooke Gibbons & Claude,Lauren,Laura,Logan,Yes,,Measure target spp,19,20,,3,,,,,,,,7.8.20
416,-33.6148,115.2806,Fished,2014-12-17,10:34:00,Geographe Bay,Geographe Bay,12.3,3,NA,NA,,,,Laura,Damo,,No,No,,5,6,,5,,,,,,,,
428,-33.4505,115.5572,Fished,2014-12-16,06:31:00,Geographe Bay,Geographe Bay,7.6,1,NA,NA,,,,Lauren,Lizzy,,No,No,,15,16,,2,,,,,,,,
432,-33.427,115.4686,Fished,2014-12-14,13:19:00,Geographe Bay,Geographe Bay,10.7,,Special Purpose Zone (Mining Exclusion),NA,,,,Lauren,Damo,,No,No,,23,24,,BH,,,,,,,,
439,-33.6309,115.2731,Fished,2014-12-17,10:29:00,Geographe Bay,Geographe Bay,8.4,3,NA,NA,,,,Laura,Damo,,No,No,,21,22,,5,,,,,,,,
442,-33.5066,115.4194,Fished,2014-12-12,13:28:00,Geographe Bay,Geographe Bay,14.3,1,Multiple Use Zone,NA,Curtin,20220707,Claude,Lizzy,Lauren,Curtin,Yes,Yes,,19,20,,2,,,,,Curtin,20220707,"UPSIDE DOWN, GOOD",
443,-33.5698,115.2025,Fished,2014-12-12,06:34:00,Geographe Bay,Geographe Bay,27,2,Habitat Protection Zone,NA,Logan,20200727,Brooke Gibbons & Claude,Laura,Lauren,Logan,Yes,,Measure target spp,11,12,,4,,,,,,,,27.07.20
448,-33.3965,115.4931,Fished,2014-12-14,13:05:00,Geographe Bay,Geographe Bay,10.6,3,Special Purpose Zone (Mining Exclusion),NA,Daphne,20201014,Claude,Lizzy,Damo,Daphne,Yes,,Measure target spp,25,26,,5,,,,,,,"renamed file, was called 488",20201014
451,-33.4198,115.5529,Fished,2014-12-14,11:32:00,Geographe Bay,Geographe Bay,7.8,3,NA,NA,,,,Lauren,Damo,,No,No,,23,24,,5,,,,,,,,
455,-33.5671,115.182,Fished,2014-12-15,08:42:00,Geographe Bay,Geographe Bay,24.9,2,Multiple Use Zone,NA,Logan,20200727,Brooke Gibbons & Claude,Lizzy,Lauren,Logan,Yes,,Measure target spp,13,14,,4,,,,,,,,27.07.20
458,-33.5151,115.5044,Fished,2014-12-16,10:58:00,Geographe Bay,Geographe Bay,6.2,,NA,NA,,,,Lizzy,Damo,,No,No,,19,20,,BH,,,,,,,Tiger,
463,-33.5151,115.5044,Fished,2014-12-12,08:03:00,Geographe Bay,Geographe Bay,24.3,1,NA,NA,,,,Lizzy,Tamy,,No,No,,25,26,,2,,,,,,,,
474,-33.4681,115.5436,Fished,2014-12-16,06:23:00,Geographe Bay,Geographe Bay,6.8,1,NA,NA,,,,Laura,Lizzy,,No,No,,21,22,,2,,,,,,,Rear fail,
480,-33.3476,115.5777,Fished,2014-12-14,09:06:00,Geographe Bay,Geographe Bay,7.4,2,NA,NA,,,,Laura,N/A,,No,No,,9,10,,3L,,,,,,,left only,
490,-33.5613,115.3612,Fished,2014-12-17,06:20:00,Geographe Bay,Geographe Bay,13.4,2,Multiple Use Zone,NA,Logan,20200806,Brooke Gibbons & Claude,Lizzy,Lauren,Logan,Yes,,Measure target spp,19,20,,4,,,,,,,,6.8.20
492,-33.4638,115.4975,Fished,2014-12-16,08:40:00,Geographe Bay,Geographe Bay,14.7,3,NA,NA,,,,Laura,Damo,,No,No,,11,12,,5,,,,,,,"UPSIDE DOWN, GOOD",
496,-33.4851,115.4752,Fished,2014-12-16,10:42:00,Geographe Bay,Geographe Bay,15.3,,NA,NA,,,,Lauren,Lizzy,,No,No,,5,6,,BH,,,,,,,,
499,-33.4517,115.5441,Fished,2014-12-16,06:36:00,Geographe Bay,Geographe Bay,9.9,1,NA,NA,,,,Lauren,Tamy,,No,No,,19,20,,2,,,,,,,,
503,-33.5845,115.3098,Fished,2014-12-17,07:48:00,Geographe Bay,Geographe Bay,16.3,3,Multiple Use Zone,NA,Daphne (finishes at 55:48),20201019,Claude,Lizzy,Damo,Daphne (finishes at 55:48),Yes,,Measure target spp,5,6,,5,,,,,,,,20201019
506,-33.5174,115.4165,Fished,2014-12-16,11:23:00,Geographe Bay,Geographe Bay,14.1,2,Multiple Use Zone,NA,Logan ,20200806,Brooke Gibbons & Claude,Lizzy,Lauren,Logan ,Yes,,Measure target spp,23,24,,4,,,,,,,,10.8.20
512,-33.5094,115.4873,Fished,2014-12-16,11:03:00,Geographe Bay,Geographe Bay,10.6,2,NA,NA,,,,Lizzy,Laura,,No,No,,9,10,,3R 4L,,,,,,,,
523,-33.5634,115.1589,Fished,2014-12-15,08:35:00,Geographe Bay,Geographe Bay,26,2,Multiple Use Zone,NA,Logan,20200729,Brooke Gibbons & Claude,Laura,Lauren,Logan,Yes,,Measure target spp,17,18,,4,,,,,,,,29.07.20
527,-33.5894,115.2078,Fished,2014-12-12,06:16:00,Geographe Bay,Geographe Bay,26.8,2,Habitat Protection Zone,NA,Logan,20200806,Brooke Gibbons & Claude,laura,Lauren,Logan,Yes,,Measure target spp,9,10,,4,,,,,,,,6.8.20
528,-33.4811,115.4971,Fished,2014-12-16,08:34:00,Geographe Bay,Geographe Bay,14,2,NA,NA,,,,Lauren,Lauren,,No,No,,25,26,,,,,,,,,,
538,-33.5839,115.3847,Fished,2014-12-17,05:53:00,Geographe Bay,Geographe Bay,11.6,2,NA,NA,,,,Laura,Lauren,,No,No,,17,18,,4,,,,,,,,
543,-33.595,115.2434,Fished,2014-12-15,13:13:00,Geographe Bay,Geographe Bay,16.7,,Multiple Use Zone,NA,,,,Lauren,Laura,,No,No,,23,24,,BH,,,,,,,,
544,-33.4464,115.4341,Fished,2014-12-14,13:36:00,Geographe Bay,Geographe Bay,12.3,3,Special Purpose Zone (Mining Exclusion),NA,Daphne,20201028,Claude,Lauren,Damo,Daphne,Yes,,Measure target spp,13,14,,5,,,,,,,LANDED SIDE STILL GOOD,20201028
551,-33.5735,115.3901,No-take,2014-12-17,05:58:00,Geographe Bay,Geographe Bay,11.7,,NA,East Geographe Bay Sanctuary Zone,,,,Lizzy,N/A,,No,No,,13,14,,4,,,,,,,RIGHT CAM FAIL,
554,-33.5577,115.3835,No-take,2014-12-17,06:13:00,Geographe Bay,Geographe Bay,12.3,3,National Park Zone,NA,Logan ,20200825,Brooke Gibbons & Claude,Laura,Damo,Logan ,Yes,,Measure target spp,15,16,,5,,,,,,,,25.08.20
560,-33.4382,115.5269,Fished,2014-12-16,06:49:00,Geographe Bay,Geographe Bay,14.6,1,NA,NA,,,,Lauren,Lizzy,,No,No,,13,14,,2,,,,,,,,
567,-33.5867,115.276,Fished,2014-12-17,08:23:00,Geographe Bay,Geographe Bay,17.4,3,Multiple Use Zone,NA,Curtin,20220705,Claude,Lizzy,Damo,Curtin,Yes,,Measure target spp,11,12,,5,,,,,,,Left can short analyse right,
570,-33.5731,115.1625,Fished,2014-12-15,08:31:00,Geographe Bay,Geographe Bay,24.6,,Multiple Use Zone,NA,,,,Lauren,Lizzy,,No,No,,23,24,,BH,,,,,,,,
572,-33.3913,115.5492,Fished,2014-12-14,10:54:00,Geographe Bay,Geographe Bay,8.1,,NA,NA,,,,Lauren,Lizzy,,No,No,,21,22,,BH,,,,,,,,
579,-33.5017,115.3741,Fished,2014-12-16,13:10:00,Geographe Bay,Geographe Bay,22,3,Multiple Use Zone,NA,Daphne,20201028,Claude,Laura,Damo,Daphne,Yes,,Measure target spp,17,18,,5,,,,,,,,20201028
583,-33.4784,115.3932,Fished,2014-12-14,13:55:00,Geographe Bay,Geographe Bay,12,2,Special Purpose Zone (Mining Exclusion),NA,Logan,20200723,Brooke Gibbons & Claude,Damon,Laura,Logan,Yes,,Measure target spp,5,6,,3,,,,,,,BIG RAY NICE GROUND - R cam failed after 15min,23.07.20
587,-33.5935,115.1874,Fished,2014-12-15,11:03:00,Geographe Bay,Geographe Bay,16.6,3,NA,NA,,,,Lizzy,Damo,,No,No,,11,12,,5,,,,,,,,
586,-33.5309,115.386,No-take,2014-12-16,13:24:00,Geographe Bay,Geographe Bay,15.8,3,National Park Zone,NA,Curtin,20220713,Claude,Lizzy,N/A,Curtin,Yes,No,,19,20,Right = Fail,4L,,,,,,,,
592,-33.5185,115.446,Fished,2014-12-16,11:15:00,Geographe Bay,Geographe Bay,12.3,3,NA,NA,,,,Laura,Laura,,No,No,,17,18,right video on CON2,3R 5L,,,,,,,,
599,-33.5021,115.4508,Fished,2014-12-13,06:22:00,Geographe Bay,Geographe Bay,13.9,2,Multiple Use Zone,NA,Logan,20200807,Brooke Gibbons & Claude,Laura,Lauren,Logan,Yes,,Measure target spp,11,12,,4,,,,,,,,7.8.20
602,-33.6202,115.2562,Fished,2014-12-15,12:57:00,Geographe Bay,Geographe Bay,11.2,,NA,NA,,,,Lauren,Damo,,No,No,,25,26,,BH,,,,,,,,
608,-33.4552,115.4703,Fished,2014-12-16,09:01:00,Geographe Bay,Geographe Bay,16.7,3,Special Purpose Zone (Mining Exclusion),NA,Daphne,20201102,Claude,Lauren,Damo,Daphne,Yes,,Measure target spp,9,10,,5,,,,,,,,20201102
611,-33.5421,115.459,Fished,2014-12-16,15:45:00,Geographe Bay,Geographe Bay,8.2,3,NA,NA, ,,,Laura,Damo, ,No,No,,23,24,,5,,,,,,,,
615,-33.5981,115.3328,Fished,2014-12-17,09:56:00,Geographe Bay,Geographe Bay,11.8,2,NA,NA,,,,Lauren,Lauren,,No,No,,17,18,,4,,,,,,,,
623,-33.6129,115.1556,Fished,2014-12-15,10:24:00,Geographe Bay,Geographe Bay,7.8,2,NA,NA,,,,Lizzy,Lauren,,No,No,,21,22,,4,,,,,,,,
618,-33.5679,115.3528,Fished,2014-12-17,05:40:00,Geographe Bay,Geographe Bay,14.5,3,Multiple Use Zone,NA,Curtin,20220713,Claude,Lizzy,N/A,Curtin,Yes,No,,25,26,R CAM fail,5,,,,,,,,
624,-33.421,115.4919,Fished,2014-12-16,07:03:00,Geographe Bay,Geographe Bay,17.5,1,Special Purpose Zone (Mining Exclusion),NA,Hayley ,20200806,Logan Penman & Claude,Lizzy,Lauren,Hayley ,Yes,,Measure target spp,11,12,,2,,,,,,,,6.8.20
631,-33.5779,115.2541,Fished,2014-12-15,13:33:00,Geographe Bay,Geographe Bay,21,,Multiple Use Zone,NA,,,,Lauren,Lizzy,,No,No,,19,20,,BH,,,,,,,,
633,-33.4712,115.4535,Fished,2014-12-16,09:18:00,Geographe Bay,Geographe Bay,16.2,3,Special Purpose Zone (Mining Exclusion),NA,Daphne,20201001,Brooke Gibbons & Claude,Lauren,Damo,Daphne,Yes,,Measure target spp,15,16,,5,,,,,,,,20201001
634,-33.5337,115.4141,Fished,2014-12-16,15:30:00,Geographe Bay,Geographe Bay,13,3,Multiple Use Zone,NA,Logan,20200825,Brooke Gibbons & Claude,Laura,Damo,Logan,Yes,,Measure target spp,15,16,,5,,,,,,,,25.08.20
635,-33.581,115.1996,Fished,2014-12-15,08:52:00,Geographe Bay,Geographe Bay,21.2,,Multiple Use Zone,NA,,,,Lauren,Damo,,No,No,,19,20,,BH,,,,,,,,
640,-33.5162,115.4646,Fished,2014-12-16,11:10:00,Geographe Bay,Geographe Bay,11.5,2,NA,NA,,,,Lizard,Lauren,,No,No,,13,14,,4,,,,,,,,
647,-33.4926,115.4247,Fished,2014-12-13,08:17:00,Geographe Bay,Geographe Bay,15.3,2,Multiple Use Zone,NA,Logan,20200730,Brooke Gibbons & Claude,Lauren,Laura,Logan,Yes,,Measure target spp,5,6,,3,,,,,,,,30.07.20
655,-33.5812,115.2457,Fished,2014-12-15,13:20:00,Geographe Bay,Geographe Bay,20.5,,Multiple Use Zone,NA,,,,Lauren,Lizzy,,No,No,,17,18,,BH,,,,,,,,
650,-33.5131,115.3716,Fished,2014-12-16,13:14:00,Geographe Bay,Geographe Bay,21.1,3,Multiple Use Zone,NA,Curtin,20220713,Claude,Lizzy,N/A,Curtin,Yes,No,,13,14,,4,,,,,,,RIGHT FAIL,
666,-33.5511,115.3572,No-take,2014-12-17,06:25:00,Geographe Bay,Geographe Bay,15.6,3,National Park Zone,NA,Logan,20200826,Brooke Gibbons & Claude,Lizzy,Damo,Logan,Yes,,Measure target spp,21,22,,5,,,,,,,,26.08.20
656,-33.3713,115.5504,Fished,2014-12-14,09:28:00,Geographe Bay,Geographe Bay,9,2,Special Purpose Zone (Mining Exclusion),NA,Molly,20220705,Claude,Lauren,N/A,Molly,Yes,No,,15,16,,3,,,,,,,R FAIL ON ENTRY TO HOUSING,
679,-33.4721,115.4153,Fished,2014-12-14,13:48:00,Geographe Bay,Geographe Bay,12,,Special Purpose Zone (Mining Exclusion),NA,,,,Lauren,Damo,,No,No,,19,20,,BH,,,,,,,R=ONLY 18MIN,
672,-33.4004,115.5357,Fished,2014-12-14,11:45:00,Geographe Bay,Geographe Bay,8.4,2,Special Purpose Zone (Mining Exclusion),NA,Molly,20220705,Claude,Lauren,N/A,Molly,Yes,No,,25,26,,3,,,,,,,L CUTS OUT @ 7MIN,
682,-33.5696,115.3354,Fished,2014-12-17,07:57:00,Geographe Bay,Geographe Bay,15.2,3,Multiple Use Zone,NA,Logan,20200825,Brooke Gibbons & Claude,Damon,Lizzy,Logan,Yes,,Measure target spp,19,20,,5,,,,,,,,25.08.20
684,-33.5845,115.1735,Fished,2014-12-15,09:00:00,Geographe Bay,Geographe Bay,20.6,,Multiple Use Zone,NA,,,,Lizzy,Damo,,No,No,,21,22,,BH,,,,,,,,
688,-33.6026,115.3181,Fished,2014-12-17,09:52:00,Geographe Bay,Geographe Bay,12.8,2,NA,NA,,,,Laura,Lauren,,No,No,,23,24,,4,,,,,,,,
694,-33.5281,115.3499,Fished,2014-12-16,13:32:00,Geographe Bay,Geographe Bay,21.3,2,Multiple Use Zone,NA,Logan,20200807,Brooke Gibbons & Claude,Lizzy,Lauren,Logan,Yes,,Measure target spp,15,16,,4,,,,,,,,7.8.20
698,-33.5246,115.4035,Fished,2014-12-12,13:25:00,Geographe Bay,Geographe Bay,14,1,Multiple Use Zone,NA,Hayley ,20200806,Logan Penman & Claude,Lizzy,Lauren,Hayley ,Yes,,Measure target spp,9,10,,2L 4R,,,,,,,,6.8.20
704,-33.4848,115.5324,Fished,2014-12-16,06:15:00,Geographe Bay,Geographe Bay,7.45,1,NA,NA,,,,Lizzy,Lauren,,No,No,,5,6,,2,,,,,,,,
711,-33.3695,115.5666,Fished,2014-12-14,09:24:00,Geographe Bay,Geographe Bay,8.4,2,NA,NA,,,,Laura,Damo,,No,No,,21,22,,3,,,,,,,,
714,-33.5793,115.1468,Fished,2014-12-15,08:26:00,Geographe Bay,Geographe Bay,21.1,,NA,NA,,,,Lauren,Lizzy,,No,No,,11,12,,BH,,,,,,,,
719,-33.601,115.2325,Fished,2014-12-12,05:59:00,Geographe Bay,Geographe Bay,26.3,2,Habitat Protection Zone,NA,Logan,20200810,Brooke Gibbons & Claude,Laura,Lauren,Logan,Yes,,Measure target spp,13,14,,4,,,,,,,,10.8.20
720,-33.3599,115.5835,Fished,2014-12-14,09:11:00,Geographe Bay,Geographe Bay,8.2,2,NA,NA,,,,Laura,Laura,,No,No,,19,20,,3,,,,,,,UPSIDE DOWN STILL GOOD,
735,-33.562,115.1433,Fished,2014-12-15,06:27:00,Geographe Bay,Geographe Bay,26.7,3,NA,NA,,,,Lauren,Damo,,No,No,,21,22,,5,,,,,,,,
736,-33.3851,115.5606,Fished,2014-12-14,10:59:00,Geographe Bay,Geographe Bay,8.2,,NA,NA,,,,Lauren,Lizzy,,No,No,,5,6,,BH,,,,,,,,
746,-33.5794,115.3571,Fished,2014-12-17,05:45:00,Geographe Bay,Geographe Bay,13.2,3,Multiple Use Zone,NA,Logan,20200825,Brooke Gibbons & Claude,Damon,Lizzy,Logan,Yes,,Measure target spp,11,12,,5,,,,,,,,25.08.20
748,-33.3696,115.5138,Fished,2014-12-14,08:46:00,Geographe Bay,Geographe Bay,11.1,2,Special Purpose Zone (Mining Exclusion),NA,Logan,20200730,Brooke Gibbons & Claude,Lizzy,Laura,Logan,Yes,,Measure target spp,23,24,,3,,,,,,,,30.07.20
752,-33.3766,115.5914,Fished,2014-12-14,09:15:00,Geographe Bay,Geographe Bay,6.2,2,NA,NA,,,,Damon,Laura,,No,No,,5,6,,3,,,,,,,,
755,-33.4339,115.4571,Fished,2014-12-14,13:27:00,Geographe Bay,Geographe Bay,11.3,,Special Purpose Zone (Mining Exclusion),NA,,,,Lauren,Lizzy,,No,No,,17,18,,BH,,,,,,,,
759,-33.5759,115.3173,Fished,2014-12-17,07:52:00,Geographe Bay,Geographe Bay,17.3,3,Multiple Use Zone,NA,Daphne (finishes at 59:18),20201102,Claude,Lauren,Damo,Daphne (finishes at 59:18),Yes,,Measure target spp,21,22,,5,,,,,,,,20201102
764,-33.3744,115.4961,Fished,2014-12-14,08:43:00,Geographe Bay,Geographe Bay,11.6,2,Special Purpose Zone (Mining Exclusion),NA,Logan,20200728,Brooke Gibbons & Claude,Lauren,Laura,Logan,Yes,,Measure target spp,11,12,,3,,,,,,,,28.07.20
762,-33.5199,115.4149,Fished,2014-12-12,13:44:00,Geographe Bay,Geographe Bay,13,3,Multiple Use Zone,NA,Curtin,20220713,Claude,laura,N/A,Curtin,Yes,No,,13,14,,4L,,,,,,,"UPSIDE DOWN, RIGHT CAM FAIL",
782,-33.5142,115.4368,Fished,2014-12-13,06:06:00,Geographe Bay,Geographe Bay,13.7,2,Multiple Use Zone,NA,Logan,20200728,Brooke Gibbons & Claude,Laura,Lauren,Logan,Yes,,Measure target spp,19,20,,4,,,,,,,,28.07.20
779,-33.5817,115.2264,Fished,2014-12-17,08:11:00,Geographe Bay,Geographe Bay,19,3,Habitat Protection Zone,NA,Curtin,20220713,Claude,Lizzy,N/A,Curtin,Yes,No,,13,14,,5,,,,,,,"RIGHT CAM FAIL, CAM 14 SWAPPED OUT",
783,-33.5817,115.2264,Fished,2014-12-12,08:12:00,Geographe Bay,Geographe Bay,21.5,1,Habitat Protection Zone,NA,Hayley,20200808,Logan Penman & Claude,Lauren,Ronen,Hayley,Yes,,Measure target spp,17,18,,2,,,,,,,,8.8.20
784,-33.6014,115.1774,Fished,2014-12-15,11:07:00,Geographe Bay,Geographe Bay,13.4,3,NA,NA,,,,Laura,Lizzy,,No,No,,25,26,,5,,,,,,,,
791,-33.4851,115.4435,Fished,2014-12-13,08:03:00,Geographe Bay,Geographe Bay,15,2,Multiple Use Zone,NA,Logan,20200811,Brooke Gibbons & Claude,Lizzy,Laura,Logan,Yes,,Measure target spp,17,18,,"3R, 4L",,,,,,,,11.08.20
794,-33.6248,115.2039,No-take,2014-12-15,10:38:00,Geographe Bay,Geographe Bay,7.4,3,NA,Central Geographe Bay Sanctuary Zone,,,,Lizzy,Damo,,No,No,,19,20,,5,,,,,,,,
800,-33.5732,115.1935,Fished,2014-12-15,08:48:00,Geographe Bay,Geographe Bay,22.9,3,Multiple Use Zone,NA,Logan,20200826,Brooke Gibbons & Claude,Laura,Damo,Logan,Yes,,Measure target spp,9,10,,5,,,,,,,,26.08.20
807,-33.494,115.4907,Fished,2014-12-16,10:50:00,Geographe Bay,Geographe Bay,14,2,NA,NA,,,,Lizzy,Laura,,No,No,,15,16,,3R 4L,,,,,,,,
810,-33.5513,115.3766,No-take,2014-12-16,13:44:00,Geographe Bay,Geographe Bay,14.3,2,National Park Zone,NA,Logan,20200729,Brooke Gibbons & Claude,Lizzy,Lauren,Logan,Yes,,Measure target spp,5,6,,4,,,,,,,Finishes at 55 minutes,29.07.20 - Finishes at 55 minutes
816,-33.3996,115.5633,Fished,2014-12-14,11:09:00,Geographe Bay,Geographe Bay,7.9,3,NA,NA,,,,Lizzy,Damo,,No,No,,9,10,,5,,,,,,,,
823,-33.5857,115.2872,Fished,2014-12-17,08:19:00,Geographe Bay,Geographe Bay,16.2,3,Multiple Use Zone,NA,Curtin,20220705,Claude,Lizzy,Laura,Curtin,Yes,,Measure target spp,23,24,left only,5,,,,,Curtin,20220705,,
826,-33.5427,115.4006,No-take,2014-12-13,05:45:00,Geographe Bay,Geographe Bay,12.8,2,National Park Zone,NA,Logan,20200807,Brooke Gibbons & Claude,Lizzy,Lauren,Logan,Yes,,Measure target spp,15,16,,4,,,,,,,Rightcam fogs at ~20 mins and clears up again at ~50 mins,7.8.20
828,-33.4175,115.5296,Fished,2014-12-14,11:38:00,Geographe Bay,Geographe Bay,7.6,2,NA,NA,,,,Lauren,Laura,,No,No,,11,12,,3,,,,,,,,
832,-33.4556,115.5197,Fished,2014-12-16,06:43:00,Geographe Bay,Geographe Bay,12.6,1,NA,NA,,,,Lizzy,Lauren,,No,No,,9,10,,2,,,,,,,,
839,-33.4873,115.4085,Fished,2014-12-16,13:00:00,Geographe Bay,Geographe Bay,20,3,Multiple Use Zone,NA,Daphne,20201102,Claude,Laura,Damo,Daphne,Yes,,Measure target spp,23,24,,5,,,,,,,,20201102
842,-33.5681,115.1149,Fished,2014-12-15,06:40:00,Geographe Bay,Geographe Bay,22.3,3,NA,NA,,,,Lizzy,Damo,,No,No,,9,10,,5,,,,,,,,
843,-33.6,115.2586,Fished,2014-12-15,13:43:00,Geographe Bay,Geographe Bay,14.6,,Multiple Use Zone,NA,,,,Damon,Lizzy,,No,No,,21,22,,BH,,,,,,,,
848,-33.3519,115.5323,Fished,2014-12-14,08:53:00,Geographe Bay,Geographe Bay,10.4,2,Special Purpose Zone (Mining Exclusion),NA,Logan,20200729,Brooke Gibbons & Claude,Lauren,Lauren,Logan,Yes,,Measure target spp,17,18,,4,,,,,,,,29.07.20
855,-33.4901,115.4358,Fished,2014-12-13,08:09:00,Geographe Bay,Geographe Bay,15.2,2,Multiple Use Zone,NA,Logan,20200804,Brooke Gibbons & Claude,Lauren,Laura,Logan,Yes,,Measure target spp,9,10,,3,,,,,,,,4.08.20
858,-33.5573,115.3462,Fished,2014-12-17,06:29:00,Geographe Bay,Geographe Bay,16.6,3,Multiple Use Zone,NA,Logan,20200826,Brooke Gibbons & Claude,Damon,Damo,Logan,Yes,,Measure target spp,5,6,,5,,,,,,,,26.08.20
864,-33.5833,115.3721,Fished,2014-12-17,05:50:00,Geographe Bay,Geographe Bay,12.4,3,NA,NA,,,,Laura,Damo,,No,No,,23,24,,5,,,,,,,,
879,-33.6169,115.1829,Fished,2014-12-15,10:31:00,Geographe Bay,Geographe Bay,8.1,3,NA,NA,,,,Laura,Done,,No,No,,15,16,,5,,,,,,,,
880,-33.5366,115.4444,Fished,2014-12-16,15:41:00,Geographe Bay,Geographe Bay,10.9,3,NA,NA,,,,Laura,Done,,No,No,,17,18,,5,,,,,,,,
1038,-33.5333,115.42,Fished,2014-12-16,15:33:00,Geographe Bay,Geographe Bay,13.9,3,Multiple Use Zone,NA,Daphne,20201104,Claude,Laura,Damo,Daphne,Yes,,Measure target spp,9,10,,5,,,,,,,,20201104
1108,-33.558,115.4144,No-take,2014-12-16,15:20:00,Geographe Bay,Geographe Bay,11.9,3,NA,East Geographe Bay Sanctuary Zone,,,,Laura,Done,,No,No,,21,22,,5,,,,,,,,
10000,-33.4136,115.3646,Fished,2014-12-14,06:27:00,Geographe Bay,Geographe Bay,16.4,,Special Purpose Zone (Mining Exclusion),NA,,,,Lauren,Lizzy,,No,No,,5,6,,BH,,,,,,,,
10001,-33.4217,115.3722,Fished,2014-12-14,06:17:00,Geographe Bay,Geographe Bay,15.9,2,Special Purpose Zone (Mining Exclusion),NA,Logan,20200808,Brooke Gibbons & Claude,Lauren,Damo,Logan,Yes,,Measure target spp,13,14,,4,,,,,,,,8.8.20
10002,-33.4234,115.3889,Fished,2014-12-14,06:13:00,Geographe Bay,Geographe Bay,15.4,,Special Purpose Zone (Mining Exclusion),NA,,,,Lauren,Damo,,No,No,,15,16,,BH,,,,,,,,
10004,-33.4039,115.3976,Fished,2014-12-14,07:03:00,Geographe Bay,Geographe Bay,15.3,,Special Purpose Zone (Mining Exclusion),NA,,,,Lauren,Lizzy,,No,No,,25,26,,BH,,,,,,,,
10003,-33.4213,115.3594,Fished,2014-12-14,06:23:00,Geographe Bay,Geographe Bay,16.5,3,Special Purpose Zone (Mining Exclusion),NA,Molly,20220707,Claude,Lauren,N/A,Molly,Yes,No,,21,22,,5,,,,,,,right fail,
10005,-33.4778,115.3694,Fished,2014-12-13,10:21:00,Geographe Bay,Geographe Bay,24.6,3,Special Purpose Zone (Mining Exclusion),NA,Curtin,20220713,Claude,Laura,Done,Curtin,No,No,,21,22,,5,,,,,Curtin,20220713,,
10005,-33.4778,115.3694,Fished,2014-12-14,14:03:00,Geographe Bay,Geographe Bay,13.7,3,Special Purpose Zone (Mining Exclusion),NA,Curtin,20220705,Claude,Laura,Laura,Curtin,Yes,Yes,,21,22,,5,,,,,Curtin,20220705,,
11R1,-33.3589,115.3694,Fished,2014-12-11,09:09:00,Geographe Bay,Geographe Bay,30.4,,Special Purpose Zone (Mining Exclusion),NA,,,,Lizzy,Lauren,,No,No,,5,6,Y,1,,,,,,,no footage or emob,
11R2,-33.3967,115.5076,Fished,2014-12-11,12:26:00,Geographe Bay,Geographe Bay,18.6,1,Special Purpose Zone (Mining Exclusion),NA,Brooke,20200827,Logan Penman & Claude,Lizzy,Lauren,Brooke,Yes,,Measure target spp,11,12,Y,2,,,,,,,,20200827
11R3,-33.4122,115.5205,Fished,2014-12-11,12:40:00,Geographe Bay,Geographe Bay,14.7,1,Special Purpose Zone (Mining Exclusion),NA,Brooke,20200827,Logan Penman & Claude,Lauren,Laura,Brooke,Yes,,Measure target spp,9,10,Y,1,,,,,,,,20200827
11R4,-33.4197,115.5176,Fished,2014-12-11,12:48:00,Geographe Bay,Geographe Bay,14.5,1,Special Purpose Zone (Mining Exclusion),NA,Brooke,20200828,Logan Penman & Claude,Lauren,Lizzy,Brooke,Yes,,Measure target spp,19,20,Y,1,,,,,,,UPSIDE DOWN,20200828
12RC1,-33.5932,115.2133,Fished,2014-12-12,06:09:00,Geographe Bay,Geographe Bay,26.5,2,Habitat Protection Zone,NA,Logan,20200808,Brooke Gibbons & Claude,Laura,Lauren,Logan,Yes,,Measure target spp,5,6,,4,,,,,,,,8.8.20
12RC2,-33.5916,115.2379,Fished,2014-12-12,08:23:00,Geographe Bay,Geographe Bay,17.6,1,Multiple Use Zone,NA,Daphne,20200910,Brooke Gibbons & Claude,Lauren,Lauren,Daphne,Yes,,Measure target spp,19,20,,2,,,,,,,,20200910
12RC3,-33.5915,115.2415,Fished,2014-12-12,08:32:00,Geographe Bay,Geographe Bay,17.9,1,Multiple Use Zone,NA,Daphne,20201111,Claude,Lauren,Lizzy,Daphne,Yes,,Measure target spp,5,6,,2,,,,,,,,20201111
12RC5,-33.5621,115.3443,Fished,2014-12-12,11:16:00,Geographe Bay,Geographe Bay,14.2,1,Multiple Use Zone,NA,Daphne,20201001,Brooke Gibbons & Claude,Lizzy,Lauren,Daphne,Yes,,Measure target spp,23,24,,1,,,,,,,,20201001
12RC6,-33.5711,115.3481,Fished,2014-12-12,11:22:00,Geographe Bay,Geographe Bay,14.7,2,Multiple Use Zone,NA,Logan,20200818,Brooke Gibbons & Claude,laura,Laura,Logan,Yes,,Measure target spp,11,12,,4L,,,,,,,,18.08.20
12RC7,-33.5118,115.4179,Fished,2014-12-12,13:38:00,Geographe Bay,Geographe Bay,15.2,2,Multiple Use Zone,NA,Logan,20200819,Brooke Gibbons & Claude,laura,Lauren,Logan,Yes,,Measure target spp,5,6,,4,,,,,,,,19.08.20
12RC8,-33.5149,115.4182,Fished,2014-12-12,13:41:00,Geographe Bay,Geographe Bay,14.1,2,Multiple Use Zone,NA,Logan,20200804,Brooke Gibbons & Claude,laura,Lauren,Logan,Yes,,Measure target spp,21,22,,4,,,,,,,,4.08.20
12RC9,-33.5162,115.4064,Fished,2014-12-12,13:48:00,Geographe Bay,Geographe Bay,14.5,2,Multiple Use Zone,NA,Molly,20220707,,Lauren,Laura,Molly,Yes,,Measure target spp,15,16,,3R 4L,,,,,,,,
13RC1,-33.506,115.4308,Fished,2014-12-13,06:11:00,Geographe Bay,Geographe Bay,13.8,2,Multiple Use Zone,NA,Logan,20200817,Brooke Gibbons & Claude,Lauren,Damo,Logan,Yes,,Measure target spp,9,10,,3,,,,,,,,17.08.20
13RC11,-33.374,115.3693,Fished,2014-12-13,13:23:00,Geographe Bay,Geographe Bay,31,2,Special Purpose Zone (Mining Exclusion),NA,Logan,20200716,Brooke Gibbons & Claude,Laura,Damo,Logan,Yes,,Measure target spp,19,20,,3,,,,,,,,16.07.20
13RC12,-33.3744,115.3668,Fished,2014-12-13,13:25:00,Geographe Bay,Geographe Bay,31.3,2,Special Purpose Zone (Mining Exclusion),NA,Logan,20200817,Brooke Gibbons & Claude,Laura,Laura,Logan,Yes,,Measure target spp,5,6,,3,,,,,,,R vid cuts out at 8 min-could not measure all,17.08.20
13RC13,-33.3755,115.3631,Fished,2014-12-13,13:31:00,Geographe Bay,Geographe Bay,31.1,3,Special Purpose Zone (Mining Exclusion),NA,Curtin,20220705,Claude,Lizzy,Damo,Curtin,Yes,,Measure target spp,21,22,,5,,,,,,,,
13RC15,-33.3768,115.3559,Fished,2014-12-13,13:39:00,Geographe Bay,Geographe Bay,32.5,2,Special Purpose Zone (Mining Exclusion),NA,Logan,20200817,Brooke Gibbons & Claude,Laura,Lizzy,Logan,Yes,,Measure target spp,15,16,,3,,,,,,,Cuts out at 47minutes,17.08.20
13RC2,-33.4949,115.456,Fished,2014-12-13,06:27:00,Geographe Bay,Geographe Bay,13.4,2,Multiple Use Zone,NA,(opcode sheet says: 87),,,Lizzy,Damo,(opcode sheet says: 87),No,No,,25,26,,3,,,,,,,,
13RC3,-33.4839,115.4516,Fished,2014-12-13,08:00:00,Geographe Bay,Geographe Bay,13.6,2,Multiple Use Zone,NA,(opcode sheet says: 791),,,Lauren,Laura,(opcode sheet says: 791),No,No,,23,24,,3,,,,,,,,
13RC4,-33.4994,115.3965,Fished,2014-12-13,08:30:00,Geographe Bay,Geographe Bay,19.5,2,Multiple Use Zone,NA,Logan,20200818,Brooke Gibbons & Claude,Lizzy,Laura,Logan,Yes,,Measure target spp,13,14,,3,,,,,,,,18.08.20
13RC5,-33.4839,115.4656,Fished,2014-12-13,10:05:00,Geographe Bay,Geographe Bay,26.8,3,Multiple Use Zone,NA,Daphne,20201104,Claude,Lizzy,Damo,Daphne,Yes,,Measure target spp,15,16,,5,,,,,,,,20201104
13RC6,-33.381,115.3892,Fished,2014-12-13,13:07:00,Geographe Bay,Geographe Bay,29.7,2,Special Purpose Zone (Mining Exclusion),NA,Logan,20200826,Brooke Gibbons & Claude,Lauren,Laura,Logan,Yes,,Measure target spp,15,16,,3L,,,,,,,,26.08.20
13RC7,-33.3774,115.3861,Fished,2014-12-13,13:10:00,Geographe Bay,Geographe Bay,29.5,3,Special Purpose Zone (Mining Exclusion),NA,Daphne,20201104,Claude,Lizzy,Damo,Daphne,Yes,,Measure target spp,11,12,,5,,,,,,,,20201104
13RC8,-33.3726,115.3791,Fished,2014-12-13,13:14:00,Geographe Bay,Geographe Bay,30.4,2,Special Purpose Zone (Mining Exclusion),NA,Logan,20200813,Brooke Gibbons & Claude,Lizzy,Laura,Logan,Yes,,Measure target spp,23,24,,3,,,,,,,,13.8.20
13RC9,-33.3731,115.3748,Fished,2014-12-13,13:18:00,Geographe Bay,Geographe Bay,30.9,2,Special Purpose Zone (Mining Exclusion),NA,Logan,20200817,Brooke Gibbons & Claude,Lauren,Laura,Logan,Yes,,Measure target spp,17,18,,3L,,,,,,,,17.08.20
GBR-BOB,-33.5924,115.2206,Fished,2014-12-17,12:23,Geographe Bay,Geographe Bay,16.7,3,Habitat Protection Zone,NA,Curtin,20220507,Claude,Lizzy,Lizzy,Curtin,Yes,,Measure target spp,25,26,,5,,,,,Curtin,20220705,,
GBR1-1,-33.5936,115.1963,Fished,2014-12-17,12:02,Geographe Bay,Geographe Bay,17.3,2,NA,NA,,,,Laura,Lauren,,No,No,,5,6,,4,,,,,,,,
GBR1-2,-33.5936,115.1995,Fished,2014-12-17,12:05,Geographe Bay,Geographe Bay,16,2,Multiple Use Zone,NA,Logan,20200811,Brooke Gibbons & Claude,Lizzy,Lauren,Logan,Yes,,Measure target spp,21,22,,4,,,,,,,,11.8.20
GBR1-3,-33.5938,115.2023,Fished,2014-12-17,12:07,Geographe Bay,Geographe Bay,15.8,2,Habitat Protection Zone,NA,Logan ,20200811,Brooke Gibbons & Claude,Damon,Lauren,Logan ,Yes,,Measure target spp,19,20,,4,,,,,,,,11.8.20
GBR1-4,-33.5935,115.2055,Fished,2014-12-17,12:09,Geographe Bay,Geographe Bay,16.8,2,Habitat Protection Zone,NA,Logan,20200812,Brooke Gibbons & Claude,Lauren,Lauren,Logan,Yes,,Measure target spp,15,16,,4,,,,,,,,12.8.20
GBR2-1,-33.5938,115.1907,Fished,2014-12-17,13:40,Geographe Bay,Geographe Bay,17.7,1,NA,NA,,,,Laura,Lizzy,,No,No,,11,12,,2,,,,,,,,
GBR2-2,-33.594,115.1884,Fished,2014-12-17,13:42,Geographe Bay,Geographe Bay,16.2,1,NA,NA,,,,Laura,Lauren,,No,No,,23,24,,2,,,,,,,,
GBR2-3,-33.5941,115.1865,Fished,2014-12-17,13:44,Geographe Bay,Geographe Bay,16.4,1,NA,NA,,,,Lauren,Ronen,,No,No,,17,18,,2,,,,,,,,
GBR2-4,-33.5937,115.193,Fished,2014-12-17,13:38,Geographe Bay,Geographe Bay,16.2,1,NA,NA,,,,Lizzy,N/A,,No,No,,25,26,,2,,,,,,,Right cam didn't record?,
GBR3-1,-33.5945,115.1819,Fished,2014-12-17,13:53,Geographe Bay,Geographe Bay,17.6,1,NA,NA,,,,Lauren,Lizzy,,No,No,,19,20,,2,,,,,,,,
GBR3-2,-33.5937,115.193,Fished,2014-12-17,13:30,Geographe Bay,Geographe Bay,17.9,,NA,NA,,,,Lauren,N/A,,No,No,,15,16,,2,,,,,,,Rightcam cuts out 1 min,
GBR3-3,-33.5937,115.184,Fished,2014-12-17,13:47,Geographe Bay,Geographe Bay,17,1,NA,NA,,,,Lizzy,Lizzy,,No,No,,9,10,,2,,,,,,,,
GBR3-4,-33.5939,115.1851,Fished,2014-12-17,13:46,Geographe Bay,Geographe Bay,16.6,1,NA,NA,,,,Lauren,Lizzy,,No,No,,13,14,,2,,,,,,,,
GBR4-1,-33.5933,115.2081,Fished,2014-12-17,12:11,Geographe Bay,Geographe Bay,16.1,2,Habitat Protection Zone,NA,Logan,20200812,Brooke Gibbons & Claude,Damon,Lauren,Logan,Yes,,Measure target spp,9,10,,4,,,,,,,,12.8.20
GBR4-2,-33.5928,115.2102,Fished,2014-12-17,12:13,Geographe Bay,Geographe Bay,16.3,1,Habitat Protection Zone,NA,Hayley,20200808,Logan Penman & Claude,Lauren,Lauren,Hayley,Yes,,Measure target spp,13,14,,2,,,,,,,,8.8.20
GBR5-1,-33.5932,115.2119,Fished,2014-12-17,12:15,Geographe Bay,Geographe Bay,16.2,1,Habitat Protection Zone,NA,Hayley,20200811,Logan Penman & Claude,Laura,Ronen,Hayley,Yes,,Measure target spp,17,18,,2,,,,,,,,11.8.20
GBR5-2,-33.5927,115.2148,Fished,2014-12-17,12:17,Geographe Bay,Geographe Bay,16.6,1,Habitat Protection Zone,NA,Hayley,20200808,Logan Penman & Claude,Laura,Lizzy,Hayley,Yes,,Measure target spp,23,24,,2,,,,,,,,8.8.20
GBR5-3,-33.5924,115.2175,Fished,2014-12-17,12:19,Geographe Bay,Geographe Bay,16.4,2,Habitat Protection Zone,NA,Logan ,20200813,Brooke Gibbons & Claude,Lizzy,Lauren,Logan ,Yes,,Measure target spp,11,12,,4,,,,,,,Rightcam cuts out at 52 mins - M. australis not measured,13.8.20
RB1,-33.5346,115.2177,Fished,2014-12-09,06:49,Geographe Bay,Geographe Bay,28,1,Multiple Use Zone,NA,Hayley ,20200811,Logan Penman & Claude,Lizzy,Laura,Hayley ,Yes,,Measure target spp,25,26,Y,1,,,,,,,BLACK HOUSING,11.8.20
RB2,-33.5086,115.2255,Fished,2014-12-09,09:39,Geographe Bay,Geographe Bay,30,1,Multiple Use Zone,NA,Hayley ,20200811,Logan Penman & Claude,Lizzy,Laura,Hayley ,Yes,,Measure target spp,13,14,Y,1,,,,,,,L CARD 83 DODGY,11.8.20
RC1,-33.4628,115.24,Fished,2014-12-09,10:09,Geographe Bay,Geographe Bay,34.2,1,Special Purpose Zone (Mining Exclusion),NA,Hayley ,20200812,Logan Penman & Claude,Laura,Lizzy,Hayley ,Yes,,Measure target spp,17,18,Y,1,,,,,,,,12.8.20
RC2,-33.4864,115.178,Fished,2014-12-09,10:34,Geographe Bay,Geographe Bay,34.3,1,Multiple Use Zone,NA,Hayley ,20200812,Logan Penman & Claude,Lizzy,Lauren,Hayley ,Yes,,Measure target spp,11,12,Y,1,,,,,,,,12.8.20
RC3,-33.4705,115.1684,Fished,2014-12-09,13:11,Geographe Bay,Geographe Bay,35,1,Special Purpose Zone (Mining Exclusion),NA,Hayley ,20200812,Logan Penman & Claude,Lauren,Lizzy,Hayley ,Yes,,Measure target spp,19,20,Y,1,,,,,,,,12.8.20