"campaignid","sample","latitude","longitude","date","time","location","site","depth","observer","successful.count","successful.length","raw.hdd.number","con.hdd.number","commonwealth.zone","status","broad.macroalgae","broad.seagrasses","broad.unconsolidated","broad.sponges","broad.consolidated","broad.stony.corals","broad.total.points.annotated"
"2007-2014-Geographe-stereo-BRUVs","MF-GB036",-33.59150085,115.2475977,"20070302","13:34:00","Geographe.Bay","Geographe.Bay","18",NA,"Yes","Yes",NA,NA,"Multiple Use Zone","Fished",10,0,0,0,0,0,10
"2007-2014-Geographe-stereo-BRUVs","MF-GB037",-33.59039751,115.2511973,"20070302","13:22:00","Geographe.Bay","Geographe.Bay","17",NA,"Yes","Yes",NA,NA,"Multiple Use Zone","Fished",10,0,0,0,0,0,10
"2007-2014-Geographe-stereo-BRUVs","MF-GB047",-33.59060326,115.1982978,"20070302","13:04:00","Geographe.Bay","Geographe.Bay","19",NA,"Yes","Yes",NA,NA,"Multiple Use Zone","Fished",0,10,0,0,0,0,10
"2007-2014-Geographe-stereo-BRUVs","MF-GB064",-33.58179718,115.1880948,"20070302","16:36:00","Geographe.Bay","Geographe.Bay","22",NA,"Yes","Yes",NA,NA,"Multiple Use Zone","Fished",0,6,0,0,0,0,6
"2007-2014-Geographe-stereo-BRUVs","MF-GB080",-33.57639775,115.2168001,"20070302","14:11:00","Geographe.Bay","Geographe.Bay","23",NA,"Yes","Yes",NA,NA,"Habitat Protection Zone","Fished",0,8,2,0,0,0,10
"2007-2014-Geographe-stereo-BRUVs","MF-GB101",-33.56579717,115.1940952,"20070302","15:14:00","Geographe.Bay","Geographe.Bay","27",NA,"Yes","Yes",NA,NA,"Multiple Use Zone","Fished",NA,NA,NA,NA,NA,NA,NA
"2007-2014-Geographe-stereo-BRUVs","MF-GB112",-33.568404,115.2335002,"20070302","13:44:00","Geographe.Bay","Geographe.Bay","24",NA,"Yes","Yes",NA,NA,"Multiple Use Zone","Fished",NA,NA,NA,NA,NA,NA,NA
"2007-2014-Geographe-stereo-BRUVs","MF-GB113",-33.56969737,115.2362963,"20070302","12:02:00","Geographe.Bay","Geographe.Bay","24",NA,"Yes","Yes",NA,NA,"Multiple Use Zone","Fished",14,0,0,1,0,0,15
"2007-2014-Geographe-stereo-BRUVs","MF-GB126",-33.56669549,115.2287952,"20070302","12:22:00","Geographe.Bay","Geographe.Bay","26",NA,"Yes","Yes",NA,NA,"Habitat Protection Zone","Fished",NA,NA,NA,NA,NA,NA,NA
"2007-2014-Geographe-stereo-BRUVs","MF-GB128",-33.56540445,115.2369006,"20070302","12:12:00","Geographe.Bay","Geographe.Bay","24",NA,"Yes","No",NA,NA,"Multiple Use Zone","Fished",4,0,6,0,0,0,10
"2007-2014-Geographe-stereo-BRUVs","1",-33.3635,115.2142,"2014-12-10","13:20:00","Geographe Bay","Geographe Bay","40","Hayley","Yes",NA,NA,"1","Special Purpose Zone (Mining Exclusion)","Fished",0,0,20,0,0,0,20
"2007-2014-Geographe-stereo-BRUVs","2",-33.4405,115.101,"2014-12-10","06:29:00","Geographe Bay","Geographe Bay","40.5","Test video","Yes",NA,NA,"1","Special Purpose Zone (Mining Exclusion)","Fished",0,0,7,7,0,0,14
"2007-2014-Geographe-stereo-BRUVs","3",-33.4921,115.3549,"2014-12-13","08:41:00","Geographe Bay","Geographe Bay","24.8","Hayley","Yes",NA,NA,"3","Multiple Use Zone","Fished",0,0,20,0,0,0,20
"2007-2014-Geographe-stereo-BRUVs","4",-33.3921,115.2281,"2014-12-10","14:13:00","Geographe Bay","Geographe Bay","38.4","Hayley","Yes",NA,NA,"2","Special Purpose Zone (Mining Exclusion)","Fished",0,0,20,0,0,0,20
"2007-2014-Geographe-stereo-BRUVs","5",-33.3628,115.455,"2014-12-11","09:43:00","Geographe Bay","Geographe Bay","25.7","test video","Yes",NA,NA,"1","Special Purpose Zone (Mining Exclusion)","Fished",2,2,15,0,0,0,19
"2007-2014-Geographe-stereo-BRUVs","6",-33.4071,115.1204,"2014-12-10","07:55:00","Geographe Bay","Geographe Bay","41.8","Hayley","Yes",NA,NA,"1","Special Purpose Zone (Mining Exclusion)","Fished",0,0,20,0,0,0,20
"2007-2014-Geographe-stereo-BRUVs","7",-33.4205,115.4457,"2014-12-13","11:04:00","Geographe Bay","Geographe Bay","23.2","Logan","Yes",NA,NA,"5","Special Purpose Zone (Mining Exclusion)","Fished",0,0,22,0,0,0,22
"2007-2014-Geographe-stereo-BRUVs","9",-33.3643,115.1361,"2014-12-10","10:04:00","Geographe Bay","Geographe Bay","41.8","Molly","Yes","No",NA,"2","Special Purpose Zone (Mining Exclusion)","Fished",10,0,10,0,0,0,20
"2007-2014-Geographe-stereo-BRUVs","10",-33.5282,115.3313,"2014-12-12","10:48:00","Geographe Bay","Geographe Bay","22.7","Hayley","Yes",NA,NA,"1","Multiple Use Zone","Fished",3,9,7,0,0,0,19
"2007-2014-Geographe-stereo-BRUVs","11",-33.5712,115.2958,"2014-12-12","08:59:00","Geographe Bay","Geographe Bay","21.7","Hayley","Yes",NA,NA,"2","Multiple Use Zone","Fished",1,15,4,0,0,0,20
"2007-2014-Geographe-stereo-BRUVs","12",-33.404,115.2616,"2014-12-10","14:00:00","Geographe Bay","Geographe Bay","38.7","Hayley","Yes",NA,NA,"2","Special Purpose Zone (Mining Exclusion)","Fished",0,0,21,0,0,0,21
"2007-2014-Geographe-stereo-BRUVs","13",-33.4502,115.0925,"2014-12-09","13:41:00","Geographe Bay","Geographe Bay","42.4","Hayley","Yes",NA,NA,"1","Special Purpose Zone (Mining Exclusion)","Fished",0,0,19,0,0,0,19
"2007-2014-Geographe-stereo-BRUVs","14",-33.5297,115.413,"2014-12-13","05:56:00","Geographe Bay","Geographe Bay","13.2","Logan","Yes",NA,NA,"4","Multiple Use Zone","Fished",18,0,2,0,0,0,20
"2007-2014-Geographe-stereo-BRUVs","15",-33.5782,115.2148,"2014-12-12","06:27:00","Geographe Bay","Geographe Bay","26.2","Logan","Yes",NA,NA,"4","Habitat Protection Zone","Fished",0,15,3,0,0,0,18
"2007-2014-Geographe-stereo-BRUVs","16",-33.3889,115.4986,"2014-12-11","12:21:00","Geographe Bay","Geographe Bay","20","Hayley","Yes",NA,NA,"1","Special Purpose Zone (Mining Exclusion)","Fished",14,6,0,0,0,0,20
"2007-2014-Geographe-stereo-BRUVs","17",-33.3636,115.2327,"2014-12-10","13:27:00","Geographe Bay","Geographe Bay","38.8","Hayley","Yes",NA,NA,"2","Special Purpose Zone (Mining Exclusion)","Fished",2,2,13,1,0,0,18
"2007-2014-Geographe-stereo-BRUVs","18",-33.3926,115.0981,"2014-12-10","07:44:00","Geographe Bay","Geographe Bay","42.4","Hayley","Yes",NA,NA,"1","Special Purpose Zone (Mining Exclusion)","Fished",0,0,15,0,0,0,15
"2007-2014-Geographe-stereo-BRUVs","19",-33.4605,115.3618,"2014-12-13","10:33:00","Geographe Bay","Geographe Bay","26","Logan","Yes",NA,NA,"4","Special Purpose Zone (Mining Exclusion)","Fished",0,2,20,0,0,0,22
"2007-2014-Geographe-stereo-BRUVs","20",-33.4339,115.2221,"2014-12-10","11:09:00","Geographe Bay","Geographe Bay","36","Hayley","Yes",NA,NA,"2","Special Purpose Zone (Mining Exclusion)","Fished",0,1,19,0,0,0,20
"2007-2014-Geographe-stereo-BRUVs","22",-33.5746,115.1807,"2014-12-09","07:10:00","Geographe Bay","Geographe Bay","22.6","test video","Yes",NA,NA,"2","Multiple Use Zone","Fished",20,0,0,1,0,0,21
"2007-2014-Geographe-stereo-BRUVs","23",-33.5042,115.4289,"2014-12-16","11:29:00","Geographe Bay","Geographe Bay","13.6","Hayley","Yes",NA,NA,"3","Multiple Use Zone","Fished",15,6,13,0,0,0,34
"2007-2014-Geographe-stereo-BRUVs","24",-33.4712,115.2862,"2014-12-09","06:05:00","Geographe Bay","Geographe Bay","29.2","Hayley","Yes",NA,NA,"1","Special Purpose Zone (Mining Exclusion)","Fished",3,0,18,0,0,0,21
"2007-2014-Geographe-stereo-BRUVs","25",-33.3833,115.0828,"2014-12-10","07:10:00","Geographe Bay","Geographe Bay","42.5","Hayley","Yes",NA,NA,"2","Special Purpose Zone (Mining Exclusion)","Fished",0,0,20,0,0,0,20
"2007-2014-Geographe-stereo-BRUVs","26",-33.55,115.3236,"2014-12-12","11:02:00","Geographe Bay","Geographe Bay","20.5","Hayley","Yes",NA,NA,"3","Multiple Use Zone","Fished",12,8,1,0,0,0,21
"2007-2014-Geographe-stereo-BRUVs","27",-33.5464,115.1884,"2014-12-09","07:00:00","Geographe Bay","Geographe Bay","28.2","Hayley","Yes",NA,NA,"1","Multiple Use Zone","Fished",0,0,10,0,0,0,10
"2007-2014-Geographe-stereo-BRUVs","28",-33.4272,115.2873,"2014-12-11","07:07:00","Geographe Bay","Geographe Bay","34","Hayley","Yes",NA,NA,"2","Special Purpose Zone (Mining Exclusion)","Fished",9,2,9,0,0,0,20
"2007-2014-Geographe-stereo-BRUVs","29",-33.487,115.1764,"2014-12-09","10:30:00","Geographe Bay","Geographe Bay","34.3","Hayley","Yes",NA,NA,"2","Multiple Use Zone","Fished",14,2,0,4,0,0,20
"2007-2014-Geographe-stereo-BRUVs","30",-33.4241,115.3341,"2014-12-11","06:37:00","Geographe Bay","Geographe Bay","31.8","Hayley","Yes",NA,NA,"2","Special Purpose Zone (Mining Exclusion)","Fished",0,0,20,0,0,0,20
"2007-2014-Geographe-stereo-BRUVs","31",-33.5986,115.2369,"2014-12-12","05:55:00","Geographe Bay","Geographe Bay","26.3","Logan","Yes",NA,NA,"4","Multiple Use Zone","Fished",0,0,22,0,0,0,22
"2007-2014-Geographe-stereo-BRUVs","32",-33.4808,115.4621,"2014-12-13","07:53:00","Geographe Bay","Geographe Bay","14.1","Hayley","Yes",NA,NA,"3","Special Purpose Zone (Mining Exclusion)","Fished",2,21,0,0,0,0,23
"2007-2014-Geographe-stereo-BRUVs","33",-33.3528,115.3205,"2014-12-11","08:54:00","Geographe Bay","Geographe Bay","34.1","Molly","Yes","No",NA,"1L","Special Purpose Zone (Mining Exclusion)","Fished",11,3,7,1,0,0,22
"2007-2014-Geographe-stereo-BRUVs","34",-33.3845,115.0739,"2014-12-10","07:05:00","Geographe Bay","Geographe Bay","43","Curtin","Yes","No",NA,"2L","Special Purpose Zone (Mining Exclusion)","Fished",0,0,19,0,0,0,19
"2007-2014-Geographe-stereo-BRUVs","35",-33.4055,115.4157,"2014-12-13","11:14:00","Geographe Bay","Geographe Bay","27.9","Logan","Yes",NA,NA,"5","Special Purpose Zone (Mining Exclusion)","Fished",9,7,2,0,0,0,18
"2007-2014-Geographe-stereo-BRUVs","36",-33.4269,115.2077,"2014-12-10","11:17:00","Geographe Bay","Geographe Bay","38.2","Hayley","Yes",NA,NA,"2","Special Purpose Zone (Mining Exclusion)","Fished",0,0,20,0,0,0,20
"2007-2014-Geographe-stereo-BRUVs","37",-33.3585,115.3721,"2014-12-11","09:11:00","Geographe Bay","Geographe Bay","30.3","Hayley","Yes",NA,NA,"1","Special Purpose Zone (Mining Exclusion)","Fished",0,0,24,0,0,0,24
"2007-2014-Geographe-stereo-BRUVs","38",-33.5037,115.1274,"2014-12-09","12:45:00","Geographe Bay","Geographe Bay","34.5","Hayley","Yes",NA,NA,"1","Multiple Use Zone","Fished",0,0,19,0,0,0,19
"2007-2014-Geographe-stereo-BRUVs","39",-33.465,115.4329,"2014-12-11","13:20:00","Geographe Bay","Geographe Bay","19.8","Hayley","Yes",NA,NA,"1","Special Purpose Zone (Mining Exclusion)","Fished",2,9,12,0,0,0,23
"2007-2014-Geographe-stereo-BRUVs","40",-33.472,115.2287,"2014-12-09","09:57:00","Geographe Bay","Geographe Bay","33.7","Hayley","Yes",NA,NA,"1","Special Purpose Zone (Mining Exclusion)","Fished",0,0,22,0,0,0,22
"2007-2014-Geographe-stereo-BRUVs","41",-33.3679,115.0986,"2014-12-10","07:35:00","Geographe Bay","Geographe Bay","42.5","Hayley","Yes",NA,NA,"1","Special Purpose Zone (Mining Exclusion)","Fished",0,0,23,0,0,0,23
"2007-2014-Geographe-stereo-BRUVs","42",-33.5425,115.3862,"2014-12-12","13:13:00","Geographe Bay","Geographe Bay","13","Logan","Yes",NA,NA,"4","National Park Zone","No-take",1,20,0,0,0,0,21
"2007-2014-Geographe-stereo-BRUVs","44",-33.3984,115.3097,"2014-12-11","06:54:00","Geographe Bay","Geographe Bay","34.4","Hayley","Yes",NA,NA,"2","Special Purpose Zone (Mining Exclusion)","Fished",0,2,16,0,0,0,18
"2007-2014-Geographe-stereo-BRUVs","45",-33.4446,115.1317,"2014-12-09","13:28:00","Geographe Bay","Geographe Bay","41.1","Hayley","Yes",NA,NA,"1","Special Purpose Zone (Mining Exclusion)","Fished",0,0,17,0,0,0,17
"2007-2014-Geographe-stereo-BRUVs","47",-33.5485,115.2878,"2014-12-12","10:29:00","Geographe Bay","Geographe Bay","24.3","Hayley","Yes",NA,NA,"3","Multiple Use Zone","Fished",0,3,19,0,0,0,22
"2007-2014-Geographe-stereo-BRUVs","48",-33.4028,115.5134,"2014-12-11","12:31:00","Geographe Bay","Geographe Bay","17.2","Hayley","Yes",NA,NA,"2","Special Purpose Zone (Mining Exclusion)","Fished",11,4,0,0,0,0,15
"2007-2014-Geographe-stereo-BRUVs","49",-33.3809,115.2721,"2014-12-10","13:51:00","Geographe Bay","Geographe Bay","37.7","Hayley","Yes",NA,NA,"2","Special Purpose Zone (Mining Exclusion)","Fished",0,0,20,0,0,0,20
"2007-2014-Geographe-stereo-BRUVs","50",-33.4108,115.1742,"2014-12-10","10:29:00","Geographe Bay","Geographe Bay","40.5","Curtin","Yes","No",NA,"2L","Special Purpose Zone (Mining Exclusion)","Fished",0,23,0,1,0,0,24
"2007-2014-Geographe-stereo-BRUVs","51",-33.4316,115.4137,"2014-12-13","10:52:00","Geographe Bay","Geographe Bay","25.4",NA,"Yes","No",NA,NA,"Special Purpose Zone (Mining Exclusion)","Fished",19,1,4,1,0,0,25
"2007-2014-Geographe-stereo-BRUVs","52",-33.4927,115.2982,"2014-12-09","06:14:00","Geographe Bay","Geographe Bay","29.7","Curtin","Yes","No",NA,"1 Left only","Multiple Use Zone","Fished",0,0,23,0,0,0,23
"2007-2014-Geographe-stereo-BRUVs","53",-33.3582,115.3565,"2014-12-11","09:04:00","Geographe Bay","Geographe Bay","31.4","Hayley","Yes",NA,NA,"1","Special Purpose Zone (Mining Exclusion)","Fished",0,0,20,0,0,0,20
"2007-2014-Geographe-stereo-BRUVs","54",-33.5131,115.1532,"2014-12-09","10:47:00","Geographe Bay","Geographe Bay","33.1","Hayley","Yes",NA,NA,"1","Multiple Use Zone","Fished",0,10,10,1,0,0,21
"2007-2014-Geographe-stereo-BRUVs","55",-33.5709,115.2801,"2014-12-12","09:05:00","Geographe Bay","Geographe Bay","22.2","Hayley","Yes",NA,NA,"2","Multiple Use Zone","Fished",0,6,4,0,0,0,10
"2007-2014-Geographe-stereo-BRUVs","56",-33.4953,115.2224,"2014-12-09","09:49:00","Geographe Bay","Geographe Bay","32","Curtin","Yes","No",NA,"1 Left only","Multiple Use Zone","Fished",0,2,17,0,0,0,19
"2007-2014-Geographe-stereo-BRUVs","58",-33.5697,115.3796,"2014-12-12","13:02:00","Geographe Bay","Geographe Bay","13.5","Hayley","Yes",NA,NA,"3","National Park Zone","No-take",4,16,0,0,0,0,20
"2007-2014-Geographe-stereo-BRUVs","60",-33.3626,115.5049,"2014-12-11","09:55:00","Geographe Bay","Geographe Bay","21.5","Hayley","Yes",NA,NA,"1","Special Purpose Zone (Mining Exclusion)","Fished",9,13,0,0,0,0,22
"2007-2014-Geographe-stereo-BRUVs","61",-33.4993,115.1345,"2014-12-09","12:50:00","Geographe Bay","Geographe Bay","34.8","Hayley","Yes",NA,NA,"1","Multiple Use Zone","Fished",3,0,17,0,0,0,20
"2007-2014-Geographe-stereo-BRUVs","62",-33.4505,115.3307,"2014-12-11","06:24:00","Geographe Bay","Geographe Bay","29.3","Hayley","Yes",NA,NA,"2","Special Purpose Zone (Mining Exclusion)","Fished",0,0,16,0,0,0,16
"2007-2014-Geographe-stereo-BRUVs","63",-33.5039,115.2562,"2014-12-09","06:29:00","Geographe Bay","Geographe Bay","30","Hayley","Yes",NA,NA,"2","Multiple Use Zone","Fished",2,2,8,0,0,0,12
"2007-2014-Geographe-stereo-BRUVs","64",-33.4364,115.5095,"2014-12-11","12:54:00","Geographe Bay","Geographe Bay","14.2","Hayley","Yes",NA,NA,"1","Special Purpose Zone (Mining Exclusion)","Fished",5,16,0,0,0,0,21
"2007-2014-Geographe-stereo-BRUVs","65",-33.3597,115.2048,"2014-12-10","13:15:00","Geographe Bay","Geographe Bay","39.4","Hayley","Yes",NA,NA,"2","Special Purpose Zone (Mining Exclusion)","Fished",0,0,22,0,0,0,22
"2007-2014-Geographe-stereo-BRUVs","67",-33.4783,115.0859,"2014-12-13","10:10:00","Geographe Bay","Geographe Bay","21.4","Hayley","Yes",NA,NA,"5","Special Purpose Zone (Mining Exclusion)","Fished",0,4,10,0,0,0,14
"2007-2014-Geographe-stereo-BRUVs","68",-33.3882,115.2426,"41983","0.588194444","Geographe Bay","Geographe Bay","38.9","Molly","Yes","No",NA,"2","Special Purpose Zone (Mining Exclusion)","Fished",0,0,17,0,0,0,17
"2007-2014-Geographe-stereo-BRUVs","69",-33.3534,115.404,"2014-12-11","09:23:00","Geographe Bay","Geographe Bay","28.7","Hayley","Yes",NA,NA,"1","Special Purpose Zone (Mining Exclusion)","Fished",0,0,19,0,0,0,19
"2007-2014-Geographe-stereo-BRUVs","70",-33.4159,115.1514,"2014-12-10","10:46:00","Geographe Bay","Geographe Bay","41","Hayley","Yes",NA,NA,"2","Special Purpose Zone (Mining Exclusion)","Fished",0,0,21,0,0,0,21
"2007-2014-Geographe-stereo-BRUVs","71",-33.4271,115.4287,"2014-12-13","10:58:00","Geographe Bay","Geographe Bay","24.4","Logan","Yes",NA,NA,"5","Special Purpose Zone (Mining Exclusion)","Fished",20,0,0,0,0,0,20
"2007-2014-Geographe-stereo-BRUVs","72",-33.4625,115.3224,"2014-12-11","06:07:00","Geographe Bay","Geographe Bay","29.4","Hayley","Yes",NA,NA,"2","Special Purpose Zone (Mining Exclusion)","Fished",0,0,17,0,0,0,17
"2007-2014-Geographe-stereo-BRUVs","73",-33.3718,115.1456,"2014-12-10","10:10:00","Geographe Bay","Geographe Bay","41.5","Hayley","Yes",NA,NA,"2","Special Purpose Zone (Mining Exclusion)","Fished",0,0,20,0,0,0,20
"2007-2014-Geographe-stereo-BRUVs","75",-33.5893,115.2946,"2014-12-12","08:52:00","Geographe Bay","Geographe Bay","16.6","Hayley","Yes",NA,NA,"2","Multiple Use Zone","Fished",0,23,0,0,0,0,23
"2007-2014-Geographe-stereo-BRUVs","76",-33.413,115.2847,"2014-12-11","07:01:00","Geographe Bay","Geographe Bay","35.2","Hayley","Yes",NA,NA,"2","Special Purpose Zone (Mining Exclusion)","Fished",0,0,21,0,0,0,21
"2007-2014-Geographe-stereo-BRUVs","77",-33.4558,115.1029,"2014-12-09","13:50:00","Geographe Bay","Geographe Bay","40.8","Hayley","Yes",NA,NA,"1","Special Purpose Zone (Mining Exclusion)","Fished",0,0,10,0,0,0,10
"2007-2014-Geographe-stereo-BRUVs","78",-33.5076,115.4438,"2014-12-13","06:18:00","Geographe Bay","Geographe Bay","13.4","Logan","Yes",NA,NA,"4","Multiple Use Zone","Fished",16,7,0,0,0,0,23
"2007-2014-Geographe-stereo-BRUVs","79",-33.5874,115.2309,"2014-12-12","08:16:00","Geographe Bay","Geographe Bay","18.5","Hayley","Yes",NA,NA,"2","Habitat Protection Zone","Fished",2,0,18,0,0,0,20
"2007-2014-Geographe-stereo-BRUVs","81",-33.3788,115.2305,"2014-12-10","14:18:00","Geographe Bay","Geographe Bay","38.9","Hayley","Yes",NA,NA,"2","Special Purpose Zone (Mining Exclusion)","Fished",0,4,16,0,0,0,20
"2007-2014-Geographe-stereo-BRUVs","82",-33.3955,115.1103,"2014-12-10","07:49:00","Geographe Bay","Geographe Bay","42.6","Hayley","Yes",NA,NA,"1","Special Purpose Zone (Mining Exclusion)","Fished",0,0,20,0,0,0,20
"2007-2014-Geographe-stereo-BRUVs","83",-33.4694,115.3791,"2014-12-13","10:26:00","Geographe Bay","Geographe Bay","24.6","Logan","Yes",NA,NA,"5","Special Purpose Zone (Mining Exclusion)","Fished",4,16,0,0,0,0,20
"2007-2014-Geographe-stereo-BRUVs","84",-33.3965,115.1924,"2014-12-10","11:28:00","Geographe Bay","Geographe Bay","41","Hayley","Yes",NA,NA,"2","Special Purpose Zone (Mining Exclusion)","Fished",0,0,10,0,0,0,10
"2007-2014-Geographe-stereo-BRUVs","86",-33.5405,115.1785,"2014-12-09","07:24:00","Geographe Bay","Geographe Bay","28.6","Hayley","Yes",NA,NA,"2","Multiple Use Zone","Fished",0,12,7,0,0,0,19
"2007-2014-Geographe-stereo-BRUVs","87",-33.4896,115.4589,"2014-12-13","07:49:00","Geographe Bay","Geographe Bay","13","Hayley","Yes",NA,NA,"3","Multiple Use Zone","Fished",17,0,0,0,0,0,17
"2007-2014-Geographe-stereo-BRUVs","88",-33.5011,115.2145,"2014-12-09","09:45:00","Geographe Bay","Geographe Bay","31.4","Hayley","Yes",NA,NA,"1","Multiple Use Zone","Fished",0,0,20,0,0,0,20
"2007-2014-Geographe-stereo-BRUVs","89",-33.3828,115.0564,"2014-12-10","06:58:00","Geographe Bay","Geographe Bay","43.9","Molly","Yes",NA,NA,"2","Special Purpose Zone (Mining Exclusion)","Fished",0,0,19,0,0,0,19
"2007-2014-Geographe-stereo-BRUVs","90",-33.5333,115.3225,"2014-12-12","10:53:00","Geographe Bay","Geographe Bay","22","Hayley","Yes",NA,NA,"3","Multiple Use Zone","Fished",0,10,0,0,0,0,10
"2007-2014-Geographe-stereo-BRUVs","91",-33.5396,115.2061,"2014-12-09","06:54:00","Geographe Bay","Geographe Bay","29.8","Hayley","Yes",NA,NA,"1","Habitat Protection Zone","Fished",0,0,20,0,0,0,20
"2007-2014-Geographe-stereo-BRUVs","92",-33.4176,115.315,"2014-12-11","06:43:00","Geographe Bay","Geographe Bay","33","Hayley","Yes",NA,NA,"2","Special Purpose Zone (Mining Exclusion)","Fished",0,8,16,0,0,0,24
"2007-2014-Geographe-stereo-BRUVs","93",-33.4813,115.1528,"2014-12-09","12:59:00","Geographe Bay","Geographe Bay","36","Curtin","Yes","No",NA,"1","Special Purpose Zone (Mining Exclusion)","Fished",0,0,20,0,0,0,20
"2007-2014-Geographe-stereo-BRUVs","95",-33.5175,115.3155,"2014-12-12","10:42:00","Geographe Bay","Geographe Bay","24.9","Hayley","Yes",NA,NA,"3","Multiple Use Zone","Fished",19,0,0,1,0,0,20
"2007-2014-Geographe-stereo-BRUVs","96",-33.4489,115.4808,"2014-12-11","13:04:00","Geographe Bay","Geographe Bay","15.9","Hayley","Yes",NA,NA,"1","Special Purpose Zone (Mining Exclusion)","Fished",9,12,0,0,0,0,21
"2007-2014-Geographe-stereo-BRUVs","97",-33.3847,115.2927,"2014-12-11","08:43:00","Geographe Bay","Geographe Bay","35.6","Hayley","Yes",NA,NA,"2","Special Purpose Zone (Mining Exclusion)","Fished",1,1,17,1,0,0,20
"2007-2014-Geographe-stereo-BRUVs","98",-33.434,115.1727,"2014-12-10","10:56:00","Geographe Bay","Geographe Bay","38","Curtin","Yes","No",NA,"2","Special Purpose Zone (Mining Exclusion)","Fished",0,19,0,1,0,0,20
"2007-2014-Geographe-stereo-BRUVs","100",-33.4325,115.2142,"2014-12-10","11:14:00","Geographe Bay","Geographe Bay","36.7","Molly","Yes","No",NA,"2","Special Purpose Zone (Mining Exclusion)","Fished",1,17,0,1,0,0,19
"2007-2014-Geographe-stereo-BRUVs","102",-33.5185,115.1196,"2014-12-09","12:39:00","Geographe Bay","Geographe Bay","34.4","Hayley","Yes",NA,NA,"1","Multiple Use Zone","Fished",0,0,20,0,0,0,20
"2007-2014-Geographe-stereo-BRUVs","103",-33.4581,115.4547,"2014-12-11","13:12:00","Geographe Bay","Geographe Bay","18.4","Hayley","Yes",NA,NA,"1","Special Purpose Zone (Mining Exclusion)","Fished",7,13,2,0,0,0,22
"2007-2014-Geographe-stereo-BRUVs","104",-33.4597,115.2451,"2014-12-09","10:04:00","Geographe Bay","Geographe Bay","33.3","Molly","Yes",NA,NA,"1","Special Purpose Zone (Mining Exclusion)","Fished",10,0,10,1,0,0,21
"2007-2014-Geographe-stereo-BRUVs","106",-33.5783,115.3451,"2014-12-12","11:27:00","Geographe Bay","Geographe Bay","13.5","Logan","Yes",NA,NA,"4","Multiple Use Zone","Fished",0,10,0,0,0,0,10
"2007-2014-Geographe-stereo-BRUVs","107",-33.5833,115.1881,"2014-12-09","09:25:00","Geographe Bay","Geographe Bay","29.3","Molly","Yes","No",NA,"1","Multiple Use Zone","Fished",7,16,2,0,0,0,25
"2007-2014-Geographe-stereo-BRUVs","108",-33.4691,115.1677,"2014-12-11","06:47:00","Geographe Bay","Geographe Bay","34","Logan","Yes",NA,NA,"4","Special Purpose Zone (Mining Exclusion)","Fished",0,0,20,0,0,0,20
"2007-2014-Geographe-stereo-BRUVs","111",-33.5369,115.3219,"2014-12-12","10:55:00","Geographe Bay","Geographe Bay","21.9","Logan","Yes",NA,NA,"3","Multiple Use Zone","Fished",5,14,1,0,0,0,20
"2007-2014-Geographe-stereo-BRUVs","112",-33.4052,115.5224,"2014-12-11","12:35:00","Geographe Bay","Geographe Bay","14.8","Hayley","Yes",NA,NA,"1","Special Purpose Zone (Mining Exclusion)","Fished",11,15,0,0,0,0,26
"2007-2014-Geographe-stereo-BRUVs","113",-33.3658,115.2779,"2014-12-10","13:45:00","Geographe Bay","Geographe Bay","36.6","Curtin","Yes",NA,NA,"1L","Special Purpose Zone (Mining Exclusion)","Fished",0,0,10,0,0,0,10
"2007-2014-Geographe-stereo-BRUVs","114",-33.3984,115.1639,"2014-12-10","10:20:00","Geographe Bay","Geographe Bay","39.7","Curtin","Yes",NA,NA,"1R","Special Purpose Zone (Mining Exclusion)","Fished",0,0,19,0,0,0,19
"2007-2014-Geographe-stereo-BRUVs","115",-33.4446,115.4065,"2014-12-13","10:46:00","Geographe Bay","Geographe Bay","25.2","Logan","Yes",NA,NA,"3","Special Purpose Zone (Mining Exclusion)","Fished",0,0,20,0,0,0,20
"2007-2014-Geographe-stereo-BRUVs","116",-33.4982,115.2864,"2014-12-09","06:20:00","Geographe Bay","Geographe Bay","29.7","Hayley","Yes",NA,NA,"1","Multiple Use Zone","Fished",0,0,20,0,0,0,20
"2007-2014-Geographe-stereo-BRUVs","122",-33.5375,115.4021,"2014-12-13","05:48:00","Geographe Bay","Geographe Bay","13.3","Logan","Yes",NA,NA,"4","Multiple Use Zone","Fished",1,16,4,0,0,0,21
"2007-2014-Geographe-stereo-BRUVs","135",-33.5019,115.4207,"2014-12-16","12:54:00","Geographe Bay","Geographe Bay","15.8","Logan","Yes",NA,NA,"3","Multiple Use Zone","Fished",12,7,0,1,0,0,20
"2007-2014-Geographe-stereo-BRUVs","139",-33.6033,115.2737,"2014-12-17","08:29:00","Geographe Bay","Geographe Bay","13.4","Daphne","Yes",NA,NA,"5","Multiple Use Zone","Fished",9,11,0,0,0,0,20
"2007-2014-Geographe-stereo-BRUVs","143",-33.5762,115.2367,"2014-12-15","13:24:00","Geographe Bay","Geographe Bay","23.2","Logan","Yes",NA,NA,"3","Multiple Use Zone","Fished",15,0,0,0,0,0,15
"2007-2014-Geographe-stereo-BRUVs","151",-33.4768,115.4329,"2014-12-16","09:12:00","Geographe Bay","Geographe Bay","17.2","Daphne","Yes",NA,NA,"5","Special Purpose Zone (Mining Exclusion)","Fished",13,9,0,0,0,0,22
"2007-2014-Geographe-stereo-BRUVs","160",-33.6034,115.2478,"2014-12-16","15:24:00","Geographe Bay","Geographe Bay","N/A","Logan","Yes",NA,NA,"3","Multiple Use Zone","Fished",0,15,0,0,0,0,15
"2007-2014-Geographe-stereo-BRUVs","167",-33.4627,115.4806,"2014-12-16","09:25:00","Geographe Bay","Geographe Bay","14.4","Logan","Yes",NA,NA,"5","Special Purpose Zone (Mining Exclusion)","Fished",8,10,0,0,0,0,18
"2007-2014-Geographe-stereo-BRUVs","170",-33.5417,115.3698,"2014-12-16","13:39:00","Geographe Bay","Geographe Bay","15.8","Logan","Yes",NA,NA,"4","National Park Zone","No-take",2,18,0,0,0,0,20
"2007-2014-Geographe-stereo-BRUVs","183",-33.5688,115.2488,"2014-12-15","13:29:00","Geographe Bay","Geographe Bay","22.6","Logan","Yes",NA,NA,"3","Multiple Use Zone","Fished",0,8,1,0,0,0,9
"2007-2014-Geographe-stereo-BRUVs","196",-33.5098,115.4045,"2014-12-16","12:49:00","Geographe Bay","Geographe Bay","15.9","Logan","Yes",NA,NA,"3","Multiple Use Zone","Fished",1,14,0,0,0,0,15
"2007-2014-Geographe-stereo-BRUVs","207",-33.5738,115.2317,"2014-12-12","08:06:00","Geographe Bay","Geographe Bay","23.3","Hayley","Yes",NA,NA,"2","Habitat Protection Zone","Fished",0,0,20,0,0,0,20
"2007-2014-Geographe-stereo-BRUVs","224",-33.4189,115.5036,"2014-12-16","06:59:00","Geographe Bay","Geographe Bay","16.5","Hayley","Yes",NA,NA,"2","Special Purpose Zone (Mining Exclusion)","Fished",19,0,0,0,0,0,19
"2007-2014-Geographe-stereo-BRUVs","240",-33.4388,115.4685,"2014-12-16","08:56:00","Geographe Bay","Geographe Bay","18.9","Logan","Yes",NA,NA,"5","Special Purpose Zone (Mining Exclusion)","Fished",28,3,7,0,0,0,38
"2007-2014-Geographe-stereo-BRUVs","256",-33.4083,115.4775,"2014-12-14","13:12:00","Geographe Bay","Geographe Bay","11.1","Logan","Yes",NA,NA,"5","Special Purpose Zone (Mining Exclusion)","Fished",22,0,3,0,0,0,25
"2007-2014-Geographe-stereo-BRUVs","270",-33.5205,115.4206,"2014-12-13","06:00:00","Geographe Bay","Geographe Bay","13.7","Logan","Yes",NA,NA,"4","Multiple Use Zone","Fished",0,21,0,0,0,0,21
"2007-2014-Geographe-stereo-BRUVs","271",-33.5937,115.2133,"2014-12-12","06:06:00","Geographe Bay","Geographe Bay","27.3","Logan","Yes",NA,NA,"4","Habitat Protection Zone","Fished",13,2,0,0,0,0,15
"2007-2014-Geographe-stereo-BRUVs","272",-33.3815,115.4879,"2014-12-14","08:37:00","Geographe Bay","Geographe Bay","11.7","Logan (ends 54:39)","Yes",NA,NA,"5","Special Purpose Zone (Mining Exclusion)","Fished",20,0,0,0,0,0,20
"2007-2014-Geographe-stereo-BRUVs","282",-33.5572,115.3322,"2014-12-17","08:02:00","Geographe Bay","Geographe Bay","18.2","Logan","Yes",NA,NA,"5","Multiple Use Zone","Fished",7,14,0,0,0,0,21
"2007-2014-Geographe-stereo-BRUVs","279",-33.5012,115.4379,"2014-12-16","11:32:00","Geographe Bay","Geographe Bay","14.2","Curtin","Yes","No",NA,"4","Multiple Use Zone","Fished",13,7,0,0,0,0,20
"2007-2014-Geographe-stereo-BRUVs","287",-33.594,115.2189,"2014-12-15","10:50:00","Geographe Bay","Geographe Bay","16.4","Logan","Yes",NA,NA,"4","Habitat Protection Zone","Fished",3,14,3,0,0,0,20
"2007-2014-Geographe-stereo-BRUVs","288",-33.471,115.4776,"2014-12-16","09:29:00","Geographe Bay","Geographe Bay","14.3","Logan","Yes",NA,NA,"5","Special Purpose Zone (Mining Exclusion)","Fished",14,5,1,0,0,0,20
"2007-2014-Geographe-stereo-BRUVs","327",-33.4892,115.3942,"2014-12-14","14:10:00","Geographe Bay","Geographe Bay","11.8","Logan","Yes",NA,NA,"3","Multiple Use Zone","Fished",16,1,3,0,0,0,20
"2007-2014-Geographe-stereo-BRUVs","331",-33.6031,115.253,"2014-12-15","13:46:00","Geographe Bay","Geographe Bay","14.3","Logan","Yes",NA,NA,"3","Multiple Use Zone","Fished",7,11,0,0,0,0,18
"2007-2014-Geographe-stereo-BRUVs","335",-33.5771,115.2267,"2014-12-12","08:09:00","Geographe Bay","Geographe Bay","21.6","Hayley","Yes",NA,NA,"2","Habitat Protection Zone","Fished",6,5,3,0,0,0,14
"2007-2014-Geographe-stereo-BRUVs","352",-33.4518,115.488,"2014-12-16","08:45:00","Geographe Bay","Geographe Bay","15.2","Daphne","Yes",NA,NA,"5","Special Purpose Zone (Mining Exclusion)","Fished",5,12,3,0,0,0,20
"2007-2014-Geographe-stereo-BRUVs","375",-33.5902,115.2206,"2014-12-12","06:14:00","Geographe Bay","Geographe Bay","26.9","Logan","Yes",NA,NA,"4","Habitat Protection Zone","Fished",0,7,0,0,0,0,7
"2007-2014-Geographe-stereo-BRUVs","378",-33.5556,115.3912,"2014-12-12","13:08:00","Geographe Bay","Geographe Bay","13.3","Logan","Yes",NA,NA,"3 (L) R (4)","National Park Zone","No-take",0,9,1,0,0,0,10
"2007-2014-Geographe-stereo-BRUVs","384",-33.4275,115.5142,"2014-12-16","06:54:00","Geographe Bay","Geographe Bay","13.5","Hayley","Yes",NA,NA,"2","Special Purpose Zone (Mining Exclusion)","Fished",18,0,0,1,0,0,19
"2007-2014-Geographe-stereo-BRUVs","391",-33.5017,115.4101,"2014-12-13","08:23:00","Geographe Bay","Geographe Bay","17","Logan","Yes",NA,NA,"3","Multiple Use Zone","Fished",2,11,2,0,0,0,15
"2007-2014-Geographe-stereo-BRUVs","394",-33.5181,115.382,"2014-12-16","13:18:00","Geographe Bay","Geographe Bay","19","Logan","Yes",NA,NA,"4","Multiple Use Zone","Fished",0,10,0,0,0,0,10
"2007-2014-Geographe-stereo-BRUVs","400",-33.3576,115.5517,"2014-12-14","08:58:00","Geographe Bay","Geographe Bay","9.8","Logan","Yes",NA,NA,"3","Special Purpose Zone (Mining Exclusion)","Fished",10,4,6,0,0,0,20
"2007-2014-Geographe-stereo-BRUVs","407",-33.4882,115.4275,"2014-12-13","08:13:00","Geographe Bay","Geographe Bay","16.2","Logan","Yes",NA,NA,"3","Multiple Use Zone","Fished",4,14,2,0,0,0,20
"2007-2014-Geographe-stereo-BRUVs","442",-33.5066,115.4194,"2014-12-12","13:28:00","Geographe Bay","Geographe Bay","14.3","Curtin","Yes","Yes",NA,"2","Multiple Use Zone","Fished",14,16,2,0,0,0,32
"2007-2014-Geographe-stereo-BRUVs","443",-33.5698,115.2025,"2014-12-12","06:34:00","Geographe Bay","Geographe Bay","27","Logan","Yes",NA,NA,"4","Habitat Protection Zone","Fished",1,14,5,0,0,0,20
"2007-2014-Geographe-stereo-BRUVs","448",-33.3965,115.4931,"2014-12-14","13:05:00","Geographe Bay","Geographe Bay","10.6","Daphne","Yes",NA,NA,"5","Special Purpose Zone (Mining Exclusion)","Fished",18,2,0,0,0,0,20
"2007-2014-Geographe-stereo-BRUVs","455",-33.5671,115.182,"2014-12-15","08:42:00","Geographe Bay","Geographe Bay","24.9","Logan","Yes",NA,NA,"4","Multiple Use Zone","Fished",0,5,14,0,0,0,19
"2007-2014-Geographe-stereo-BRUVs","490",-33.5613,115.3612,"2014-12-17","06:20:00","Geographe Bay","Geographe Bay","13.4","Logan","Yes",NA,NA,"4","Multiple Use Zone","Fished",20,0,0,0,0,0,20
"2007-2014-Geographe-stereo-BRUVs","503",-33.5845,115.3098,"2014-12-17","07:48:00","Geographe Bay","Geographe Bay","16.3","Daphne (finishes at 55:48)","Yes",NA,NA,"5","Multiple Use Zone","Fished",0,17,3,0,0,0,20
"2007-2014-Geographe-stereo-BRUVs","506",-33.5174,115.4165,"2014-12-16","11:23:00","Geographe Bay","Geographe Bay","14.1","Logan","Yes",NA,NA,"4","Multiple Use Zone","Fished",17,3,0,0,0,0,20
"2007-2014-Geographe-stereo-BRUVs","523",-33.5634,115.1589,"2014-12-15","08:35:00","Geographe Bay","Geographe Bay","26","Logan","Yes",NA,NA,"4","Multiple Use Zone","Fished",0,19,1,0,0,0,20
"2007-2014-Geographe-stereo-BRUVs","527",-33.5894,115.2078,"2014-12-12","06:16:00","Geographe Bay","Geographe Bay","26.8","Logan","Yes",NA,NA,"4","Habitat Protection Zone","Fished",0,19,0,0,0,0,19
"2007-2014-Geographe-stereo-BRUVs","544",-33.4464,115.4341,"2014-12-14","13:36:00","Geographe Bay","Geographe Bay","12.3","Daphne","Yes",NA,NA,"5","Special Purpose Zone (Mining Exclusion)","Fished",4,4,12,1,0,0,21
"2007-2014-Geographe-stereo-BRUVs","554",-33.5577,115.3835,"2014-12-17","06:13:00","Geographe Bay","Geographe Bay","12.3","Logan","Yes",NA,NA,"5","National Park Zone","No-take",0,19,0,0,0,0,19
"2007-2014-Geographe-stereo-BRUVs","567",-33.5867,115.276,"2014-12-17","08:23:00","Geographe Bay","Geographe Bay","17.4","Curtin","Yes",NA,NA,"5","Multiple Use Zone","Fished",0,15,5,0,0,0,20
"2007-2014-Geographe-stereo-BRUVs","579",-33.5017,115.3741,"2014-12-16","13:10:00","Geographe Bay","Geographe Bay","22","Daphne","Yes",NA,NA,"5","Multiple Use Zone","Fished",11,12,0,0,0,0,23
"2007-2014-Geographe-stereo-BRUVs","583",-33.4784,115.3932,"2014-12-14","13:55:00","Geographe Bay","Geographe Bay","12","Logan","Yes",NA,NA,"3","Special Purpose Zone (Mining Exclusion)","Fished",16,5,0,2,0,0,23
"2007-2014-Geographe-stereo-BRUVs","586",-33.5309,115.386,"2014-12-16","13:24:00","Geographe Bay","Geographe Bay","15.8","Curtin","Yes","No",NA,"4L","National Park Zone","No-take",4,11,5,0,0,0,20
"2007-2014-Geographe-stereo-BRUVs","599",-33.5021,115.4508,"2014-12-13","06:22:00","Geographe Bay","Geographe Bay","13.9","Logan","Yes",NA,NA,"4","Multiple Use Zone","Fished",18,4,1,0,0,0,23
"2007-2014-Geographe-stereo-BRUVs","608",-33.4552,115.4703,"2014-12-16","09:01:00","Geographe Bay","Geographe Bay","16.7","Daphne","Yes",NA,NA,"5","Special Purpose Zone (Mining Exclusion)","Fished",4,6,0,0,0,0,10
"2007-2014-Geographe-stereo-BRUVs","618",-33.5679,115.3528,"2014-12-17","05:40:00","Geographe Bay","Geographe Bay","14.5","Curtin","Yes","No",NA,"5","Multiple Use Zone","Fished",18,0,2,0,0,0,20
"2007-2014-Geographe-stereo-BRUVs","624",-33.421,115.4919,"2014-12-16","07:03:00","Geographe Bay","Geographe Bay","17.5","Hayley","Yes",NA,NA,"2","Special Purpose Zone (Mining Exclusion)","Fished",12,0,0,0,0,0,12
"2007-2014-Geographe-stereo-BRUVs","633",-33.4712,115.4535,"2014-12-16","09:18:00","Geographe Bay","Geographe Bay","16.2","Daphne","Yes",NA,NA,"5","Special Purpose Zone (Mining Exclusion)","Fished",20,1,0,0,0,0,21
"2007-2014-Geographe-stereo-BRUVs","634",-33.5337,115.4141,"2014-12-16","15:30:00","Geographe Bay","Geographe Bay","13","Logan","Yes",NA,NA,"5","Multiple Use Zone","Fished",9,2,0,0,0,0,11
"2007-2014-Geographe-stereo-BRUVs","647",-33.4926,115.4247,"2014-12-13","08:17:00","Geographe Bay","Geographe Bay","15.3","Logan","Yes",NA,NA,"3","Multiple Use Zone","Fished",0,19,0,0,0,0,19
"2007-2014-Geographe-stereo-BRUVs","650",-33.5131,115.3716,"2014-12-16","13:14:00","Geographe Bay","Geographe Bay","21.1","Curtin","Yes","No",NA,"4","Multiple Use Zone","Fished",3,10,0,0,0,0,13
"2007-2014-Geographe-stereo-BRUVs","666",-33.5511,115.3572,"2014-12-17","06:25:00","Geographe Bay","Geographe Bay","15.6","Logan","Yes",NA,NA,"5","National Park Zone","No-take",1,9,11,0,0,0,21
"2007-2014-Geographe-stereo-BRUVs","656",-33.3713,115.5504,"2014-12-14","09:28:00","Geographe Bay","Geographe Bay","9","Molly","Yes","No",NA,"3","Special Purpose Zone (Mining Exclusion)","Fished",0,22,0,0,0,0,22
"2007-2014-Geographe-stereo-BRUVs","672",-33.4004,115.5357,"2014-12-14","11:45:00","Geographe Bay","Geographe Bay","8.4","Molly","Yes","No",NA,"3","Special Purpose Zone (Mining Exclusion)","Fished",0,22,0,0,0,0,22
"2007-2014-Geographe-stereo-BRUVs","682",-33.5696,115.3354,"2014-12-17","07:57:00","Geographe Bay","Geographe Bay","15.2","Logan","Yes",NA,NA,"5","Multiple Use Zone","Fished",23,0,0,0,0,0,23
"2007-2014-Geographe-stereo-BRUVs","694",-33.5281,115.3499,"2014-12-16","13:32:00","Geographe Bay","Geographe Bay","21.3","Logan","Yes",NA,NA,"4","Multiple Use Zone","Fished",13,5,0,0,0,0,18
"2007-2014-Geographe-stereo-BRUVs","698",-33.5246,115.4035,"2014-12-12","13:25:00","Geographe Bay","Geographe Bay","14","Hayley","Yes",NA,NA,"2L 4R","Multiple Use Zone","Fished",1,20,0,0,0,0,21
"2007-2014-Geographe-stereo-BRUVs","719",-33.601,115.2325,"2014-12-12","05:59:00","Geographe Bay","Geographe Bay","26.3","Logan","Yes",NA,NA,"4","Habitat Protection Zone","Fished",2,0,21,0,0,0,23
"2007-2014-Geographe-stereo-BRUVs","746",-33.5794,115.3571,"2014-12-17","05:45:00","Geographe Bay","Geographe Bay","13.2","Logan","Yes",NA,NA,"5","Multiple Use Zone","Fished",0,0,23,0,0,0,23
"2007-2014-Geographe-stereo-BRUVs","748",-33.3696,115.5138,"2014-12-14","08:46:00","Geographe Bay","Geographe Bay","11.1","Logan","Yes",NA,NA,"3","Special Purpose Zone (Mining Exclusion)","Fished",8,12,0,0,0,0,20
"2007-2014-Geographe-stereo-BRUVs","759",-33.5759,115.3173,"2014-12-17","07:52:00","Geographe Bay","Geographe Bay","17.3","Daphne (finishes at 59:18)","Yes",NA,NA,"5","Multiple Use Zone","Fished",0,19,0,0,0,0,19
"2007-2014-Geographe-stereo-BRUVs","764",-33.3744,115.4961,"2014-12-14","08:43:00","Geographe Bay","Geographe Bay","11.6","Logan","Yes",NA,NA,"3","Special Purpose Zone (Mining Exclusion)","Fished",5,15,0,0,0,0,20
"2007-2014-Geographe-stereo-BRUVs","762",-33.5199,115.4149,"2014-12-12","13:44:00","Geographe Bay","Geographe Bay","13","Curtin","Yes","No",NA,"4L","Multiple Use Zone","Fished",37,0,0,1,0,0,38
"2007-2014-Geographe-stereo-BRUVs","782",-33.5142,115.4368,"2014-12-13","06:06:00","Geographe Bay","Geographe Bay","13.7","Logan","Yes",NA,NA,"4","Multiple Use Zone","Fished",0,25,0,0,0,0,25
"2007-2014-Geographe-stereo-BRUVs","779",-33.5817,115.2264,"2014-12-17","08:11:00","Geographe Bay","Geographe Bay","19","Curtin","Yes","No",NA,"5","Habitat Protection Zone","Fished",19,2,0,0,0,0,21
"2007-2014-Geographe-stereo-BRUVs","783",-33.5817,115.2264,"2014-12-12","08:12:00","Geographe Bay","Geographe Bay","21.5","Hayley","Yes",NA,NA,"2","Habitat Protection Zone","Fished",5,10,3,0,0,0,18
"2007-2014-Geographe-stereo-BRUVs","791",-33.4851,115.4435,"2014-12-13","08:03:00","Geographe Bay","Geographe Bay","15","Logan","Yes",NA,NA,"3R, 4L","Multiple Use Zone","Fished",15,6,4,0,0,0,25
"2007-2014-Geographe-stereo-BRUVs","800",-33.5732,115.1935,"2014-12-15","08:48:00","Geographe Bay","Geographe Bay","22.9","Logan","Yes",NA,NA,"5","Multiple Use Zone","Fished",6,2,6,1,0,0,15
"2007-2014-Geographe-stereo-BRUVs","810",-33.5513,115.3766,"2014-12-16","13:44:00","Geographe Bay","Geographe Bay","14.3","Logan","Yes",NA,NA,"4","National Park Zone","No-take",9,6,7,0,0,0,22
"2007-2014-Geographe-stereo-BRUVs","823",-33.5857,115.2872,"2014-12-17","08:19:00","Geographe Bay","Geographe Bay","16.2","Curtin","Yes",NA,NA,"5","Multiple Use Zone","Fished",2,16,0,1,0,0,19
"2007-2014-Geographe-stereo-BRUVs","826",-33.5427,115.4006,"2014-12-13","05:45:00","Geographe Bay","Geographe Bay","12.8","Logan","Yes",NA,NA,"4","National Park Zone","No-take",0,18,2,0,0,0,20
"2007-2014-Geographe-stereo-BRUVs","839",-33.4873,115.4085,"2014-12-16","13:00:00","Geographe Bay","Geographe Bay","20","Daphne","Yes",NA,NA,"5","Multiple Use Zone","Fished",3,17,0,0,0,0,20
"2007-2014-Geographe-stereo-BRUVs","848",-33.3519,115.5323,"2014-12-14","08:53:00","Geographe Bay","Geographe Bay","10.4","Logan","Yes",NA,NA,"4","Special Purpose Zone (Mining Exclusion)","Fished",19,3,0,0,0,0,22
"2007-2014-Geographe-stereo-BRUVs","855",-33.4901,115.4358,"2014-12-13","08:09:00","Geographe Bay","Geographe Bay","15.2","Logan","Yes",NA,NA,"3","Multiple Use Zone","Fished",7,12,1,0,0,0,20
"2007-2014-Geographe-stereo-BRUVs","858",-33.5573,115.3462,"2014-12-17","06:29:00","Geographe Bay","Geographe Bay","16.6","Logan","Yes",NA,NA,"5","Multiple Use Zone","Fished",1,0,7,0,0,0,8
"2007-2014-Geographe-stereo-BRUVs","1038",-33.5333,115.42,"2014-12-16","15:33:00","Geographe Bay","Geographe Bay","13.9","Daphne","Yes",NA,NA,"5","Multiple Use Zone","Fished",2,8,0,0,0,0,10
"2007-2014-Geographe-stereo-BRUVs","10001",-33.4217,115.3722,"2014-12-14","06:17:00","Geographe Bay","Geographe Bay","15.9","Logan","Yes",NA,NA,"4","Special Purpose Zone (Mining Exclusion)","Fished",8,2,9,0,0,0,19
"2007-2014-Geographe-stereo-BRUVs","10003",-33.4213,115.3594,"2014-12-14","06:23:00","Geographe Bay","Geographe Bay","16.5","Molly","Yes","No",NA,"5","Special Purpose Zone (Mining Exclusion)","Fished",0,0,10,0,0,0,10
"2007-2014-Geographe-stereo-BRUVs","10005",-33.4778,115.3694,"2014-12-14","14:03:00","Geographe Bay","Geographe Bay","13.7","Curtin","Yes","Yes",NA,"5","Special Purpose Zone (Mining Exclusion)","Fished",7,0,12,0,0,0,19
"2007-2014-Geographe-stereo-BRUVs","11R2",-33.3967,115.5076,"2014-12-11","12:26:00","Geographe Bay","Geographe Bay","18.6","Brooke","Yes",NA,NA,"2","Special Purpose Zone (Mining Exclusion)","Fished",10,12,1,0,0,0,23
"2007-2014-Geographe-stereo-BRUVs","11R3",-33.4122,115.5205,"2014-12-11","12:40:00","Geographe Bay","Geographe Bay","14.7","Brooke","Yes",NA,NA,"1","Special Purpose Zone (Mining Exclusion)","Fished",0,10,0,0,0,0,10
"2007-2014-Geographe-stereo-BRUVs","11R4",-33.4197,115.5176,"2014-12-11","12:48:00","Geographe Bay","Geographe Bay","14.5","Brooke","Yes",NA,NA,"1","Special Purpose Zone (Mining Exclusion)","Fished",24,0,0,0,0,0,24
"2007-2014-Geographe-stereo-BRUVs","12RC1",-33.5932,115.2133,"2014-12-12","06:09:00","Geographe Bay","Geographe Bay","26.5","Logan","Yes",NA,NA,"4","Habitat Protection Zone","Fished",6,0,4,0,10,0,20
"2007-2014-Geographe-stereo-BRUVs","12RC2",-33.5916,115.2379,"2014-12-12","08:23:00","Geographe Bay","Geographe Bay","17.6","Daphne","Yes",NA,NA,"2","Multiple Use Zone","Fished",6,13,1,0,0,0,20
"2007-2014-Geographe-stereo-BRUVs","12RC3",-33.5915,115.2415,"2014-12-12","08:32:00","Geographe Bay","Geographe Bay","17.9","Daphne","Yes",NA,NA,"2","Multiple Use Zone","Fished",18,0,0,0,0,0,18
"2007-2014-Geographe-stereo-BRUVs","12RC5",-33.5621,115.3443,"2014-12-12","11:16:00","Geographe Bay","Geographe Bay","14.2","Daphne","Yes",NA,NA,"1","Multiple Use Zone","Fished",16,0,0,0,0,0,16
"2007-2014-Geographe-stereo-BRUVs","12RC6",-33.5711,115.3481,"2014-12-12","11:22:00","Geographe Bay","Geographe Bay","14.7","Logan","Yes",NA,NA,"4L","Multiple Use Zone","Fished",24,0,0,0,0,0,24
"2007-2014-Geographe-stereo-BRUVs","12RC7",-33.5118,115.4179,"2014-12-12","13:38:00","Geographe Bay","Geographe Bay","15.2","Logan","Yes",NA,NA,"4","Multiple Use Zone","Fished",20,0,0,0,0,0,20
"2007-2014-Geographe-stereo-BRUVs","12RC8",-33.5149,115.4182,"2014-12-12","13:41:00","Geographe Bay","Geographe Bay","14.1","Logan","Yes",NA,NA,"4","Multiple Use Zone","Fished",25,0,0,0,0,0,25
"2007-2014-Geographe-stereo-BRUVs","12RC9",-33.5162,115.4064,"2014-12-12","13:48:00","Geographe Bay","Geographe Bay","14.5","Molly","Yes",NA,NA,"3R 4L","Multiple Use Zone","Fished",21,0,0,0,0,0,21
"2007-2014-Geographe-stereo-BRUVs","13RC1",-33.506,115.4308,"2014-12-13","06:11:00","Geographe Bay","Geographe Bay","13.8","Logan","Yes",NA,NA,"3","Multiple Use Zone","Fished",25,0,0,0,0,0,25
"2007-2014-Geographe-stereo-BRUVs","13RC11",-33.374,115.3693,"2014-12-13","13:23:00","Geographe Bay","Geographe Bay","31","Logan","Yes",NA,NA,"3","Special Purpose Zone (Mining Exclusion)","Fished",0,18,3,0,0,0,21
"2007-2014-Geographe-stereo-BRUVs","13RC12",-33.3744,115.3668,"2014-12-13","13:25:00","Geographe Bay","Geographe Bay","31.3","Logan","Yes",NA,NA,"3","Special Purpose Zone (Mining Exclusion)","Fished",0,11,10,0,0,0,21
"2007-2014-Geographe-stereo-BRUVs","13RC13",-33.3755,115.3631,"2014-12-13","13:31:00","Geographe Bay","Geographe Bay","31.1","Curtin","Yes",NA,NA,"5","Special Purpose Zone (Mining Exclusion)","Fished",NA,NA,NA,NA,NA,NA,NA
"2007-2014-Geographe-stereo-BRUVs","13RC15",-33.3768,115.3559,"2014-12-13","13:39:00","Geographe Bay","Geographe Bay","32.5","Logan","Yes",NA,NA,"3","Special Purpose Zone (Mining Exclusion)","Fished",7,8,1,0,0,0,16
"2007-2014-Geographe-stereo-BRUVs","13RC4",-33.4994,115.3965,"2014-12-13","08:30:00","Geographe Bay","Geographe Bay","19.5","Logan","Yes",NA,NA,"3","Multiple Use Zone","Fished",6,15,0,0,0,0,21
"2007-2014-Geographe-stereo-BRUVs","13RC5",-33.4839,115.4656,"2014-12-13","10:05:00","Geographe Bay","Geographe Bay","26.8","Daphne","Yes",NA,NA,"5","Multiple Use Zone","Fished",0,5,2,0,0,0,7
"2007-2014-Geographe-stereo-BRUVs","13RC6",-33.381,115.3892,"2014-12-13","13:07:00","Geographe Bay","Geographe Bay","29.7","Logan","Yes",NA,NA,"3L","Special Purpose Zone (Mining Exclusion)","Fished",0,2,17,0,0,0,19
"2007-2014-Geographe-stereo-BRUVs","13RC7",-33.3774,115.3861,"2014-12-13","13:10:00","Geographe Bay","Geographe Bay","29.5","Daphne","Yes",NA,NA,"5","Special Purpose Zone (Mining Exclusion)","Fished",0,18,1,0,0,0,19
"2007-2014-Geographe-stereo-BRUVs","13RC8",-33.3726,115.3791,"2014-12-13","13:14:00","Geographe Bay","Geographe Bay","30.4","Logan","Yes",NA,NA,"3","Special Purpose Zone (Mining Exclusion)","Fished",0,8,12,0,0,0,20
"2007-2014-Geographe-stereo-BRUVs","13RC9",-33.3731,115.3748,"2014-12-13","13:18:00","Geographe Bay","Geographe Bay","30.9","Logan","Yes",NA,NA,"3L","Special Purpose Zone (Mining Exclusion)","Fished",4,7,11,0,0,0,22
"2007-2014-Geographe-stereo-BRUVs","GBR-BOB",-33.5924,115.2206,"2014-12-17","12:23","Geographe Bay","Geographe Bay","16.7","Curtin","Yes",NA,NA,"5","Habitat Protection Zone","Fished",NA,NA,NA,NA,NA,NA,NA
"2007-2014-Geographe-stereo-BRUVs","GBR1-2",-33.5936,115.1995,"2014-12-17","12:05","Geographe Bay","Geographe Bay","16","Logan","Yes",NA,NA,"4","Multiple Use Zone","Fished",17,0,0,0,0,0,17
"2007-2014-Geographe-stereo-BRUVs","GBR1-3",-33.5938,115.2023,"2014-12-17","12:07","Geographe Bay","Geographe Bay","15.8","Logan","Yes",NA,NA,"4","Habitat Protection Zone","Fished",0,12,0,0,0,0,12
"2007-2014-Geographe-stereo-BRUVs","GBR1-4",-33.5935,115.2055,"2014-12-17","12:09","Geographe Bay","Geographe Bay","16.8","Logan","Yes",NA,NA,"4","Habitat Protection Zone","Fished",23,0,0,0,0,0,23
"2007-2014-Geographe-stereo-BRUVs","GBR4-1",-33.5933,115.2081,"2014-12-17","12:11","Geographe Bay","Geographe Bay","16.1","Logan","Yes",NA,NA,"4","Habitat Protection Zone","Fished",10,0,0,0,0,0,10
"2007-2014-Geographe-stereo-BRUVs","GBR4-2",-33.5928,115.2102,"2014-12-17","12:13","Geographe Bay","Geographe Bay","16.3","Hayley","Yes",NA,NA,"2","Habitat Protection Zone","Fished",15,0,0,0,0,1,16
"2007-2014-Geographe-stereo-BRUVs","GBR5-1",-33.5932,115.2119,"2014-12-17","12:15","Geographe Bay","Geographe Bay","16.2","Hayley","Yes",NA,NA,"2","Habitat Protection Zone","Fished",18,0,0,0,0,0,18
"2007-2014-Geographe-stereo-BRUVs","GBR5-2",-33.5927,115.2148,"2014-12-17","12:17","Geographe Bay","Geographe Bay","16.6","Hayley","Yes",NA,NA,"2","Habitat Protection Zone","Fished",0,15,4,0,0,0,19
"2007-2014-Geographe-stereo-BRUVs","GBR5-3",-33.5924,115.2175,"2014-12-17","12:19","Geographe Bay","Geographe Bay","16.4","Logan","Yes",NA,NA,"4","Habitat Protection Zone","Fished",0,12,0,0,0,0,12
"2007-2014-Geographe-stereo-BRUVs","RB1",-33.5346,115.2177,"2014-12-09","06:49","Geographe Bay","Geographe Bay","28","Hayley","Yes",NA,NA,"1","Multiple Use Zone","Fished",0,0,20,0,0,0,20
"2007-2014-Geographe-stereo-BRUVs","RB2",-33.5086,115.2255,"2014-12-09","09:39","Geographe Bay","Geographe Bay","30","Hayley","Yes",NA,NA,"1","Multiple Use Zone","Fished",0,10,3,0,0,0,13
"2007-2014-Geographe-stereo-BRUVs","RC1",-33.4628,115.24,"2014-12-09","10:09","Geographe Bay","Geographe Bay","34.2","Hayley","Yes",NA,NA,"1","Special Purpose Zone (Mining Exclusion)","Fished",6,5,13,0,0,0,24
"2007-2014-Geographe-stereo-BRUVs","RC2",-33.4864,115.178,"2014-12-09","10:34","Geographe Bay","Geographe Bay","34.3","Hayley","Yes",NA,NA,"1","Multiple Use Zone","Fished",5,8,1,6,0,0,20
"2007-2014-Geographe-stereo-BRUVs","RC3",-33.4705,115.1684,"2014-12-09","13:11","Geographe Bay","Geographe Bay","35","Hayley","Yes",NA,NA,"1","Special Purpose Zone (Mining Exclusion)","Fished",1,0,10,1,0,1,13
