"sample","detailed.consolidated.rock.turf.mat","detailed.macroalgae.erect.course.branching.brown","detailed.macroalgae.erect.course.branching.brown.sargassum.sp.","detailed.macroalgae.erect.course.branching.green","detailed.macroalgae.erect.fine.branching","detailed.macroalgae.erect.fine.branching.brown","detailed.macroalgae.erect.fine.branching.red","detailed.macroalgae.filamentous.and.filiform.brown","detailed.macroalgae.filamentous.and.filiform.green","detailed.macroalgae.filamentous.and.filiform.red","detailed.macroalgae.filamentous.and.filiform.turfing.algae","detailed.macroalgae.large.canopy.forming.brown","detailed.macroalgae.large.canopy.forming.brown.ecklonia.radiata","detailed.macroalgae.large.canopy.forming.brown.scytothalia.dorycarpa","detailed.seagrasses.strap.like.leaves","detailed.seagrasses.strap.like.leaves.amphibolis.sp.with.epiphytes","detailed.seagrasses.strap.like.leaves.posidonia.sp.with.epiphytes","detailed.seagrasses.strap.like.leaves.with.epiphytes.algae","detailed.seagrasses.strap.like.leaves.amphibolis.sp.","detailed.seagrasses.strap.like.leaves.posidonia.sp.","detailed.seagrasses.strap.like.leaves.zostera.sp.","detailed.stony.corals.encrusting.live","detailed.unconsolidated.pebble.gravel.biogenic.","detailed.unconsolidated.sand.mud.coarse.sand.","detailed.unconsolidated.sand.mud.fine.sand.","detailed.total.points.annotated","campaignid","latitude","longitude","date","time","location","site","depth","observer","successful.count","successful.length","raw.hdd.number","con.hdd.number","commonwealth.zone","status"
"1",0,0,0,0,0,0,0,0,0,0,0,0,0,0,0,0,0,0,0,0,0,0,0,10,10,20,"2007-2014-Geographe-stereo-BRUVs",-33.3635,115.2142,"2014-12-10","13:20:00","Geographe Bay","Geographe Bay","40","Hayley","Yes",NA,NA,"1","Special Purpose Zone (Mining Exclusion)","Fished"
"10",0,0,0,0,0,0,0,0,0,0,0,0,0,0,0,9,0,0,0,0,0,0,0,2,5,16,"2007-2014-Geographe-stereo-BRUVs",-33.5282,115.3313,"2014-12-12","10:48:00","Geographe Bay","Geographe Bay","22.7","Hayley","Yes",NA,NA,"1","Multiple Use Zone","Fished"
"100",0,0,0,0,0,0,0,1,0,0,0,0,0,0,1,0,4,0,0,12,0,0,0,0,0,18,"2007-2014-Geographe-stereo-BRUVs",-33.4325,115.2142,"2014-12-10","11:14:00","Geographe Bay","Geographe Bay","36.7","Molly","Yes","No",NA,"2","Special Purpose Zone (Mining Exclusion)","Fished"
"10000",0,0,0,0,0,0,0,5,0,0,0,0,0,0,0,0,0,0,0,7,0,0,0,4,0,16,"2007-2014-Geographe-stereo-BRUVs",NA,NA,NA,NA,NA,NA,NA,NA,NA,NA,NA,NA,NA,NA
"10001",0,0,0,0,0,0,0,8,0,0,0,0,0,0,0,0,0,0,0,2,0,0,0,9,0,19,"2007-2014-Geographe-stereo-BRUVs",-33.4217,115.3722,"2014-12-14","06:17:00","Geographe Bay","Geographe Bay","15.9","Logan","Yes",NA,NA,"4","Special Purpose Zone (Mining Exclusion)","Fished"
"10002",0,0,0,0,0,0,0,0,0,0,0,0,0,0,0,0,0,0,0,0,0,0,0,21,0,21,"2007-2014-Geographe-stereo-BRUVs",NA,NA,NA,NA,NA,NA,NA,NA,NA,NA,NA,NA,NA,NA
"10003",0,0,0,0,0,0,0,0,0,0,0,0,0,0,0,0,0,0,0,0,0,0,0,10,0,10,"2007-2014-Geographe-stereo-BRUVs",-33.4213,115.3594,"2014-12-14","06:23:00","Geographe Bay","Geographe Bay","16.5","Molly","Yes","No",NA,"5","Special Purpose Zone (Mining Exclusion)","Fished"
"10004",0,0,0,0,0,0,0,0,0,6,0,0,0,0,0,5,0,0,1,0,0,0,0,3,1,16,"2007-2014-Geographe-stereo-BRUVs",NA,NA,NA,NA,NA,NA,NA,NA,NA,NA,NA,NA,NA,NA
"10005",0,0,0,0,0,0,0,5,0,0,0,0,0,0,0,0,0,0,0,0,0,0,0,12,0,17,"2007-2014-Geographe-stereo-BRUVs",-33.4778,115.3694,"2014-12-14","14:03:00","Geographe Bay","Geographe Bay","13.7","Curtin","Yes","Yes",NA,"5","Special Purpose Zone (Mining Exclusion)","Fished"
"101",0,0,0,0,0,0,0,0,0,0,0,0,0,0,0,0,0,0,5,0,0,0,0,3,0,8,"2007-2014-Geographe-stereo-BRUVs",NA,NA,NA,NA,NA,NA,NA,NA,NA,NA,NA,NA,NA,NA
"102",0,0,0,0,0,0,0,0,0,0,0,0,0,0,0,0,0,0,0,0,0,0,0,15,5,20,"2007-2014-Geographe-stereo-BRUVs",-33.5185,115.1196,"2014-12-09","12:39:00","Geographe Bay","Geographe Bay","34.4","Hayley","Yes",NA,NA,"1","Multiple Use Zone","Fished"
"103",0,0,0,0,0,0,0,0,0,7,0,0,0,0,0,2,2,0,0,9,0,0,0,2,0,22,"2007-2014-Geographe-stereo-BRUVs",-33.4581,115.4547,"2014-12-11","13:12:00","Geographe Bay","Geographe Bay","18.4","Hayley","Yes",NA,NA,"1","Special Purpose Zone (Mining Exclusion)","Fished"
"1038",0,0,0,0,0,0,0,2,0,0,0,0,0,0,0,0,3,0,0,5,0,0,0,0,0,10,"2007-2014-Geographe-stereo-BRUVs",-33.5333,115.42,"2014-12-16","15:33:00","Geographe Bay","Geographe Bay","13.9","Daphne","Yes",NA,NA,"5","Multiple Use Zone","Fished"
"104",0,0,0,0,0,0,0,0,0,10,0,0,0,0,0,0,0,0,0,0,0,0,0,10,0,20,"2007-2014-Geographe-stereo-BRUVs",-33.4597,115.2451,"2014-12-09","10:04:00","Geographe Bay","Geographe Bay","33.3","Molly","Yes",NA,NA,"1","Special Purpose Zone (Mining Exclusion)","Fished"
"106",0,0,0,0,0,0,0,0,0,0,0,0,0,0,0,10,0,0,0,0,0,0,0,0,0,10,"2007-2014-Geographe-stereo-BRUVs",-33.5783,115.3451,"2014-12-12","11:27:00","Geographe Bay","Geographe Bay","13.5","Logan","Yes",NA,NA,"4","Multiple Use Zone","Fished"
"107",0,0,0,0,0,0,0,0,0,7,0,0,0,0,0,0,3,0,0,13,0,0,0,2,0,25,"2007-2014-Geographe-stereo-BRUVs",-33.5833,115.1881,"2014-12-09","09:25:00","Geographe Bay","Geographe Bay","29.3","Molly","Yes","No",NA,"1","Multiple Use Zone","Fished"
"108",0,0,0,0,0,0,0,0,0,0,0,0,0,0,0,0,0,0,0,0,0,0,0,20,0,20,"2007-2014-Geographe-stereo-BRUVs",-33.4691,115.1677,"2014-12-11","06:47:00","Geographe Bay","Geographe Bay","34","Logan","Yes",NA,NA,"4","Special Purpose Zone (Mining Exclusion)","Fished"
"11",0,0,0,0,0,0,0,0,0,1,0,0,0,0,0,14,0,0,1,0,0,0,0,2,2,20,"2007-2014-Geographe-stereo-BRUVs",-33.5712,115.2958,"2014-12-12","08:59:00","Geographe Bay","Geographe Bay","21.7","Hayley","Yes",NA,NA,"2","Multiple Use Zone","Fished"
"110",0,0,0,0,0,0,0,0,0,0,0,0,0,0,0,0,0,0,0,0,0,0,15,4,0,19,"2007-2014-Geographe-stereo-BRUVs",NA,NA,NA,NA,NA,NA,NA,NA,NA,NA,NA,NA,NA,NA
"1108",0,0,0,0,0,0,0,0,0,0,0,0,0,0,0,8,0,0,5,0,0,0,0,2,0,15,"2007-2014-Geographe-stereo-BRUVs",NA,NA,NA,NA,NA,NA,NA,NA,NA,NA,NA,NA,NA,NA
"111",0,0,0,0,0,0,0,0,0,5,0,0,0,0,0,5,2,0,2,5,0,0,0,1,0,20,"2007-2014-Geographe-stereo-BRUVs",-33.5369,115.3219,"2014-12-12","10:55:00","Geographe Bay","Geographe Bay","21.9","Logan","Yes",NA,NA,"3","Multiple Use Zone","Fished"
"112",0,11,0,0,0,0,0,0,0,0,0,0,0,0,0,14,0,0,1,0,0,0,0,0,0,26,"2007-2014-Geographe-stereo-BRUVs",-33.4052,115.5224,"2014-12-11","12:35:00","Geographe Bay","Geographe Bay","14.8","Hayley","Yes",NA,NA,"1","Special Purpose Zone (Mining Exclusion)","Fished"
"113",0,0,0,0,0,0,0,0,0,0,0,0,0,0,0,0,0,0,0,0,0,0,0,10,0,10,"2007-2014-Geographe-stereo-BRUVs",-33.3658,115.2779,"2014-12-10","13:45:00","Geographe Bay","Geographe Bay","36.6","Curtin","Yes",NA,NA,"1L","Special Purpose Zone (Mining Exclusion)","Fished"
"114",0,0,0,0,0,0,0,0,0,0,0,0,0,0,0,0,0,0,0,0,0,0,0,19,0,19,"2007-2014-Geographe-stereo-BRUVs",-33.3984,115.1639,"2014-12-10","10:20:00","Geographe Bay","Geographe Bay","39.7","Curtin","Yes",NA,NA,"1R","Special Purpose Zone (Mining Exclusion)","Fished"
"115",0,0,0,0,0,0,0,0,0,0,0,0,0,0,0,0,0,0,0,0,0,0,0,20,0,20,"2007-2014-Geographe-stereo-BRUVs",-33.4446,115.4065,"2014-12-13","10:46:00","Geographe Bay","Geographe Bay","25.2","Logan","Yes",NA,NA,"3","Special Purpose Zone (Mining Exclusion)","Fished"
"116",0,0,0,0,0,0,0,0,0,0,0,0,0,0,0,0,0,0,0,0,0,0,0,20,0,20,"2007-2014-Geographe-stereo-BRUVs",-33.4982,115.2864,"2014-12-09","06:20:00","Geographe Bay","Geographe Bay","29.7","Hayley","Yes",NA,NA,"1","Multiple Use Zone","Fished"
"119",0,0,3,0,0,0,0,14,0,0,0,0,0,0,0,3,0,0,0,0,0,0,0,0,0,20,"2007-2014-Geographe-stereo-BRUVs",NA,NA,NA,NA,NA,NA,NA,NA,NA,NA,NA,NA,NA,NA
"11R1",0,0,0,0,0,0,0,2,0,0,0,0,0,0,0,0,0,0,0,0,0,0,0,8,0,10,"2007-2014-Geographe-stereo-BRUVs",NA,NA,NA,NA,NA,NA,NA,NA,NA,NA,NA,NA,NA,NA
"11R2",0,0,0,0,0,0,0,2,0,8,0,0,0,0,0,0,3,0,0,9,0,0,0,1,0,23,"2007-2014-Geographe-stereo-BRUVs",-33.3967,115.5076,"2014-12-11","12:26:00","Geographe Bay","Geographe Bay","18.6","Brooke","Yes",NA,NA,"2","Special Purpose Zone (Mining Exclusion)","Fished"
"11R3",0,0,0,0,0,0,0,0,0,0,0,0,0,0,0,10,0,0,0,0,0,0,0,0,0,10,"2007-2014-Geographe-stereo-BRUVs",-33.4122,115.5205,"2014-12-11","12:40:00","Geographe Bay","Geographe Bay","14.7","Brooke","Yes",NA,NA,"1","Special Purpose Zone (Mining Exclusion)","Fished"
"11R4",0,0,11,0,0,0,0,9,2,0,0,0,0,0,0,0,0,0,0,0,0,0,0,0,0,22,"2007-2014-Geographe-stereo-BRUVs",-33.4197,115.5176,"2014-12-11","12:48:00","Geographe Bay","Geographe Bay","14.5","Brooke","Yes",NA,NA,"1","Special Purpose Zone (Mining Exclusion)","Fished"
"12",0,0,0,0,0,0,0,0,0,0,0,0,0,0,0,0,0,0,0,0,0,0,0,21,0,21,"2007-2014-Geographe-stereo-BRUVs",-33.404,115.2616,"2014-12-10","14:00:00","Geographe Bay","Geographe Bay","38.7","Hayley","Yes",NA,NA,"2","Special Purpose Zone (Mining Exclusion)","Fished"
"122",0,0,0,0,0,0,0,0,0,1,0,0,0,0,0,12,0,0,4,0,0,0,0,4,0,21,"2007-2014-Geographe-stereo-BRUVs",-33.5375,115.4021,"2014-12-13","05:48:00","Geographe Bay","Geographe Bay","13.3","Logan","Yes",NA,NA,"4","Multiple Use Zone","Fished"
"12RC1",10,0,0,0,0,0,0,6,0,0,0,0,0,0,0,0,0,0,0,0,0,0,0,4,0,20,"2007-2014-Geographe-stereo-BRUVs",-33.5932,115.2133,"2014-12-12","06:09:00","Geographe Bay","Geographe Bay","26.5","Logan","Yes",NA,NA,"4","Habitat Protection Zone","Fished"
"12RC2",0,0,0,0,0,0,0,6,0,0,0,0,0,0,0,2,4,0,2,5,0,0,0,1,0,20,"2007-2014-Geographe-stereo-BRUVs",-33.5916,115.2379,"2014-12-12","08:23:00","Geographe Bay","Geographe Bay","17.6","Daphne","Yes",NA,NA,"2","Multiple Use Zone","Fished"
"12RC3",0,0,0,0,0,0,0,15,3,0,0,0,0,0,0,0,0,0,0,0,0,0,0,0,0,18,"2007-2014-Geographe-stereo-BRUVs",-33.5915,115.2415,"2014-12-12","08:32:00","Geographe Bay","Geographe Bay","17.9","Daphne","Yes",NA,NA,"2","Multiple Use Zone","Fished"
"12RC5",0,0,4,0,0,0,0,12,0,0,0,0,0,0,0,0,0,0,0,0,0,0,0,0,0,16,"2007-2014-Geographe-stereo-BRUVs",-33.5621,115.3443,"2014-12-12","11:16:00","Geographe Bay","Geographe Bay","14.2","Daphne","Yes",NA,NA,"1","Multiple Use Zone","Fished"
"12RC6",0,0,0,0,0,0,0,24,0,0,0,0,0,0,0,0,0,0,0,0,0,0,0,0,0,24,"2007-2014-Geographe-stereo-BRUVs",-33.5711,115.3481,"2014-12-12","11:22:00","Geographe Bay","Geographe Bay","14.7","Logan","Yes",NA,NA,"4L","Multiple Use Zone","Fished"
"12RC7",0,0,4,0,0,0,0,16,0,0,0,0,0,0,0,0,0,0,0,0,0,0,0,0,0,20,"2007-2014-Geographe-stereo-BRUVs",-33.5118,115.4179,"2014-12-12","13:38:00","Geographe Bay","Geographe Bay","15.2","Logan","Yes",NA,NA,"4","Multiple Use Zone","Fished"
"12RC8",0,0,11,0,0,0,0,13,0,1,0,0,0,0,0,0,0,0,0,0,0,0,0,0,0,25,"2007-2014-Geographe-stereo-BRUVs",-33.5149,115.4182,"2014-12-12","13:41:00","Geographe Bay","Geographe Bay","14.1","Logan","Yes",NA,NA,"4","Multiple Use Zone","Fished"
"12RC9",0,0,1,0,0,0,0,14,6,0,0,0,0,0,0,0,0,0,0,0,0,0,0,0,0,21,"2007-2014-Geographe-stereo-BRUVs",-33.5162,115.4064,"2014-12-12","13:48:00","Geographe Bay","Geographe Bay","14.5","Molly","Yes",NA,NA,"3R 4L","Multiple Use Zone","Fished"
"13",0,0,0,0,0,0,0,0,0,0,0,0,0,0,0,0,0,0,0,0,0,0,0,19,0,19,"2007-2014-Geographe-stereo-BRUVs",-33.4502,115.0925,"2014-12-09","13:41:00","Geographe Bay","Geographe Bay","42.4","Hayley","Yes",NA,NA,"1","Special Purpose Zone (Mining Exclusion)","Fished"
"135",0,0,0,0,0,0,0,2,0,10,0,0,0,0,0,3,4,0,0,0,0,0,0,0,0,19,"2007-2014-Geographe-stereo-BRUVs",-33.5019,115.4207,"2014-12-16","12:54:00","Geographe Bay","Geographe Bay","15.8","Logan","Yes",NA,NA,"3","Multiple Use Zone","Fished"
"138",0,0,0,0,0,0,0,3,0,0,1,0,0,0,0,1,12,0,0,2,0,0,0,0,0,19,"2007-2014-Geographe-stereo-BRUVs",NA,NA,NA,NA,NA,NA,NA,NA,NA,NA,NA,NA,NA,NA
"139",0,0,0,0,0,0,0,9,0,0,0,0,0,0,0,5,6,0,0,0,0,0,0,0,0,20,"2007-2014-Geographe-stereo-BRUVs",-33.6033,115.2737,"2014-12-17","08:29:00","Geographe Bay","Geographe Bay","13.4","Daphne","Yes",NA,NA,"5","Multiple Use Zone","Fished"
"13RC1",0,0,6,0,0,0,0,12,7,0,0,0,0,0,0,0,0,0,0,0,0,0,0,0,0,25,"2007-2014-Geographe-stereo-BRUVs",-33.506,115.4308,"2014-12-13","06:11:00","Geographe Bay","Geographe Bay","13.8","Logan","Yes",NA,NA,"3","Multiple Use Zone","Fished"
"13RC11",0,0,0,0,0,0,0,0,0,0,0,0,0,0,0,0,0,0,0,18,0,0,0,2,1,21,"2007-2014-Geographe-stereo-BRUVs",-33.374,115.3693,"2014-12-13","13:23:00","Geographe Bay","Geographe Bay","31","Logan","Yes",NA,NA,"3","Special Purpose Zone (Mining Exclusion)","Fished"
"13RC12",0,0,0,0,0,0,0,0,0,0,0,0,0,0,0,0,0,0,0,11,0,0,0,10,0,21,"2007-2014-Geographe-stereo-BRUVs",-33.3744,115.3668,"2014-12-13","13:25:00","Geographe Bay","Geographe Bay","31.3","Logan","Yes",NA,NA,"3","Special Purpose Zone (Mining Exclusion)","Fished"
"13RC15",0,0,0,0,0,0,0,0,0,6,0,0,0,0,0,0,3,0,0,5,0,0,0,1,0,15,"2007-2014-Geographe-stereo-BRUVs",-33.3768,115.3559,"2014-12-13","13:39:00","Geographe Bay","Geographe Bay","32.5","Logan","Yes",NA,NA,"3","Special Purpose Zone (Mining Exclusion)","Fished"
"13RC2",0,0,4,0,0,0,0,25,0,0,0,0,0,0,0,0,0,0,0,0,0,0,0,0,0,29,"2007-2014-Geographe-stereo-BRUVs",NA,NA,NA,NA,NA,NA,NA,NA,NA,NA,NA,NA,NA,NA
"13RC3",0,0,4,0,0,0,0,7,0,0,0,0,0,0,0,0,0,0,0,0,0,0,0,0,0,11,"2007-2014-Geographe-stereo-BRUVs",NA,NA,NA,NA,NA,NA,NA,NA,NA,NA,NA,NA,NA,NA
"13RC4",0,0,0,0,0,0,0,0,0,6,0,0,0,0,0,0,7,0,0,8,0,0,0,0,0,21,"2007-2014-Geographe-stereo-BRUVs",-33.4994,115.3965,"2014-12-13","08:30:00","Geographe Bay","Geographe Bay","19.5","Logan","Yes",NA,NA,"3","Multiple Use Zone","Fished"
"13RC5",0,0,0,0,0,0,0,0,0,0,0,0,0,0,0,0,3,0,0,2,0,0,0,2,0,7,"2007-2014-Geographe-stereo-BRUVs",-33.4839,115.4656,"2014-12-13","10:05:00","Geographe Bay","Geographe Bay","26.8","Daphne","Yes",NA,NA,"5","Multiple Use Zone","Fished"
"13RC6",0,0,0,0,0,0,0,0,0,0,0,0,0,0,0,0,0,0,2,0,0,0,0,17,0,19,"2007-2014-Geographe-stereo-BRUVs",-33.381,115.3892,"2014-12-13","13:07:00","Geographe Bay","Geographe Bay","29.7","Logan","Yes",NA,NA,"3L","Special Purpose Zone (Mining Exclusion)","Fished"
"13RC7",0,0,0,0,0,0,0,0,0,0,0,0,0,0,0,0,9,0,0,9,0,0,0,1,0,19,"2007-2014-Geographe-stereo-BRUVs",-33.3774,115.3861,"2014-12-13","13:10:00","Geographe Bay","Geographe Bay","29.5","Daphne","Yes",NA,NA,"5","Special Purpose Zone (Mining Exclusion)","Fished"
"13RC8",0,0,0,0,0,0,0,0,0,0,0,0,0,0,0,0,0,0,0,8,0,0,0,12,0,20,"2007-2014-Geographe-stereo-BRUVs",-33.3726,115.3791,"2014-12-13","13:14:00","Geographe Bay","Geographe Bay","30.4","Logan","Yes",NA,NA,"3","Special Purpose Zone (Mining Exclusion)","Fished"
"13RC9",0,0,0,0,0,0,0,0,0,1,0,0,0,0,0,5,0,0,1,1,0,0,0,11,0,19,"2007-2014-Geographe-stereo-BRUVs",-33.3731,115.3748,"2014-12-13","13:18:00","Geographe Bay","Geographe Bay","30.9","Logan","Yes",NA,NA,"3L","Special Purpose Zone (Mining Exclusion)","Fished"
"14",0,0,0,0,0,0,0,18,0,0,0,0,0,0,0,0,0,0,0,0,0,0,0,2,0,20,"2007-2014-Geographe-stereo-BRUVs",-33.5297,115.413,"2014-12-13","05:56:00","Geographe Bay","Geographe Bay","13.2","Logan","Yes",NA,NA,"4","Multiple Use Zone","Fished"
"143",0,0,0,0,0,0,0,15,0,0,0,0,0,0,0,0,0,0,0,0,0,0,0,0,0,15,"2007-2014-Geographe-stereo-BRUVs",-33.5762,115.2367,"2014-12-15","13:24:00","Geographe Bay","Geographe Bay","23.2","Logan","Yes",NA,NA,"3","Multiple Use Zone","Fished"
"144",0,0,0,0,0,0,0,0,0,0,0,0,0,0,0,0,2,0,0,8,0,0,0,0,0,10,"2007-2014-Geographe-stereo-BRUVs",NA,NA,NA,NA,NA,NA,NA,NA,NA,NA,NA,NA,NA,NA
"15",0,0,0,0,0,0,0,0,0,0,0,0,0,0,0,0,3,0,5,7,0,0,0,3,0,18,"2007-2014-Geographe-stereo-BRUVs",-33.5782,115.2148,"2014-12-12","06:27:00","Geographe Bay","Geographe Bay","26.2","Logan","Yes",NA,NA,"4","Habitat Protection Zone","Fished"
"151",0,0,0,0,0,0,0,11,0,2,0,0,0,0,0,1,7,0,0,1,0,0,0,0,0,22,"2007-2014-Geographe-stereo-BRUVs",-33.4768,115.4329,"2014-12-16","09:12:00","Geographe Bay","Geographe Bay","17.2","Daphne","Yes",NA,NA,"5","Special Purpose Zone (Mining Exclusion)","Fished"
"154",0,0,0,0,0,0,0,20,0,0,0,0,0,0,0,0,0,0,0,0,0,0,0,0,0,20,"2007-2014-Geographe-stereo-BRUVs",NA,NA,NA,NA,NA,NA,NA,NA,NA,NA,NA,NA,NA,NA
"16",0,2,0,0,0,0,0,0,0,12,0,0,0,0,0,0,6,0,0,0,0,0,0,0,0,20,"2007-2014-Geographe-stereo-BRUVs",-33.3889,115.4986,"2014-12-11","12:21:00","Geographe Bay","Geographe Bay","20","Hayley","Yes",NA,NA,"1","Special Purpose Zone (Mining Exclusion)","Fished"
"160",0,0,0,0,0,0,0,0,0,0,0,0,0,0,0,14,0,0,1,0,0,0,0,0,0,15,"2007-2014-Geographe-stereo-BRUVs",-33.6034,115.2478,"2014-12-16","15:24:00","Geographe Bay","Geographe Bay","N/A","Logan","Yes",NA,NA,"3","Multiple Use Zone","Fished"
"167",0,0,0,0,0,0,0,7,0,1,0,0,0,0,0,0,9,0,1,0,0,0,0,0,0,18,"2007-2014-Geographe-stereo-BRUVs",-33.4627,115.4806,"2014-12-16","09:25:00","Geographe Bay","Geographe Bay","14.4","Logan","Yes",NA,NA,"5","Special Purpose Zone (Mining Exclusion)","Fished"
"17",0,0,0,0,0,0,0,1,0,1,0,0,0,0,0,0,2,0,0,0,0,0,0,13,0,17,"2007-2014-Geographe-stereo-BRUVs",-33.3636,115.2327,"2014-12-10","13:27:00","Geographe Bay","Geographe Bay","38.8","Hayley","Yes",NA,NA,"2","Special Purpose Zone (Mining Exclusion)","Fished"
"170",0,0,0,0,0,0,0,2,0,0,0,0,0,0,0,4,8,0,4,2,0,0,0,0,0,20,"2007-2014-Geographe-stereo-BRUVs",-33.5417,115.3698,"2014-12-16","13:39:00","Geographe Bay","Geographe Bay","15.8","Logan","Yes",NA,NA,"4","National Park Zone","No-take"
"175",0,0,0,0,0,0,0,0,0,0,0,0,0,0,0,0,0,0,0,0,0,0,0,20,0,20,"2007-2014-Geographe-stereo-BRUVs",NA,NA,NA,NA,NA,NA,NA,NA,NA,NA,NA,NA,NA,NA
"176",0,0,0,0,0,0,0,2,0,0,0,0,0,0,0,0,17,0,0,1,0,0,0,0,0,20,"2007-2014-Geographe-stereo-BRUVs",NA,NA,NA,NA,NA,NA,NA,NA,NA,NA,NA,NA,NA,NA
"18",0,0,0,0,0,0,0,0,0,0,0,0,0,0,0,0,0,0,0,0,0,0,0,5,10,15,"2007-2014-Geographe-stereo-BRUVs",-33.3926,115.0981,"2014-12-10","07:44:00","Geographe Bay","Geographe Bay","42.4","Hayley","Yes",NA,NA,"1","Special Purpose Zone (Mining Exclusion)","Fished"
"183",0,0,0,0,0,0,0,0,0,0,0,0,0,0,0,0,4,0,0,4,0,0,0,1,0,9,"2007-2014-Geographe-stereo-BRUVs",-33.5688,115.2488,"2014-12-15","13:29:00","Geographe Bay","Geographe Bay","22.6","Logan","Yes",NA,NA,"3","Multiple Use Zone","Fished"
"19",0,0,0,0,0,0,0,0,0,0,0,0,0,0,0,2,0,0,0,0,0,0,0,10,10,22,"2007-2014-Geographe-stereo-BRUVs",-33.4605,115.3618,"2014-12-13","10:33:00","Geographe Bay","Geographe Bay","26","Logan","Yes",NA,NA,"4","Special Purpose Zone (Mining Exclusion)","Fished"
"192",0,5,0,3,0,0,0,0,0,1,3,0,0,0,0,0,0,0,0,0,0,0,0,2,0,14,"2007-2014-Geographe-stereo-BRUVs",NA,NA,NA,NA,NA,NA,NA,NA,NA,NA,NA,NA,NA,NA
"196",0,0,0,0,0,0,0,0,0,1,0,0,0,0,0,4,6,0,2,2,0,0,0,0,0,15,"2007-2014-Geographe-stereo-BRUVs",-33.5098,115.4045,"2014-12-16","12:49:00","Geographe Bay","Geographe Bay","15.9","Logan","Yes",NA,NA,"3","Multiple Use Zone","Fished"
"199",0,0,0,0,0,0,0,7,0,0,0,0,0,0,0,0,0,0,0,0,0,0,0,0,0,7,"2007-2014-Geographe-stereo-BRUVs",NA,NA,NA,NA,NA,NA,NA,NA,NA,NA,NA,NA,NA,NA
"2",0,0,0,0,0,0,0,0,0,0,0,0,0,0,0,0,0,0,0,0,0,0,0,7,0,7,"2007-2014-Geographe-stereo-BRUVs",-33.4405,115.101,"2014-12-10","06:29:00","Geographe Bay","Geographe Bay","40.5","Test video","Yes",NA,NA,"1","Special Purpose Zone (Mining Exclusion)","Fished"
"20",0,0,0,0,0,0,0,0,0,0,0,0,0,0,0,0,0,0,0,1,0,0,0,11,8,20,"2007-2014-Geographe-stereo-BRUVs",-33.4339,115.2221,"2014-12-10","11:09:00","Geographe Bay","Geographe Bay","36","Hayley","Yes",NA,NA,"2","Special Purpose Zone (Mining Exclusion)","Fished"
"202",0,0,0,0,0,0,0,0,0,0,0,0,0,0,0,0,10,0,0,3,0,0,0,0,0,13,"2007-2014-Geographe-stereo-BRUVs",NA,NA,NA,NA,NA,NA,NA,NA,NA,NA,NA,NA,NA,NA
"207",0,0,0,0,0,0,0,0,0,0,0,0,0,0,0,0,0,0,0,0,0,0,0,20,0,20,"2007-2014-Geographe-stereo-BRUVs",-33.5738,115.2317,"2014-12-12","08:06:00","Geographe Bay","Geographe Bay","23.3","Hayley","Yes",NA,NA,"2","Habitat Protection Zone","Fished"
"208",0,0,0,0,0,0,0,0,0,0,0,0,0,0,0,1,16,0,1,6,0,0,0,0,0,24,"2007-2014-Geographe-stereo-BRUVs",NA,NA,NA,NA,NA,NA,NA,NA,NA,NA,NA,NA,NA,NA
"21",0,0,0,0,0,0,0,0,0,0,0,0,0,0,0,0,0,0,0,0,0,0,0,18,0,18,"2007-2014-Geographe-stereo-BRUVs",NA,NA,NA,NA,NA,NA,NA,NA,NA,NA,NA,NA,NA,NA
"218",0,0,0,0,0,0,0,3,0,2,0,0,0,0,0,10,5,0,0,0,0,0,0,0,0,20,"2007-2014-Geographe-stereo-BRUVs",NA,NA,NA,NA,NA,NA,NA,NA,NA,NA,NA,NA,NA,NA
"22",0,0,0,0,0,0,0,20,0,0,0,0,0,0,0,0,0,0,0,0,0,0,0,0,0,20,"2007-2014-Geographe-stereo-BRUVs",-33.5746,115.1807,"2014-12-09","07:10:00","Geographe Bay","Geographe Bay","22.6","test video","Yes",NA,NA,"2","Multiple Use Zone","Fished"
"224",0,0,0,0,0,0,0,19,0,0,0,0,0,0,0,0,0,0,0,0,0,0,0,0,0,19,"2007-2014-Geographe-stereo-BRUVs",-33.4189,115.5036,"2014-12-16","06:59:00","Geographe Bay","Geographe Bay","16.5","Hayley","Yes",NA,NA,"2","Special Purpose Zone (Mining Exclusion)","Fished"
"23",0,0,0,0,0,0,0,6,9,0,0,0,0,0,0,0,4,0,1,1,0,0,12,1,0,34,"2007-2014-Geographe-stereo-BRUVs",-33.5042,115.4289,"2014-12-16","11:29:00","Geographe Bay","Geographe Bay","13.6","Hayley","Yes",NA,NA,"3","Multiple Use Zone","Fished"
"234",0,0,0,0,0,0,0,0,0,0,0,0,0,0,0,0,9,0,0,12,0,0,0,0,0,21,"2007-2014-Geographe-stereo-BRUVs",NA,NA,NA,NA,NA,NA,NA,NA,NA,NA,NA,NA,NA,NA
"236",0,0,0,0,0,0,0,1,0,3,0,0,0,0,0,0,4,0,0,12,0,0,0,3,0,23,"2007-2014-Geographe-stereo-BRUVs",NA,NA,NA,NA,NA,NA,NA,NA,NA,NA,NA,NA,NA,NA
"24",0,0,0,0,0,0,0,0,0,0,0,0,0,0,0,0,0,0,0,0,0,0,0,17,1,18,"2007-2014-Geographe-stereo-BRUVs",-33.4712,115.2862,"2014-12-09","06:05:00","Geographe Bay","Geographe Bay","29.2","Hayley","Yes",NA,NA,"1","Special Purpose Zone (Mining Exclusion)","Fished"
"240",0,0,0,0,0,0,0,22,0,6,0,0,0,0,0,0,3,0,0,0,0,0,0,7,0,38,"2007-2014-Geographe-stereo-BRUVs",-33.4388,115.4685,"2014-12-16","08:56:00","Geographe Bay","Geographe Bay","18.9","Logan","Yes",NA,NA,"5","Special Purpose Zone (Mining Exclusion)","Fished"
"247",0,0,0,0,0,0,0,0,0,0,0,0,0,0,0,0,0,0,0,3,0,0,0,17,0,20,"2007-2014-Geographe-stereo-BRUVs",NA,NA,NA,NA,NA,NA,NA,NA,NA,NA,NA,NA,NA,NA
"25",0,0,0,0,0,0,0,0,0,0,0,0,0,0,0,0,0,0,0,0,0,0,0,10,10,20,"2007-2014-Geographe-stereo-BRUVs",-33.3833,115.0828,"2014-12-10","07:10:00","Geographe Bay","Geographe Bay","42.5","Hayley","Yes",NA,NA,"2","Special Purpose Zone (Mining Exclusion)","Fished"
"256",0,0,0,0,0,0,0,21,0,1,0,0,0,0,0,0,0,0,0,0,0,0,0,3,0,25,"2007-2014-Geographe-stereo-BRUVs",-33.4083,115.4775,"2014-12-14","13:12:00","Geographe Bay","Geographe Bay","11.1","Logan","Yes",NA,NA,"5","Special Purpose Zone (Mining Exclusion)","Fished"
"26",0,0,0,0,0,0,0,0,0,12,0,0,0,0,0,2,5,0,0,1,0,0,0,1,0,21,"2007-2014-Geographe-stereo-BRUVs",-33.55,115.3236,"2014-12-12","11:02:00","Geographe Bay","Geographe Bay","20.5","Hayley","Yes",NA,NA,"3","Multiple Use Zone","Fished"
"267",0,0,0,0,0,0,0,0,0,0,0,0,0,0,0,0,0,0,0,0,0,0,0,19,0,19,"2007-2014-Geographe-stereo-BRUVs",NA,NA,NA,NA,NA,NA,NA,NA,NA,NA,NA,NA,NA,NA
"27",0,0,0,0,0,0,0,0,0,0,0,0,0,0,0,0,0,0,0,0,0,0,0,10,0,10,"2007-2014-Geographe-stereo-BRUVs",-33.5464,115.1884,"2014-12-09","07:00:00","Geographe Bay","Geographe Bay","28.2","Hayley","Yes",NA,NA,"1","Multiple Use Zone","Fished"
"270",0,0,0,0,0,0,0,0,0,0,0,0,0,0,0,21,0,0,0,0,0,0,0,0,0,21,"2007-2014-Geographe-stereo-BRUVs",-33.5205,115.4206,"2014-12-13","06:00:00","Geographe Bay","Geographe Bay","13.7","Logan","Yes",NA,NA,"4","Multiple Use Zone","Fished"
"271",0,0,0,0,0,0,0,10,0,3,0,0,0,0,2,0,0,0,0,0,0,0,0,0,0,15,"2007-2014-Geographe-stereo-BRUVs",-33.5937,115.2133,"2014-12-12","06:06:00","Geographe Bay","Geographe Bay","27.3","Logan","Yes",NA,NA,"4","Habitat Protection Zone","Fished"
"272",0,0,1,0,0,0,0,15,0,4,0,0,0,0,0,0,0,0,0,0,0,0,0,0,0,20,"2007-2014-Geographe-stereo-BRUVs",-33.3815,115.4879,"2014-12-14","08:37:00","Geographe Bay","Geographe Bay","11.7","Logan (ends 54:39)","Yes",NA,NA,"5","Special Purpose Zone (Mining Exclusion)","Fished"
"279",0,2,0,0,0,0,0,10,0,1,0,0,0,0,0,7,0,0,0,0,0,0,0,0,0,20,"2007-2014-Geographe-stereo-BRUVs",-33.5012,115.4379,"2014-12-16","11:32:00","Geographe Bay","Geographe Bay","14.2","Curtin","Yes","No",NA,"4","Multiple Use Zone","Fished"
"28",0,0,0,0,0,0,0,0,0,7,0,0,0,0,0,1,1,0,0,0,0,0,0,9,0,18,"2007-2014-Geographe-stereo-BRUVs",-33.4272,115.2873,"2014-12-11","07:07:00","Geographe Bay","Geographe Bay","34","Hayley","Yes",NA,NA,"2","Special Purpose Zone (Mining Exclusion)","Fished"
"282",0,4,0,0,0,0,0,1,0,2,0,0,0,0,0,7,1,0,2,4,0,0,0,0,0,21,"2007-2014-Geographe-stereo-BRUVs",-33.5572,115.3322,"2014-12-17","08:02:00","Geographe Bay","Geographe Bay","18.2","Logan","Yes",NA,NA,"5","Multiple Use Zone","Fished"
"287",0,3,0,0,0,0,0,0,0,0,0,0,0,0,0,12,0,0,2,0,0,0,0,3,0,20,"2007-2014-Geographe-stereo-BRUVs",-33.594,115.2189,"2014-12-15","10:50:00","Geographe Bay","Geographe Bay","16.4","Logan","Yes",NA,NA,"4","Habitat Protection Zone","Fished"
"288",0,1,0,0,0,0,0,10,0,3,0,0,0,0,0,3,1,0,0,1,0,0,0,1,0,20,"2007-2014-Geographe-stereo-BRUVs",-33.471,115.4776,"2014-12-16","09:29:00","Geographe Bay","Geographe Bay","14.3","Logan","Yes",NA,NA,"5","Special Purpose Zone (Mining Exclusion)","Fished"
"29",0,0,0,0,0,0,0,0,0,0,0,0,0,0,0,0,2,0,0,0,0,0,0,0,0,2,"2007-2014-Geographe-stereo-BRUVs",-33.487,115.1764,"2014-12-09","10:30:00","Geographe Bay","Geographe Bay","34.3","Hayley","Yes",NA,NA,"2","Multiple Use Zone","Fished"
"295",0,0,0,0,0,0,0,1,9,0,0,0,0,0,0,0,0,0,0,0,0,0,0,0,0,10,"2007-2014-Geographe-stereo-BRUVs",NA,NA,NA,NA,NA,NA,NA,NA,NA,NA,NA,NA,NA,NA
"298",0,0,0,0,0,0,0,0,0,8,0,0,0,0,0,1,3,0,0,0,0,0,0,5,0,17,"2007-2014-Geographe-stereo-BRUVs",NA,NA,NA,NA,NA,NA,NA,NA,NA,NA,NA,NA,NA,NA
"3",0,0,0,0,0,0,0,0,0,0,0,0,0,0,0,0,0,0,0,0,0,0,0,10,10,20,"2007-2014-Geographe-stereo-BRUVs",-33.4921,115.3549,"2014-12-13","08:41:00","Geographe Bay","Geographe Bay","24.8","Hayley","Yes",NA,NA,"3","Multiple Use Zone","Fished"
"30",0,0,0,0,0,0,0,0,0,0,0,0,0,0,0,0,0,0,0,0,0,0,0,20,0,20,"2007-2014-Geographe-stereo-BRUVs",-33.4241,115.3341,"2014-12-11","06:37:00","Geographe Bay","Geographe Bay","31.8","Hayley","Yes",NA,NA,"2","Special Purpose Zone (Mining Exclusion)","Fished"
"304",0,0,0,0,0,0,0,21,0,0,0,0,0,0,0,0,0,0,0,0,0,0,0,0,0,21,"2007-2014-Geographe-stereo-BRUVs",NA,NA,NA,NA,NA,NA,NA,NA,NA,NA,NA,NA,NA,NA
"31",0,0,0,0,0,0,0,0,0,0,0,0,0,0,0,0,0,0,0,0,0,0,0,22,0,22,"2007-2014-Geographe-stereo-BRUVs",-33.5986,115.2369,"2014-12-12","05:55:00","Geographe Bay","Geographe Bay","26.3","Logan","Yes",NA,NA,"4","Multiple Use Zone","Fished"
"314",0,0,0,0,0,0,0,0,0,0,0,0,0,0,0,0,17,0,0,0,0,0,0,0,0,17,"2007-2014-Geographe-stereo-BRUVs",NA,NA,NA,NA,NA,NA,NA,NA,NA,NA,NA,NA,NA,NA
"316",0,0,0,0,0,0,0,14,0,0,0,0,0,0,0,0,4,0,0,0,0,0,0,0,0,18,"2007-2014-Geographe-stereo-BRUVs",NA,NA,NA,NA,NA,NA,NA,NA,NA,NA,NA,NA,NA,NA
"32",0,0,1,0,0,0,0,1,0,0,0,0,0,0,0,20,0,0,1,0,0,0,0,0,0,23,"2007-2014-Geographe-stereo-BRUVs",-33.4808,115.4621,"2014-12-13","07:53:00","Geographe Bay","Geographe Bay","14.1","Hayley","Yes",NA,NA,"3","Special Purpose Zone (Mining Exclusion)","Fished"
"320",0,0,0,0,0,0,0,7,1,0,0,0,0,0,0,0,11,0,0,0,0,0,0,9,0,28,"2007-2014-Geographe-stereo-BRUVs",NA,NA,NA,NA,NA,NA,NA,NA,NA,NA,NA,NA,NA,NA
"327",0,0,1,0,0,0,0,0,0,15,0,0,0,0,0,0,1,0,0,0,0,0,0,3,0,20,"2007-2014-Geographe-stereo-BRUVs",-33.4892,115.3942,"2014-12-14","14:10:00","Geographe Bay","Geographe Bay","11.8","Logan","Yes",NA,NA,"3","Multiple Use Zone","Fished"
"33",0,0,0,0,0,0,0,1,0,9,0,0,0,0,0,3,0,0,0,0,0,0,0,7,0,20,"2007-2014-Geographe-stereo-BRUVs",-33.3528,115.3205,"2014-12-11","08:54:00","Geographe Bay","Geographe Bay","34.1","Molly","Yes","No",NA,"1L","Special Purpose Zone (Mining Exclusion)","Fished"
"330",0,0,0,0,0,0,0,5,4,0,2,0,0,0,0,0,0,0,0,0,0,0,0,0,0,11,"2007-2014-Geographe-stereo-BRUVs",NA,NA,NA,NA,NA,NA,NA,NA,NA,NA,NA,NA,NA,NA
"331",0,0,0,0,0,0,0,0,0,7,0,0,0,0,0,10,1,0,0,0,0,0,0,0,0,18,"2007-2014-Geographe-stereo-BRUVs",-33.6031,115.253,"2014-12-15","13:46:00","Geographe Bay","Geographe Bay","14.3","Logan","Yes",NA,NA,"3","Multiple Use Zone","Fished"
"335",0,0,0,0,0,0,0,0,0,6,0,0,0,0,0,0,5,0,0,0,0,0,0,3,0,14,"2007-2014-Geographe-stereo-BRUVs",-33.5771,115.2267,"2014-12-12","08:09:00","Geographe Bay","Geographe Bay","21.6","Hayley","Yes",NA,NA,"2","Habitat Protection Zone","Fished"
"34",0,0,0,0,0,0,0,0,0,0,0,0,0,0,0,0,0,0,0,0,0,0,0,19,0,19,"2007-2014-Geographe-stereo-BRUVs",-33.3845,115.0739,"2014-12-10","07:05:00","Geographe Bay","Geographe Bay","43","Curtin","Yes","No",NA,"2L","Special Purpose Zone (Mining Exclusion)","Fished"
"346",0,0,0,0,0,0,0,3,0,1,0,0,0,0,0,10,0,0,0,0,0,0,0,6,0,20,"2007-2014-Geographe-stereo-BRUVs",NA,NA,NA,NA,NA,NA,NA,NA,NA,NA,NA,NA,NA,NA
"35",0,0,0,0,0,0,0,0,0,8,0,0,0,0,0,7,0,0,0,0,0,0,0,2,0,17,"2007-2014-Geographe-stereo-BRUVs",-33.4055,115.4157,"2014-12-13","11:14:00","Geographe Bay","Geographe Bay","27.9","Logan","Yes",NA,NA,"5","Special Purpose Zone (Mining Exclusion)","Fished"
"352",0,1,0,0,0,0,0,0,0,4,0,0,0,0,1,11,0,0,0,0,0,0,0,3,0,20,"2007-2014-Geographe-stereo-BRUVs",-33.4518,115.488,"2014-12-16","08:45:00","Geographe Bay","Geographe Bay","15.2","Daphne","Yes",NA,NA,"5","Special Purpose Zone (Mining Exclusion)","Fished"
"36",0,0,0,0,0,0,0,0,0,0,0,0,0,0,0,0,0,0,0,0,0,0,0,20,0,20,"2007-2014-Geographe-stereo-BRUVs",-33.4269,115.2077,"2014-12-10","11:17:00","Geographe Bay","Geographe Bay","38.2","Hayley","Yes",NA,NA,"2","Special Purpose Zone (Mining Exclusion)","Fished"
"362",0,0,0,0,0,0,0,0,0,0,0,0,0,0,0,0,10,0,0,0,0,0,0,0,0,10,"2007-2014-Geographe-stereo-BRUVs",NA,NA,NA,NA,NA,NA,NA,NA,NA,NA,NA,NA,NA,NA
"368",0,0,0,0,0,0,0,5,0,0,0,0,0,0,0,0,0,0,0,0,0,0,0,0,0,5,"2007-2014-Geographe-stereo-BRUVs",NA,NA,NA,NA,NA,NA,NA,NA,NA,NA,NA,NA,NA,NA
"37",0,0,0,0,0,0,0,0,0,0,0,0,0,0,0,0,0,0,0,0,0,0,0,24,0,24,"2007-2014-Geographe-stereo-BRUVs",-33.3585,115.3721,"2014-12-11","09:11:00","Geographe Bay","Geographe Bay","30.3","Hayley","Yes",NA,NA,"1","Special Purpose Zone (Mining Exclusion)","Fished"
"375",0,0,0,0,0,0,0,0,0,0,0,0,0,0,0,0,5,0,0,2,0,0,0,0,0,7,"2007-2014-Geographe-stereo-BRUVs",-33.5902,115.2206,"2014-12-12","06:14:00","Geographe Bay","Geographe Bay","26.9","Logan","Yes",NA,NA,"4","Habitat Protection Zone","Fished"
"378",0,0,0,0,0,0,0,0,0,0,0,0,0,0,1,4,1,0,2,1,0,0,0,1,0,10,"2007-2014-Geographe-stereo-BRUVs",-33.5556,115.3912,"2014-12-12","13:08:00","Geographe Bay","Geographe Bay","13.3","Logan","Yes",NA,NA,"3 (L) R (4)","National Park Zone","No-take"
"38",0,0,0,0,0,0,0,0,0,0,0,0,0,0,0,0,0,0,0,0,0,0,5,14,0,19,"2007-2014-Geographe-stereo-BRUVs",-33.5037,115.1274,"2014-12-09","12:45:00","Geographe Bay","Geographe Bay","34.5","Hayley","Yes",NA,NA,"1","Multiple Use Zone","Fished"
"384",0,0,5,0,0,0,0,13,0,0,0,0,0,0,0,0,0,0,0,0,0,0,0,0,0,18,"2007-2014-Geographe-stereo-BRUVs",-33.4275,115.5142,"2014-12-16","06:54:00","Geographe Bay","Geographe Bay","13.5","Hayley","Yes",NA,NA,"2","Special Purpose Zone (Mining Exclusion)","Fished"
"39",0,0,0,0,0,0,0,0,0,2,0,0,0,0,0,1,2,0,0,6,0,0,0,12,0,23,"2007-2014-Geographe-stereo-BRUVs",-33.465,115.4329,"2014-12-11","13:20:00","Geographe Bay","Geographe Bay","19.8","Hayley","Yes",NA,NA,"1","Special Purpose Zone (Mining Exclusion)","Fished"
"391",0,0,0,0,0,0,0,0,0,0,0,0,0,0,0,8,2,0,0,1,0,0,0,2,0,13,"2007-2014-Geographe-stereo-BRUVs",-33.5017,115.4101,"2014-12-13","08:23:00","Geographe Bay","Geographe Bay","17","Logan","Yes",NA,NA,"3","Multiple Use Zone","Fished"
"394",0,0,0,0,0,0,0,0,0,0,0,0,0,0,0,0,8,0,1,1,0,0,0,0,0,10,"2007-2014-Geographe-stereo-BRUVs",-33.5181,115.382,"2014-12-16","13:18:00","Geographe Bay","Geographe Bay","19","Logan","Yes",NA,NA,"4","Multiple Use Zone","Fished"
"395",0,0,0,0,0,0,0,0,0,0,0,0,0,0,0,0,0,0,0,11,0,0,0,0,0,11,"2007-2014-Geographe-stereo-BRUVs",NA,NA,NA,NA,NA,NA,NA,NA,NA,NA,NA,NA,NA,NA
"399",0,0,0,0,0,0,0,0,0,0,0,0,0,0,0,0,10,0,0,9,0,0,0,0,0,19,"2007-2014-Geographe-stereo-BRUVs",NA,NA,NA,NA,NA,NA,NA,NA,NA,NA,NA,NA,NA,NA
"4",0,0,0,0,0,0,0,0,0,0,0,0,0,0,0,0,0,0,0,0,0,0,0,10,10,20,"2007-2014-Geographe-stereo-BRUVs",-33.3921,115.2281,"2014-12-10","14:13:00","Geographe Bay","Geographe Bay","38.4","Hayley","Yes",NA,NA,"2","Special Purpose Zone (Mining Exclusion)","Fished"
"40",0,0,0,0,0,0,0,0,0,0,0,0,0,0,0,0,0,0,0,0,0,0,0,22,0,22,"2007-2014-Geographe-stereo-BRUVs",-33.472,115.2287,"2014-12-09","09:57:00","Geographe Bay","Geographe Bay","33.7","Hayley","Yes",NA,NA,"1","Special Purpose Zone (Mining Exclusion)","Fished"
"400",0,1,0,0,0,0,0,9,0,0,0,0,0,0,0,4,0,0,0,0,0,0,0,6,0,20,"2007-2014-Geographe-stereo-BRUVs",-33.3576,115.5517,"2014-12-14","08:58:00","Geographe Bay","Geographe Bay","9.8","Logan","Yes",NA,NA,"3","Special Purpose Zone (Mining Exclusion)","Fished"
"407",0,0,0,0,0,0,0,4,0,0,0,0,0,0,0,13,0,0,1,0,0,0,0,2,0,20,"2007-2014-Geographe-stereo-BRUVs",-33.4882,115.4275,"2014-12-13","08:13:00","Geographe Bay","Geographe Bay","16.2","Logan","Yes",NA,NA,"3","Multiple Use Zone","Fished"
"41",0,0,0,0,0,0,0,0,0,0,0,0,0,0,0,0,0,0,0,0,0,0,0,23,0,23,"2007-2014-Geographe-stereo-BRUVs",-33.3679,115.0986,"2014-12-10","07:35:00","Geographe Bay","Geographe Bay","42.5","Hayley","Yes",NA,NA,"1","Special Purpose Zone (Mining Exclusion)","Fished"
"416",0,0,0,0,0,0,0,1,0,0,0,0,0,0,0,0,5,0,6,4,0,0,0,2,0,18,"2007-2014-Geographe-stereo-BRUVs",NA,NA,NA,NA,NA,NA,NA,NA,NA,NA,NA,NA,NA,NA
"42",0,0,0,0,0,0,0,1,0,0,0,0,0,0,0,9,6,0,1,4,0,0,0,0,0,21,"2007-2014-Geographe-stereo-BRUVs",-33.5425,115.3862,"2014-12-12","13:13:00","Geographe Bay","Geographe Bay","13","Logan","Yes",NA,NA,"4","National Park Zone","No-take"
"428",0,0,1,0,0,0,0,16,0,0,0,0,0,0,0,0,0,0,0,0,0,0,0,0,0,17,"2007-2014-Geographe-stereo-BRUVs",NA,NA,NA,NA,NA,NA,NA,NA,NA,NA,NA,NA,NA,NA
"432",0,0,0,0,0,0,0,3,0,0,0,0,0,0,0,0,8,0,0,2,0,0,0,2,0,15,"2007-2014-Geographe-stereo-BRUVs",NA,NA,NA,NA,NA,NA,NA,NA,NA,NA,NA,NA,NA,NA
"439",0,0,0,0,0,0,0,0,0,0,0,0,0,0,0,4,3,0,3,12,0,0,0,0,0,22,"2007-2014-Geographe-stereo-BRUVs",NA,NA,NA,NA,NA,NA,NA,NA,NA,NA,NA,NA,NA,NA
"44",0,0,0,0,0,0,0,0,0,0,0,0,0,0,0,2,0,0,0,0,0,0,0,16,0,18,"2007-2014-Geographe-stereo-BRUVs",-33.3984,115.3097,"2014-12-11","06:54:00","Geographe Bay","Geographe Bay","34.4","Hayley","Yes",NA,NA,"2","Special Purpose Zone (Mining Exclusion)","Fished"
"442",0,0,0,0,0,7,1,3,0,3,0,0,0,0,0,3,0,0,13,0,0,0,0,2,0,32,"2007-2014-Geographe-stereo-BRUVs",-33.5066,115.4194,"2014-12-12","13:28:00","Geographe Bay","Geographe Bay","14.3","Curtin","Yes","Yes",NA,"2","Multiple Use Zone","Fished"
"443",0,0,0,0,0,0,0,0,0,1,0,0,0,0,0,4,6,0,1,3,0,0,0,5,0,20,"2007-2014-Geographe-stereo-BRUVs",-33.5698,115.2025,"2014-12-12","06:34:00","Geographe Bay","Geographe Bay","27","Logan","Yes",NA,NA,"4","Habitat Protection Zone","Fished"
"448",0,0,0,0,0,0,0,8,0,10,0,0,0,0,0,0,2,0,0,0,0,0,0,0,0,20,"2007-2014-Geographe-stereo-BRUVs",-33.3965,115.4931,"2014-12-14","13:05:00","Geographe Bay","Geographe Bay","10.6","Daphne","Yes",NA,NA,"5","Special Purpose Zone (Mining Exclusion)","Fished"
"45",0,0,0,0,0,0,0,0,0,0,0,0,0,0,0,0,0,0,0,0,0,0,0,17,0,17,"2007-2014-Geographe-stereo-BRUVs",-33.4446,115.1317,"2014-12-09","13:28:00","Geographe Bay","Geographe Bay","41.1","Hayley","Yes",NA,NA,"1","Special Purpose Zone (Mining Exclusion)","Fished"
"451",0,0,0,0,0,0,0,1,0,0,0,0,0,0,0,8,0,0,3,0,0,0,0,6,0,18,"2007-2014-Geographe-stereo-BRUVs",NA,NA,NA,NA,NA,NA,NA,NA,NA,NA,NA,NA,NA,NA
"455",0,0,0,0,0,0,0,0,0,0,0,0,0,0,1,0,0,0,0,4,0,0,0,14,0,19,"2007-2014-Geographe-stereo-BRUVs",-33.5671,115.182,"2014-12-15","08:42:00","Geographe Bay","Geographe Bay","24.9","Logan","Yes",NA,NA,"4","Multiple Use Zone","Fished"
"46",0,0,0,0,0,0,0,0,0,0,0,0,0,0,0,0,0,0,3,0,0,0,0,16,0,19,"2007-2014-Geographe-stereo-BRUVs",NA,NA,NA,NA,NA,NA,NA,NA,NA,NA,NA,NA,NA,NA
"463",0,0,0,0,0,0,0,0,0,0,0,0,0,0,0,0,0,0,0,0,0,0,0,20,0,20,"2007-2014-Geographe-stereo-BRUVs",NA,NA,NA,NA,NA,NA,NA,NA,NA,NA,NA,NA,NA,NA
"47",0,0,0,0,0,0,0,0,0,0,0,0,0,0,0,0,2,0,0,1,0,0,0,12,7,22,"2007-2014-Geographe-stereo-BRUVs",-33.5485,115.2878,"2014-12-12","10:29:00","Geographe Bay","Geographe Bay","24.3","Hayley","Yes",NA,NA,"3","Multiple Use Zone","Fished"
"474",0,0,0,0,0,0,0,10,0,0,0,0,0,0,0,0,0,0,0,0,0,0,0,0,0,10,"2007-2014-Geographe-stereo-BRUVs",NA,NA,NA,NA,NA,NA,NA,NA,NA,NA,NA,NA,NA,NA
"48",0,0,0,0,0,0,0,10,0,1,0,0,0,0,0,0,4,0,0,0,0,0,0,0,0,15,"2007-2014-Geographe-stereo-BRUVs",-33.4028,115.5134,"2014-12-11","12:31:00","Geographe Bay","Geographe Bay","17.2","Hayley","Yes",NA,NA,"2","Special Purpose Zone (Mining Exclusion)","Fished"
"480",0,2,0,3,0,0,0,0,0,0,0,0,0,0,0,14,0,0,1,0,0,0,0,0,0,20,"2007-2014-Geographe-stereo-BRUVs",NA,NA,NA,NA,NA,NA,NA,NA,NA,NA,NA,NA,NA,NA
"49",0,0,0,0,0,0,0,0,0,0,0,0,0,0,0,0,0,0,0,0,0,0,0,20,0,20,"2007-2014-Geographe-stereo-BRUVs",-33.3809,115.2721,"2014-12-10","13:51:00","Geographe Bay","Geographe Bay","37.7","Hayley","Yes",NA,NA,"2","Special Purpose Zone (Mining Exclusion)","Fished"
"490",0,0,0,0,0,0,0,20,0,0,0,0,0,0,0,0,0,0,0,0,0,0,0,0,0,20,"2007-2014-Geographe-stereo-BRUVs",-33.5613,115.3612,"2014-12-17","06:20:00","Geographe Bay","Geographe Bay","13.4","Logan","Yes",NA,NA,"4","Multiple Use Zone","Fished"
"492",0,0,0,0,0,0,0,2,0,0,0,0,0,0,2,0,3,5,0,8,0,0,0,20,0,40,"2007-2014-Geographe-stereo-BRUVs",NA,NA,NA,NA,NA,NA,NA,NA,NA,NA,NA,NA,NA,NA
"496",0,0,0,0,0,0,0,0,0,2,0,0,0,0,0,0,7,0,0,13,0,0,0,0,0,22,"2007-2014-Geographe-stereo-BRUVs",NA,NA,NA,NA,NA,NA,NA,NA,NA,NA,NA,NA,NA,NA
"499",0,0,0,0,0,0,0,5,0,0,0,0,0,0,0,10,1,0,3,8,0,0,0,0,2,29,"2007-2014-Geographe-stereo-BRUVs",NA,NA,NA,NA,NA,NA,NA,NA,NA,NA,NA,NA,NA,NA
"5",0,0,0,0,0,0,0,0,0,2,0,0,0,0,0,2,0,0,0,0,0,0,0,15,0,19,"2007-2014-Geographe-stereo-BRUVs",-33.3628,115.455,"2014-12-11","09:43:00","Geographe Bay","Geographe Bay","25.7","test video","Yes",NA,NA,"1","Special Purpose Zone (Mining Exclusion)","Fished"
"50",0,0,0,0,0,0,0,0,0,0,0,0,0,0,0,0,2,0,3,18,0,0,0,0,0,23,"2007-2014-Geographe-stereo-BRUVs",-33.4108,115.1742,"2014-12-10","10:29:00","Geographe Bay","Geographe Bay","40.5","Curtin","Yes","No",NA,"2L","Special Purpose Zone (Mining Exclusion)","Fished"
"503",0,0,0,0,0,0,0,0,0,0,0,0,0,0,0,9,0,0,8,0,0,0,0,3,0,20,"2007-2014-Geographe-stereo-BRUVs",-33.5845,115.3098,"2014-12-17","07:48:00","Geographe Bay","Geographe Bay","16.3","Daphne (finishes at 55:48)","Yes",NA,NA,"5","Multiple Use Zone","Fished"
"506",0,0,0,0,0,0,0,17,0,0,0,0,0,0,0,3,0,0,0,0,0,0,0,0,0,20,"2007-2014-Geographe-stereo-BRUVs",-33.5174,115.4165,"2014-12-16","11:23:00","Geographe Bay","Geographe Bay","14.1","Logan","Yes",NA,NA,"4","Multiple Use Zone","Fished"
"51",0,0,1,0,0,0,0,18,0,0,0,0,0,0,0,1,0,0,0,0,0,0,0,4,0,24,"2007-2014-Geographe-stereo-BRUVs",-33.4316,115.4137,"2014-12-13","10:52:00","Geographe Bay","Geographe Bay","25.4",NA,"Yes","No",NA,NA,"Special Purpose Zone (Mining Exclusion)","Fished"
"512",0,0,0,0,0,0,0,0,1,1,0,0,0,0,0,0,0,0,0,0,0,0,0,8,0,10,"2007-2014-Geographe-stereo-BRUVs",NA,NA,NA,NA,NA,NA,NA,NA,NA,NA,NA,NA,NA,NA
"52",0,0,0,0,0,0,0,0,0,0,0,0,0,0,0,0,0,0,0,0,0,0,0,23,0,23,"2007-2014-Geographe-stereo-BRUVs",-33.4927,115.2982,"2014-12-09","06:14:00","Geographe Bay","Geographe Bay","29.7","Curtin","Yes","No",NA,"1 Left only","Multiple Use Zone","Fished"
"523",0,0,0,0,0,0,0,0,0,0,0,0,0,0,0,0,0,0,0,19,0,0,0,0,1,20,"2007-2014-Geographe-stereo-BRUVs",-33.5634,115.1589,"2014-12-15","08:35:00","Geographe Bay","Geographe Bay","26","Logan","Yes",NA,NA,"4","Multiple Use Zone","Fished"
"527",0,0,0,0,0,0,0,0,0,0,0,0,0,0,0,0,5,0,0,14,0,0,0,0,0,19,"2007-2014-Geographe-stereo-BRUVs",-33.5894,115.2078,"2014-12-12","06:16:00","Geographe Bay","Geographe Bay","26.8","Logan","Yes",NA,NA,"4","Habitat Protection Zone","Fished"
"528",0,0,0,0,0,0,0,7,0,0,0,0,0,0,0,0,4,0,0,4,0,0,0,0,0,15,"2007-2014-Geographe-stereo-BRUVs",NA,NA,NA,NA,NA,NA,NA,NA,NA,NA,NA,NA,NA,NA
"53",0,0,0,0,0,0,0,0,0,0,0,0,0,0,0,0,0,0,0,0,0,0,0,20,0,20,"2007-2014-Geographe-stereo-BRUVs",-33.3582,115.3565,"2014-12-11","09:04:00","Geographe Bay","Geographe Bay","31.4","Hayley","Yes",NA,NA,"1","Special Purpose Zone (Mining Exclusion)","Fished"
"538",0,0,0,0,0,0,0,4,0,0,0,0,0,0,0,4,0,0,1,0,0,0,0,8,0,17,"2007-2014-Geographe-stereo-BRUVs",NA,NA,NA,NA,NA,NA,NA,NA,NA,NA,NA,NA,NA,NA
"54",0,0,0,0,0,0,0,0,0,0,0,0,0,0,4,0,5,0,0,1,0,0,0,10,0,20,"2007-2014-Geographe-stereo-BRUVs",-33.5131,115.1532,"2014-12-09","10:47:00","Geographe Bay","Geographe Bay","33.1","Hayley","Yes",NA,NA,"1","Multiple Use Zone","Fished"
"543",0,0,4,0,0,0,0,0,16,0,0,0,0,0,0,0,0,0,0,0,0,0,0,0,0,20,"2007-2014-Geographe-stereo-BRUVs",NA,NA,NA,NA,NA,NA,NA,NA,NA,NA,NA,NA,NA,NA
"544",0,0,0,0,0,0,0,2,0,1,0,0,0,0,0,4,0,0,0,0,0,0,0,12,0,19,"2007-2014-Geographe-stereo-BRUVs",-33.4464,115.4341,"2014-12-14","13:36:00","Geographe Bay","Geographe Bay","12.3","Daphne","Yes",NA,NA,"5","Special Purpose Zone (Mining Exclusion)","Fished"
"55",0,0,0,0,0,0,0,0,0,0,0,0,0,0,0,0,0,0,6,0,0,0,0,4,0,10,"2007-2014-Geographe-stereo-BRUVs",-33.5709,115.2801,"2014-12-12","09:05:00","Geographe Bay","Geographe Bay","22.2","Hayley","Yes",NA,NA,"2","Multiple Use Zone","Fished"
"551",0,0,0,0,0,0,0,0,0,0,0,0,0,0,2,8,2,0,2,5,0,0,0,0,0,19,"2007-2014-Geographe-stereo-BRUVs",NA,NA,NA,NA,NA,NA,NA,NA,NA,NA,NA,NA,NA,NA
"554",0,0,0,0,0,0,0,0,0,0,0,0,0,0,0,3,3,0,7,6,0,0,0,0,0,19,"2007-2014-Geographe-stereo-BRUVs",-33.5577,115.3835,"2014-12-17","06:13:00","Geographe Bay","Geographe Bay","12.3","Logan","Yes",NA,NA,"5","National Park Zone","No-take"
"56",0,0,0,0,0,0,0,0,0,0,0,0,0,0,0,1,0,0,1,0,0,0,0,17,0,19,"2007-2014-Geographe-stereo-BRUVs",-33.4953,115.2224,"2014-12-09","09:49:00","Geographe Bay","Geographe Bay","32","Curtin","Yes","No",NA,"1 Left only","Multiple Use Zone","Fished"
"560",0,0,0,0,0,0,0,0,0,0,0,0,0,0,1,6,0,0,5,8,0,0,0,4,0,24,"2007-2014-Geographe-stereo-BRUVs",NA,NA,NA,NA,NA,NA,NA,NA,NA,NA,NA,NA,NA,NA
"567",0,0,0,0,0,0,0,0,0,0,0,0,0,0,0,7,2,0,6,0,0,0,0,5,0,20,"2007-2014-Geographe-stereo-BRUVs",-33.5867,115.276,"2014-12-17","08:23:00","Geographe Bay","Geographe Bay","17.4","Curtin","Yes",NA,NA,"5","Multiple Use Zone","Fished"
"570",0,0,0,0,0,0,0,0,0,0,0,0,0,0,0,0,1,0,5,6,0,0,0,1,0,13,"2007-2014-Geographe-stereo-BRUVs",NA,NA,NA,NA,NA,NA,NA,NA,NA,NA,NA,NA,NA,NA
"572",0,0,0,0,0,0,0,0,0,0,0,0,0,0,0,0,4,0,0,4,0,0,0,0,0,8,"2007-2014-Geographe-stereo-BRUVs",NA,NA,NA,NA,NA,NA,NA,NA,NA,NA,NA,NA,NA,NA
"579",0,3,0,0,0,0,0,7,0,1,0,0,0,0,0,3,5,0,1,3,0,0,0,0,0,23,"2007-2014-Geographe-stereo-BRUVs",-33.5017,115.3741,"2014-12-16","13:10:00","Geographe Bay","Geographe Bay","22","Daphne","Yes",NA,NA,"5","Multiple Use Zone","Fished"
"58",0,0,0,0,0,0,0,4,0,0,0,0,0,0,0,16,0,0,0,0,0,0,0,0,0,20,"2007-2014-Geographe-stereo-BRUVs",-33.5697,115.3796,"2014-12-12","13:02:00","Geographe Bay","Geographe Bay","13.5","Hayley","Yes",NA,NA,"3","National Park Zone","No-take"
"583",0,0,0,0,0,0,0,14,0,2,0,0,0,0,0,1,4,0,0,0,0,0,0,0,0,21,"2007-2014-Geographe-stereo-BRUVs",-33.4784,115.3932,"2014-12-14","13:55:00","Geographe Bay","Geographe Bay","12","Logan","Yes",NA,NA,"3","Special Purpose Zone (Mining Exclusion)","Fished"
"586",0,2,0,0,0,0,0,0,0,2,0,0,0,0,0,7,2,0,2,0,0,0,0,5,0,20,"2007-2014-Geographe-stereo-BRUVs",-33.5309,115.386,"2014-12-16","13:24:00","Geographe Bay","Geographe Bay","15.8","Curtin","Yes","No",NA,"4L","National Park Zone","No-take"
"587",0,0,0,0,0,0,0,9,0,0,0,0,0,0,0,0,11,0,0,0,0,0,0,0,0,20,"2007-2014-Geographe-stereo-BRUVs",NA,NA,NA,NA,NA,NA,NA,NA,NA,NA,NA,NA,NA,NA
"592",0,0,0,0,0,0,0,0,0,1,0,0,0,0,0,3,6,0,0,12,0,0,0,1,0,23,"2007-2014-Geographe-stereo-BRUVs",NA,NA,NA,NA,NA,NA,NA,NA,NA,NA,NA,NA,NA,NA
"599",0,0,0,0,0,0,0,16,0,2,0,0,0,0,0,3,1,0,0,0,0,0,0,1,0,23,"2007-2014-Geographe-stereo-BRUVs",-33.5021,115.4508,"2014-12-13","06:22:00","Geographe Bay","Geographe Bay","13.9","Logan","Yes",NA,NA,"4","Multiple Use Zone","Fished"
"6",0,0,0,0,0,0,0,0,0,0,0,0,0,0,0,0,0,0,0,0,0,0,0,20,0,20,"2007-2014-Geographe-stereo-BRUVs",-33.4071,115.1204,"2014-12-10","07:55:00","Geographe Bay","Geographe Bay","41.8","Hayley","Yes",NA,NA,"1","Special Purpose Zone (Mining Exclusion)","Fished"
"60",0,0,0,0,0,0,0,4,0,5,0,0,0,0,0,0,5,0,0,8,0,0,0,0,0,22,"2007-2014-Geographe-stereo-BRUVs",-33.3626,115.5049,"2014-12-11","09:55:00","Geographe Bay","Geographe Bay","21.5","Hayley","Yes",NA,NA,"1","Special Purpose Zone (Mining Exclusion)","Fished"
"602",0,0,0,0,0,0,0,10,0,0,0,0,0,0,0,8,1,0,0,0,0,0,0,1,0,20,"2007-2014-Geographe-stereo-BRUVs",NA,NA,NA,NA,NA,NA,NA,NA,NA,NA,NA,NA,NA,NA
"608",0,0,0,0,0,0,0,4,0,0,0,0,0,0,0,0,6,0,0,0,0,0,0,0,0,10,"2007-2014-Geographe-stereo-BRUVs",-33.4552,115.4703,"2014-12-16","09:01:00","Geographe Bay","Geographe Bay","16.7","Daphne","Yes",NA,NA,"5","Special Purpose Zone (Mining Exclusion)","Fished"
"61",0,0,0,0,0,0,0,3,0,0,0,0,0,0,0,0,0,0,0,0,0,0,0,17,0,20,"2007-2014-Geographe-stereo-BRUVs",-33.4993,115.1345,"2014-12-09","12:50:00","Geographe Bay","Geographe Bay","34.8","Hayley","Yes",NA,NA,"1","Multiple Use Zone","Fished"
"611",0,0,0,0,0,0,0,10,0,0,0,0,0,0,0,0,0,0,0,0,0,0,0,0,0,10,"2007-2014-Geographe-stereo-BRUVs",NA,NA,NA,NA,NA,NA,NA,NA,NA,NA,NA,NA,NA,NA
"615",0,0,0,0,0,0,0,1,0,1,0,0,0,0,0,10,0,0,8,1,0,0,0,1,0,22,"2007-2014-Geographe-stereo-BRUVs",NA,NA,NA,NA,NA,NA,NA,NA,NA,NA,NA,NA,NA,NA
"618",0,0,0,0,0,0,0,17,0,0,0,0,0,0,0,0,0,0,0,0,0,0,0,2,0,19,"2007-2014-Geographe-stereo-BRUVs",-33.5679,115.3528,"2014-12-17","05:40:00","Geographe Bay","Geographe Bay","14.5","Curtin","Yes","No",NA,"5","Multiple Use Zone","Fished"
"62",0,0,0,0,0,0,0,0,0,0,0,0,0,0,0,0,0,0,0,0,0,0,0,5,11,16,"2007-2014-Geographe-stereo-BRUVs",-33.4505,115.3307,"2014-12-11","06:24:00","Geographe Bay","Geographe Bay","29.3","Hayley","Yes",NA,NA,"2","Special Purpose Zone (Mining Exclusion)","Fished"
"623",0,0,0,0,0,0,0,0,0,0,0,0,0,0,0,0,8,0,0,12,0,0,0,0,0,20,"2007-2014-Geographe-stereo-BRUVs",NA,NA,NA,NA,NA,NA,NA,NA,NA,NA,NA,NA,NA,NA
"624",0,0,0,0,0,0,0,9,0,3,0,0,0,0,0,0,0,0,0,0,0,0,0,0,0,12,"2007-2014-Geographe-stereo-BRUVs",-33.421,115.4919,"2014-12-16","07:03:00","Geographe Bay","Geographe Bay","17.5","Hayley","Yes",NA,NA,"2","Special Purpose Zone (Mining Exclusion)","Fished"
"63",0,0,0,0,0,0,0,0,0,0,0,0,0,0,0,0,1,0,0,1,0,0,6,2,0,10,"2007-2014-Geographe-stereo-BRUVs",-33.5039,115.2562,"2014-12-09","06:29:00","Geographe Bay","Geographe Bay","30","Hayley","Yes",NA,NA,"2","Multiple Use Zone","Fished"
"631",0,8,0,0,0,0,0,2,0,2,0,0,0,0,0,1,0,0,1,1,0,0,0,5,0,20,"2007-2014-Geographe-stereo-BRUVs",NA,NA,NA,NA,NA,NA,NA,NA,NA,NA,NA,NA,NA,NA
"633",0,0,0,0,0,0,0,20,0,0,0,0,0,0,0,0,1,0,0,0,0,0,0,0,0,21,"2007-2014-Geographe-stereo-BRUVs",-33.4712,115.4535,"2014-12-16","09:18:00","Geographe Bay","Geographe Bay","16.2","Daphne","Yes",NA,NA,"5","Special Purpose Zone (Mining Exclusion)","Fished"
"634",0,0,0,0,0,0,0,3,0,6,0,0,0,0,0,0,1,0,0,1,0,0,0,0,0,11,"2007-2014-Geographe-stereo-BRUVs",-33.5337,115.4141,"2014-12-16","15:30:00","Geographe Bay","Geographe Bay","13","Logan","Yes",NA,NA,"5","Multiple Use Zone","Fished"
"635",0,0,0,0,0,0,0,0,0,3,0,0,0,0,0,1,7,0,1,7,0,0,0,1,0,20,"2007-2014-Geographe-stereo-BRUVs",NA,NA,NA,NA,NA,NA,NA,NA,NA,NA,NA,NA,NA,NA
"64",0,0,0,0,0,0,0,5,0,0,0,0,0,0,0,0,10,0,0,6,0,0,0,0,0,21,"2007-2014-Geographe-stereo-BRUVs",-33.4364,115.5095,"2014-12-11","12:54:00","Geographe Bay","Geographe Bay","14.2","Hayley","Yes",NA,NA,"1","Special Purpose Zone (Mining Exclusion)","Fished"
"640",0,0,0,0,0,0,0,12,0,0,0,0,0,0,0,6,4,0,1,1,0,0,0,0,0,24,"2007-2014-Geographe-stereo-BRUVs",NA,NA,NA,NA,NA,NA,NA,NA,NA,NA,NA,NA,NA,NA
"647",0,0,0,0,0,0,0,0,0,0,0,0,0,0,0,17,0,0,2,0,0,0,0,0,0,19,"2007-2014-Geographe-stereo-BRUVs",-33.4926,115.4247,"2014-12-13","08:17:00","Geographe Bay","Geographe Bay","15.3","Logan","Yes",NA,NA,"3","Multiple Use Zone","Fished"
"65",0,0,0,0,0,0,0,0,0,0,0,0,0,0,0,0,0,0,0,0,0,0,0,22,0,22,"2007-2014-Geographe-stereo-BRUVs",-33.3597,115.2048,"2014-12-10","13:15:00","Geographe Bay","Geographe Bay","39.4","Hayley","Yes",NA,NA,"2","Special Purpose Zone (Mining Exclusion)","Fished"
"650",0,1,0,0,0,0,0,0,0,2,0,0,0,0,0,4,3,0,1,2,0,0,0,0,0,13,"2007-2014-Geographe-stereo-BRUVs",-33.5131,115.3716,"2014-12-16","13:14:00","Geographe Bay","Geographe Bay","21.1","Curtin","Yes","No",NA,"4","Multiple Use Zone","Fished"
"655",0,0,0,0,0,0,0,0,0,5,0,0,0,0,0,0,9,0,0,5,0,0,0,2,0,21,"2007-2014-Geographe-stereo-BRUVs",NA,NA,NA,NA,NA,NA,NA,NA,NA,NA,NA,NA,NA,NA
"656",0,0,0,0,0,0,0,0,0,0,0,0,0,0,0,0,5,0,0,17,0,0,0,0,0,22,"2007-2014-Geographe-stereo-BRUVs",-33.3713,115.5504,"2014-12-14","09:28:00","Geographe Bay","Geographe Bay","9","Molly","Yes","No",NA,"3","Special Purpose Zone (Mining Exclusion)","Fished"
"666",0,0,0,0,0,0,0,0,0,0,0,0,0,0,0,4,0,0,5,0,0,0,0,11,0,20,"2007-2014-Geographe-stereo-BRUVs",-33.5511,115.3572,"2014-12-17","06:25:00","Geographe Bay","Geographe Bay","15.6","Logan","Yes",NA,NA,"5","National Park Zone","No-take"
"67",0,0,0,0,0,0,0,0,0,0,0,0,0,0,2,0,0,0,0,2,0,0,0,10,0,14,"2007-2014-Geographe-stereo-BRUVs",-33.4783,115.0859,"2014-12-13","10:10:00","Geographe Bay","Geographe Bay","21.4","Hayley","Yes",NA,NA,"5","Special Purpose Zone (Mining Exclusion)","Fished"
"672",0,0,0,0,0,0,0,0,0,0,0,0,0,0,0,3,12,0,0,7,0,0,0,0,0,22,"2007-2014-Geographe-stereo-BRUVs",-33.4004,115.5357,"2014-12-14","11:45:00","Geographe Bay","Geographe Bay","8.4","Molly","Yes","No",NA,"3","Special Purpose Zone (Mining Exclusion)","Fished"
"679",0,0,0,0,0,0,0,0,0,0,0,0,0,0,0,2,0,0,0,0,0,0,0,7,1,10,"2007-2014-Geographe-stereo-BRUVs",NA,NA,NA,NA,NA,NA,NA,NA,NA,NA,NA,NA,NA,NA
"68",0,0,0,0,0,0,0,0,0,0,0,0,0,0,0,0,0,0,0,0,0,0,0,17,0,17,"2007-2014-Geographe-stereo-BRUVs",-33.3882,115.2426,"41983","0.588194444","Geographe Bay","Geographe Bay","38.9","Molly","Yes","No",NA,"2","Special Purpose Zone (Mining Exclusion)","Fished"
"682",0,0,0,0,0,0,0,11,12,0,0,0,0,0,0,0,0,0,0,0,0,0,0,0,0,23,"2007-2014-Geographe-stereo-BRUVs",-33.5696,115.3354,"2014-12-17","07:57:00","Geographe Bay","Geographe Bay","15.2","Logan","Yes",NA,NA,"5","Multiple Use Zone","Fished"
"684",0,0,0,0,0,0,0,0,0,0,0,0,0,0,0,0,0,0,0,0,0,0,0,7,0,7,"2007-2014-Geographe-stereo-BRUVs",NA,NA,NA,NA,NA,NA,NA,NA,NA,NA,NA,NA,NA,NA
"688",0,0,0,0,0,0,0,0,0,0,0,0,0,0,0,0,0,0,0,0,0,0,0,20,0,20,"2007-2014-Geographe-stereo-BRUVs",NA,NA,NA,NA,NA,NA,NA,NA,NA,NA,NA,NA,NA,NA
"69",0,0,0,0,0,0,0,0,0,0,0,0,0,0,0,0,0,0,0,0,0,0,0,19,0,19,"2007-2014-Geographe-stereo-BRUVs",-33.3534,115.404,"2014-12-11","09:23:00","Geographe Bay","Geographe Bay","28.7","Hayley","Yes",NA,NA,"1","Special Purpose Zone (Mining Exclusion)","Fished"
"694",0,0,0,0,0,0,0,5,0,8,0,0,0,0,3,0,1,1,0,0,0,0,0,0,0,18,"2007-2014-Geographe-stereo-BRUVs",-33.5281,115.3499,"2014-12-16","13:32:00","Geographe Bay","Geographe Bay","21.3","Logan","Yes",NA,NA,"4","Multiple Use Zone","Fished"
"698",0,0,0,0,0,0,0,1,0,0,0,0,0,0,0,2,15,0,0,3,0,0,0,0,0,21,"2007-2014-Geographe-stereo-BRUVs",-33.5246,115.4035,"2014-12-12","13:25:00","Geographe Bay","Geographe Bay","14","Hayley","Yes",NA,NA,"2L 4R","Multiple Use Zone","Fished"
"7",0,0,0,0,0,0,0,0,0,0,0,0,0,0,0,0,0,0,0,0,0,0,0,22,0,22,"2007-2014-Geographe-stereo-BRUVs",-33.4205,115.4457,"2014-12-13","11:04:00","Geographe Bay","Geographe Bay","23.2","Logan","Yes",NA,NA,"5","Special Purpose Zone (Mining Exclusion)","Fished"
"70",0,0,0,0,0,0,0,0,0,0,0,0,0,0,0,0,0,0,0,0,0,0,0,21,0,21,"2007-2014-Geographe-stereo-BRUVs",-33.4159,115.1514,"2014-12-10","10:46:00","Geographe Bay","Geographe Bay","41","Hayley","Yes",NA,NA,"2","Special Purpose Zone (Mining Exclusion)","Fished"
"704",0,0,0,0,0,0,0,0,0,2,0,0,0,0,0,0,1,0,0,12,0,0,0,2,0,17,"2007-2014-Geographe-stereo-BRUVs",NA,NA,NA,NA,NA,NA,NA,NA,NA,NA,NA,NA,NA,NA
"71",0,0,0,0,0,0,0,10,0,10,0,0,0,0,0,0,0,0,0,0,0,0,0,0,0,20,"2007-2014-Geographe-stereo-BRUVs",-33.4271,115.4287,"2014-12-13","10:58:00","Geographe Bay","Geographe Bay","24.4","Logan","Yes",NA,NA,"5","Special Purpose Zone (Mining Exclusion)","Fished"
"711",0,0,0,0,0,0,0,0,0,0,0,0,0,0,0,0,1,0,0,8,0,0,0,10,3,22,"2007-2014-Geographe-stereo-BRUVs",NA,NA,NA,NA,NA,NA,NA,NA,NA,NA,NA,NA,NA,NA
"714",0,0,0,0,0,0,0,0,0,0,0,0,0,0,0,4,8,0,2,2,0,0,0,6,0,22,"2007-2014-Geographe-stereo-BRUVs",NA,NA,NA,NA,NA,NA,NA,NA,NA,NA,NA,NA,NA,NA
"719",0,0,0,0,0,0,0,0,0,0,0,0,0,0,0,0,0,0,0,0,0,0,0,21,0,21,"2007-2014-Geographe-stereo-BRUVs",-33.601,115.2325,"2014-12-12","05:59:00","Geographe Bay","Geographe Bay","26.3","Logan","Yes",NA,NA,"4","Habitat Protection Zone","Fished"
"72",0,0,0,0,0,0,0,0,0,0,0,0,0,0,0,0,0,0,0,0,0,0,0,17,0,17,"2007-2014-Geographe-stereo-BRUVs",-33.4625,115.3224,"2014-12-11","06:07:00","Geographe Bay","Geographe Bay","29.4","Hayley","Yes",NA,NA,"2","Special Purpose Zone (Mining Exclusion)","Fished"
"720",0,0,0,0,0,0,0,0,0,0,0,0,0,0,0,0,0,0,1,0,0,0,0,23,0,24,"2007-2014-Geographe-stereo-BRUVs",NA,NA,NA,NA,NA,NA,NA,NA,NA,NA,NA,NA,NA,NA
"73",0,0,0,0,0,0,0,0,0,0,0,0,0,0,0,0,0,0,0,0,0,0,0,12,8,20,"2007-2014-Geographe-stereo-BRUVs",-33.3718,115.1456,"2014-12-10","10:10:00","Geographe Bay","Geographe Bay","41.5","Hayley","Yes",NA,NA,"2","Special Purpose Zone (Mining Exclusion)","Fished"
"735",0,0,0,0,0,0,0,0,0,0,0,0,0,0,0,0,0,0,0,0,0,0,0,19,0,19,"2007-2014-Geographe-stereo-BRUVs",NA,NA,NA,NA,NA,NA,NA,NA,NA,NA,NA,NA,NA,NA
"736",0,0,0,0,0,0,0,0,0,0,0,0,0,0,0,1,2,0,1,6,0,0,0,3,0,13,"2007-2014-Geographe-stereo-BRUVs",NA,NA,NA,NA,NA,NA,NA,NA,NA,NA,NA,NA,NA,NA
"746",0,0,0,0,0,0,0,0,0,0,0,0,0,0,0,0,0,0,0,0,0,0,0,23,0,23,"2007-2014-Geographe-stereo-BRUVs",-33.5794,115.3571,"2014-12-17","05:45:00","Geographe Bay","Geographe Bay","13.2","Logan","Yes",NA,NA,"5","Multiple Use Zone","Fished"
"748",0,2,0,0,0,0,0,0,0,6,0,0,0,0,0,2,6,0,0,4,0,0,0,0,0,20,"2007-2014-Geographe-stereo-BRUVs",-33.3696,115.5138,"2014-12-14","08:46:00","Geographe Bay","Geographe Bay","11.1","Logan","Yes",NA,NA,"3","Special Purpose Zone (Mining Exclusion)","Fished"
"75",0,0,0,0,0,0,0,0,0,0,0,0,0,0,0,11,1,0,10,1,0,0,0,0,0,23,"2007-2014-Geographe-stereo-BRUVs",-33.5893,115.2946,"2014-12-12","08:52:00","Geographe Bay","Geographe Bay","16.6","Hayley","Yes",NA,NA,"2","Multiple Use Zone","Fished"
"752",0,1,0,0,0,0,0,0,0,0,0,0,0,0,0,0,0,0,0,0,0,0,0,5,11,17,"2007-2014-Geographe-stereo-BRUVs",NA,NA,NA,NA,NA,NA,NA,NA,NA,NA,NA,NA,NA,NA
"755",0,0,0,0,0,0,0,13,0,0,0,0,0,0,0,0,3,0,0,0,0,0,0,4,0,20,"2007-2014-Geographe-stereo-BRUVs",NA,NA,NA,NA,NA,NA,NA,NA,NA,NA,NA,NA,NA,NA
"759",0,0,0,0,0,0,0,0,0,0,0,0,0,0,0,17,0,0,2,0,0,0,0,0,0,19,"2007-2014-Geographe-stereo-BRUVs",-33.5759,115.3173,"2014-12-17","07:52:00","Geographe Bay","Geographe Bay","17.3","Daphne (finishes at 59:18)","Yes",NA,NA,"5","Multiple Use Zone","Fished"
"76",0,0,0,0,0,0,0,0,0,0,0,0,0,0,0,0,0,0,0,0,0,0,0,21,0,21,"2007-2014-Geographe-stereo-BRUVs",-33.413,115.2847,"2014-12-11","07:01:00","Geographe Bay","Geographe Bay","35.2","Hayley","Yes",NA,NA,"2","Special Purpose Zone (Mining Exclusion)","Fished"
"762",0,0,6,0,0,0,0,0,31,0,0,0,0,0,0,0,0,0,0,0,0,0,0,0,0,37,"2007-2014-Geographe-stereo-BRUVs",-33.5199,115.4149,"2014-12-12","13:44:00","Geographe Bay","Geographe Bay","13","Curtin","Yes","No",NA,"4L","Multiple Use Zone","Fished"
"764",0,0,0,0,0,0,0,0,0,5,0,0,0,0,0,5,10,0,0,0,0,0,0,0,0,20,"2007-2014-Geographe-stereo-BRUVs",-33.3744,115.4961,"2014-12-14","08:43:00","Geographe Bay","Geographe Bay","11.6","Logan","Yes",NA,NA,"3","Special Purpose Zone (Mining Exclusion)","Fished"
"77",0,0,0,0,0,0,0,0,0,0,0,0,0,0,0,0,0,0,0,0,0,0,0,10,0,10,"2007-2014-Geographe-stereo-BRUVs",-33.4558,115.1029,"2014-12-09","13:50:00","Geographe Bay","Geographe Bay","40.8","Hayley","Yes",NA,NA,"1","Special Purpose Zone (Mining Exclusion)","Fished"
"779",0,0,0,0,0,0,0,18,0,0,1,0,0,0,0,0,2,0,0,0,0,0,0,0,0,21,"2007-2014-Geographe-stereo-BRUVs",-33.5817,115.2264,"2014-12-17","08:11:00","Geographe Bay","Geographe Bay","19","Curtin","Yes","No",NA,"5","Habitat Protection Zone","Fished"
"78",0,0,0,0,0,0,0,16,0,0,0,0,0,0,0,0,7,0,0,0,0,0,0,0,0,23,"2007-2014-Geographe-stereo-BRUVs",-33.5076,115.4438,"2014-12-13","06:18:00","Geographe Bay","Geographe Bay","13.4","Logan","Yes",NA,NA,"4","Multiple Use Zone","Fished"
"782",0,0,0,0,0,0,0,0,0,0,0,0,0,0,0,25,0,0,0,0,0,0,0,0,0,25,"2007-2014-Geographe-stereo-BRUVs",-33.5142,115.4368,"2014-12-13","06:06:00","Geographe Bay","Geographe Bay","13.7","Logan","Yes",NA,NA,"4","Multiple Use Zone","Fished"
"783",0,0,0,0,0,0,0,0,0,5,0,0,0,0,0,8,0,0,0,2,0,0,0,3,0,18,"2007-2014-Geographe-stereo-BRUVs",-33.5817,115.2264,"2014-12-12","08:12:00","Geographe Bay","Geographe Bay","21.5","Hayley","Yes",NA,NA,"2","Habitat Protection Zone","Fished"
"784",0,0,0,0,0,0,0,15,0,0,0,0,0,0,0,3,2,0,0,0,0,0,0,0,0,20,"2007-2014-Geographe-stereo-BRUVs",NA,NA,NA,NA,NA,NA,NA,NA,NA,NA,NA,NA,NA,NA
"79",0,0,0,0,0,0,0,0,0,0,0,0,0,0,0,0,0,0,0,0,0,0,0,18,0,18,"2007-2014-Geographe-stereo-BRUVs",-33.5874,115.2309,"2014-12-12","08:16:00","Geographe Bay","Geographe Bay","18.5","Hayley","Yes",NA,NA,"2","Habitat Protection Zone","Fished"
"791",0,0,0,0,0,0,0,15,0,0,0,0,0,0,0,6,0,0,0,0,0,0,0,4,0,25,"2007-2014-Geographe-stereo-BRUVs",-33.4851,115.4435,"2014-12-13","08:03:00","Geographe Bay","Geographe Bay","15","Logan","Yes",NA,NA,"3R, 4L","Multiple Use Zone","Fished"
"794",0,0,0,0,0,0,0,0,0,0,0,0,0,0,0,6,7,0,0,12,0,0,0,0,0,25,"2007-2014-Geographe-stereo-BRUVs",NA,NA,NA,NA,NA,NA,NA,NA,NA,NA,NA,NA,NA,NA
"80",0,0,0,0,0,0,0,3,0,2,0,0,0,0,0,0,1,0,0,19,0,0,0,0,0,25,"2007-2014-Geographe-stereo-BRUVs",NA,NA,NA,NA,NA,NA,NA,NA,NA,NA,NA,NA,NA,NA
"800",0,0,0,0,0,0,0,3,0,1,0,0,0,0,0,0,0,0,2,0,0,0,0,6,0,12,"2007-2014-Geographe-stereo-BRUVs",-33.5732,115.1935,"2014-12-15","08:48:00","Geographe Bay","Geographe Bay","22.9","Logan","Yes",NA,NA,"5","Multiple Use Zone","Fished"
"807",0,0,2,0,0,0,0,18,0,0,0,0,0,0,0,0,0,0,0,0,0,0,0,0,0,20,"2007-2014-Geographe-stereo-BRUVs",NA,NA,NA,NA,NA,NA,NA,NA,NA,NA,NA,NA,NA,NA
"81",0,0,0,0,0,0,0,0,0,0,0,0,0,0,0,0,0,0,0,1,3,0,0,16,0,20,"2007-2014-Geographe-stereo-BRUVs",-33.3788,115.2305,"2014-12-10","14:18:00","Geographe Bay","Geographe Bay","38.9","Hayley","Yes",NA,NA,"2","Special Purpose Zone (Mining Exclusion)","Fished"
"810",0,0,0,0,0,0,0,8,0,1,0,0,0,0,0,3,1,0,2,0,0,0,0,7,0,22,"2007-2014-Geographe-stereo-BRUVs",-33.5513,115.3766,"2014-12-16","13:44:00","Geographe Bay","Geographe Bay","14.3","Logan","Yes",NA,NA,"4","National Park Zone","No-take"
"816",0,0,0,0,0,0,0,0,0,0,0,0,0,0,0,0,0,0,0,0,0,0,0,20,0,20,"2007-2014-Geographe-stereo-BRUVs",NA,NA,NA,NA,NA,NA,NA,NA,NA,NA,NA,NA,NA,NA
"82",0,0,0,0,0,0,0,0,0,0,0,0,0,0,0,0,0,0,0,0,0,0,0,20,0,20,"2007-2014-Geographe-stereo-BRUVs",-33.3955,115.1103,"2014-12-10","07:49:00","Geographe Bay","Geographe Bay","42.6","Hayley","Yes",NA,NA,"1","Special Purpose Zone (Mining Exclusion)","Fished"
"823",0,0,0,0,0,0,0,2,0,0,0,0,0,0,0,0,5,0,4,7,0,0,0,0,0,18,"2007-2014-Geographe-stereo-BRUVs",-33.5857,115.2872,"2014-12-17","08:19:00","Geographe Bay","Geographe Bay","16.2","Curtin","Yes",NA,NA,"5","Multiple Use Zone","Fished"
"826",0,0,0,0,0,0,0,0,0,0,0,0,0,0,1,6,1,0,8,2,0,0,0,2,0,20,"2007-2014-Geographe-stereo-BRUVs",-33.5427,115.4006,"2014-12-13","05:45:00","Geographe Bay","Geographe Bay","12.8","Logan","Yes",NA,NA,"4","National Park Zone","No-take"
"828",0,0,0,0,0,0,0,20,0,0,0,0,0,0,0,0,0,0,0,0,0,0,0,0,0,20,"2007-2014-Geographe-stereo-BRUVs",NA,NA,NA,NA,NA,NA,NA,NA,NA,NA,NA,NA,NA,NA
"83",0,0,0,0,0,0,0,0,0,4,0,0,0,0,0,4,7,0,0,5,0,0,0,0,0,20,"2007-2014-Geographe-stereo-BRUVs",-33.4694,115.3791,"2014-12-13","10:26:00","Geographe Bay","Geographe Bay","24.6","Logan","Yes",NA,NA,"5","Special Purpose Zone (Mining Exclusion)","Fished"
"832",0,0,0,0,0,0,0,0,0,0,0,0,0,0,0,5,0,0,3,0,0,0,0,5,0,13,"2007-2014-Geographe-stereo-BRUVs",NA,NA,NA,NA,NA,NA,NA,NA,NA,NA,NA,NA,NA,NA
"839",0,1,0,0,0,0,0,1,0,1,0,0,0,0,0,5,5,0,0,7,0,0,0,0,0,20,"2007-2014-Geographe-stereo-BRUVs",-33.4873,115.4085,"2014-12-16","13:00:00","Geographe Bay","Geographe Bay","20","Daphne","Yes",NA,NA,"5","Multiple Use Zone","Fished"
"84",0,0,0,0,0,0,0,0,0,0,0,0,0,0,0,0,0,0,0,0,0,0,0,10,0,10,"2007-2014-Geographe-stereo-BRUVs",-33.3965,115.1924,"2014-12-10","11:28:00","Geographe Bay","Geographe Bay","41","Hayley","Yes",NA,NA,"2","Special Purpose Zone (Mining Exclusion)","Fished"
"842",0,0,0,0,0,0,0,0,0,3,0,0,0,0,0,2,0,0,0,0,0,0,0,10,0,15,"2007-2014-Geographe-stereo-BRUVs",NA,NA,NA,NA,NA,NA,NA,NA,NA,NA,NA,NA,NA,NA
"843",0,0,0,0,0,0,0,16,0,0,0,0,0,0,0,0,1,0,0,1,0,0,0,0,0,18,"2007-2014-Geographe-stereo-BRUVs",NA,NA,NA,NA,NA,NA,NA,NA,NA,NA,NA,NA,NA,NA
"848",0,0,0,0,0,0,0,19,0,0,0,0,0,0,0,1,2,0,0,0,0,0,0,0,0,22,"2007-2014-Geographe-stereo-BRUVs",-33.3519,115.5323,"2014-12-14","08:53:00","Geographe Bay","Geographe Bay","10.4","Logan","Yes",NA,NA,"4","Special Purpose Zone (Mining Exclusion)","Fished"
"855",0,0,0,0,0,0,0,7,0,0,0,0,0,0,0,6,5,0,1,0,0,0,0,1,0,20,"2007-2014-Geographe-stereo-BRUVs",-33.4901,115.4358,"2014-12-13","08:09:00","Geographe Bay","Geographe Bay","15.2","Logan","Yes",NA,NA,"3","Multiple Use Zone","Fished"
"858",0,0,0,0,0,0,0,0,0,1,0,0,0,0,0,0,0,0,0,0,0,0,0,7,0,8,"2007-2014-Geographe-stereo-BRUVs",-33.5573,115.3462,"2014-12-17","06:29:00","Geographe Bay","Geographe Bay","16.6","Logan","Yes",NA,NA,"5","Multiple Use Zone","Fished"
"86",0,0,0,0,0,0,0,0,0,0,0,0,0,0,0,0,0,0,0,12,0,0,0,7,0,19,"2007-2014-Geographe-stereo-BRUVs",-33.5405,115.1785,"2014-12-09","07:24:00","Geographe Bay","Geographe Bay","28.6","Hayley","Yes",NA,NA,"2","Multiple Use Zone","Fished"
"864",0,0,0,0,0,0,0,0,0,5,0,0,0,0,0,0,2,0,5,7,0,0,0,0,0,19,"2007-2014-Geographe-stereo-BRUVs",NA,NA,NA,NA,NA,NA,NA,NA,NA,NA,NA,NA,NA,NA
"87",0,0,4,0,0,0,0,9,4,0,0,0,0,0,0,0,0,0,0,0,0,0,0,0,0,17,"2007-2014-Geographe-stereo-BRUVs",-33.4896,115.4589,"2014-12-13","07:49:00","Geographe Bay","Geographe Bay","13","Hayley","Yes",NA,NA,"3","Multiple Use Zone","Fished"
"879",0,0,0,0,0,0,0,0,0,0,0,0,0,0,0,0,19,0,0,3,0,0,0,0,0,22,"2007-2014-Geographe-stereo-BRUVs",NA,NA,NA,NA,NA,NA,NA,NA,NA,NA,NA,NA,NA,NA
"88",0,0,0,0,0,0,0,0,0,0,0,0,0,0,0,0,0,0,0,0,0,0,0,20,0,20,"2007-2014-Geographe-stereo-BRUVs",-33.5011,115.2145,"2014-12-09","09:45:00","Geographe Bay","Geographe Bay","31.4","Hayley","Yes",NA,NA,"1","Multiple Use Zone","Fished"
"880",0,0,0,0,0,0,0,0,0,0,0,0,0,0,0,12,2,0,0,1,0,0,0,0,0,15,"2007-2014-Geographe-stereo-BRUVs",NA,NA,NA,NA,NA,NA,NA,NA,NA,NA,NA,NA,NA,NA
"89",0,0,0,0,0,0,0,0,0,0,0,0,0,0,0,0,0,0,0,0,0,0,0,14,5,19,"2007-2014-Geographe-stereo-BRUVs",-33.3828,115.0564,"2014-12-10","06:58:00","Geographe Bay","Geographe Bay","43.9","Molly","Yes",NA,NA,"2","Special Purpose Zone (Mining Exclusion)","Fished"
"9",0,0,0,0,0,0,0,0,0,9,0,0,0,0,0,0,0,0,0,0,0,0,0,6,4,19,"2007-2014-Geographe-stereo-BRUVs",-33.3643,115.1361,"2014-12-10","10:04:00","Geographe Bay","Geographe Bay","41.8","Molly","Yes","No",NA,"2","Special Purpose Zone (Mining Exclusion)","Fished"
"90",0,0,0,0,0,0,0,0,0,0,0,0,0,0,0,0,0,0,0,10,0,0,0,0,0,10,"2007-2014-Geographe-stereo-BRUVs",-33.5333,115.3225,"2014-12-12","10:53:00","Geographe Bay","Geographe Bay","22","Hayley","Yes",NA,NA,"3","Multiple Use Zone","Fished"
"91",0,0,0,0,0,0,0,0,0,0,0,0,0,0,0,0,0,0,0,0,0,0,0,10,10,20,"2007-2014-Geographe-stereo-BRUVs",-33.5396,115.2061,"2014-12-09","06:54:00","Geographe Bay","Geographe Bay","29.8","Hayley","Yes",NA,NA,"1","Habitat Protection Zone","Fished"
"92",0,0,0,0,0,0,0,0,0,0,0,0,0,0,0,0,2,0,0,6,0,0,0,4,12,24,"2007-2014-Geographe-stereo-BRUVs",-33.4176,115.315,"2014-12-11","06:43:00","Geographe Bay","Geographe Bay","33","Hayley","Yes",NA,NA,"2","Special Purpose Zone (Mining Exclusion)","Fished"
"93",0,0,0,0,0,0,0,0,0,0,0,0,0,0,0,0,0,0,0,0,0,0,0,9,11,20,"2007-2014-Geographe-stereo-BRUVs",-33.4813,115.1528,"2014-12-09","12:59:00","Geographe Bay","Geographe Bay","36","Curtin","Yes","No",NA,"1","Special Purpose Zone (Mining Exclusion)","Fished"
"95",0,0,0,0,0,0,0,13,0,6,0,0,0,0,0,0,0,0,0,0,0,0,0,0,0,19,"2007-2014-Geographe-stereo-BRUVs",-33.5175,115.3155,"2014-12-12","10:42:00","Geographe Bay","Geographe Bay","24.9","Hayley","Yes",NA,NA,"3","Multiple Use Zone","Fished"
"96",0,1,0,0,0,0,0,0,0,4,0,0,0,0,0,10,0,0,2,0,0,0,0,0,0,17,"2007-2014-Geographe-stereo-BRUVs",-33.4489,115.4808,"2014-12-11","13:04:00","Geographe Bay","Geographe Bay","15.9","Hayley","Yes",NA,NA,"1","Special Purpose Zone (Mining Exclusion)","Fished"
"97",0,0,0,0,0,0,0,1,0,0,0,0,0,0,0,0,0,0,0,1,0,0,0,13,4,19,"2007-2014-Geographe-stereo-BRUVs",-33.3847,115.2927,"2014-12-11","08:43:00","Geographe Bay","Geographe Bay","35.6","Hayley","Yes",NA,NA,"2","Special Purpose Zone (Mining Exclusion)","Fished"
"98",0,0,0,0,0,0,0,0,0,0,0,0,0,0,0,0,6,0,0,13,0,0,0,0,0,19,"2007-2014-Geographe-stereo-BRUVs",-33.434,115.1727,"2014-12-10","10:56:00","Geographe Bay","Geographe Bay","38","Curtin","Yes","No",NA,"2","Special Purpose Zone (Mining Exclusion)","Fished"
"99",0,0,0,0,0,0,0,3,0,11,0,0,0,0,0,0,2,0,1,0,0,0,0,4,2,23,"2007-2014-Geographe-stereo-BRUVs",NA,NA,NA,NA,NA,NA,NA,NA,NA,NA,NA,NA,NA,NA
"GBR1-1",0,0,0,0,0,0,0,9,0,0,0,0,0,0,0,0,0,0,0,0,0,0,0,0,0,9,"2007-2014-Geographe-stereo-BRUVs",NA,NA,NA,NA,NA,NA,NA,NA,NA,NA,NA,NA,NA,NA
"GBR1-2",0,0,0,0,0,0,0,16,0,1,0,0,0,0,0,0,0,0,0,0,0,0,0,0,0,17,"2007-2014-Geographe-stereo-BRUVs",-33.5936,115.1995,"2014-12-17","12:05","Geographe Bay","Geographe Bay","16","Logan","Yes",NA,NA,"4","Multiple Use Zone","Fished"
"GBR1-3",0,0,0,0,0,0,0,0,0,0,0,0,0,0,0,0,12,0,0,0,0,0,0,0,0,12,"2007-2014-Geographe-stereo-BRUVs",-33.5938,115.2023,"2014-12-17","12:07","Geographe Bay","Geographe Bay","15.8","Logan","Yes",NA,NA,"4","Habitat Protection Zone","Fished"
"GBR1-4",0,0,0,0,0,0,0,23,0,0,0,0,0,0,0,0,0,0,0,0,0,0,0,0,0,23,"2007-2014-Geographe-stereo-BRUVs",-33.5935,115.2055,"2014-12-17","12:09","Geographe Bay","Geographe Bay","16.8","Logan","Yes",NA,NA,"4","Habitat Protection Zone","Fished"
"GBR2-1",0,0,0,0,0,0,0,12,0,0,0,0,0,0,0,2,0,0,0,0,0,0,0,0,0,14,"2007-2014-Geographe-stereo-BRUVs",NA,NA,NA,NA,NA,NA,NA,NA,NA,NA,NA,NA,NA,NA
"GBR2-2",0,0,0,0,0,0,0,11,0,0,0,0,0,0,0,0,0,0,0,0,0,0,0,0,0,11,"2007-2014-Geographe-stereo-BRUVs",NA,NA,NA,NA,NA,NA,NA,NA,NA,NA,NA,NA,NA,NA
"GBR2-3",0,0,0,0,0,0,0,8,0,0,0,0,0,0,0,0,0,0,0,0,0,0,0,0,0,8,"2007-2014-Geographe-stereo-BRUVs",NA,NA,NA,NA,NA,NA,NA,NA,NA,NA,NA,NA,NA,NA
"GBR2-4",0,0,0,0,0,0,0,8,0,0,0,0,0,0,0,0,0,0,0,0,0,0,0,0,0,8,"2007-2014-Geographe-stereo-BRUVs",NA,NA,NA,NA,NA,NA,NA,NA,NA,NA,NA,NA,NA,NA
"GBR3-1",0,3,0,0,0,0,0,5,0,0,0,0,0,0,0,0,0,0,0,0,0,0,0,0,0,8,"2007-2014-Geographe-stereo-BRUVs",NA,NA,NA,NA,NA,NA,NA,NA,NA,NA,NA,NA,NA,NA
"GBR3-2",0,0,0,0,0,0,0,5,0,0,0,0,0,0,0,0,0,0,0,0,0,0,0,0,0,5,"2007-2014-Geographe-stereo-BRUVs",NA,NA,NA,NA,NA,NA,NA,NA,NA,NA,NA,NA,NA,NA
"GBR3-3",0,0,0,0,0,0,0,11,0,0,0,0,0,0,0,0,1,0,0,0,0,0,0,0,0,12,"2007-2014-Geographe-stereo-BRUVs",NA,NA,NA,NA,NA,NA,NA,NA,NA,NA,NA,NA,NA,NA
"GBR4-1",0,0,0,0,0,0,0,10,0,0,0,0,0,0,0,0,0,0,0,0,0,0,0,0,0,10,"2007-2014-Geographe-stereo-BRUVs",-33.5933,115.2081,"2014-12-17","12:11","Geographe Bay","Geographe Bay","16.1","Logan","Yes",NA,NA,"4","Habitat Protection Zone","Fished"
"GBR4-2",0,0,0,0,0,0,0,15,0,0,0,0,0,0,0,0,0,0,0,0,0,0,0,0,0,15,"2007-2014-Geographe-stereo-BRUVs",-33.5928,115.2102,"2014-12-17","12:13","Geographe Bay","Geographe Bay","16.3","Hayley","Yes",NA,NA,"2","Habitat Protection Zone","Fished"
"GBR5-1",0,0,0,0,0,0,0,18,0,0,0,0,0,0,0,0,0,0,0,0,0,0,0,0,0,18,"2007-2014-Geographe-stereo-BRUVs",-33.5932,115.2119,"2014-12-17","12:15","Geographe Bay","Geographe Bay","16.2","Hayley","Yes",NA,NA,"2","Habitat Protection Zone","Fished"
"GBR5-2",0,0,0,0,0,0,0,0,0,0,0,0,0,0,0,10,0,0,5,0,0,0,0,4,0,19,"2007-2014-Geographe-stereo-BRUVs",-33.5927,115.2148,"2014-12-17","12:17","Geographe Bay","Geographe Bay","16.6","Hayley","Yes",NA,NA,"2","Habitat Protection Zone","Fished"
"GBR5-3",0,0,0,0,0,0,0,0,0,0,0,0,0,0,0,1,2,0,7,2,0,0,0,0,0,12,"2007-2014-Geographe-stereo-BRUVs",-33.5924,115.2175,"2014-12-17","12:19","Geographe Bay","Geographe Bay","16.4","Logan","Yes",NA,NA,"4","Habitat Protection Zone","Fished"
"MF-CNB1-1",1,0,0,0,0,0,0,0,0,0,0,0,11,8,0,0,0,0,0,0,0,0,0,0,0,20,"2007-2014-Geographe-stereo-BRUVs",NA,NA,NA,NA,NA,NA,NA,NA,NA,NA,NA,NA,NA,NA
"MF-CNB1-4",0,0,0,0,0,0,17,0,0,0,0,0,2,1,0,0,0,0,0,0,0,0,0,0,0,20,"2007-2014-Geographe-stereo-BRUVs",NA,NA,NA,NA,NA,NA,NA,NA,NA,NA,NA,NA,NA,NA
"MF-CNB1-5",0,0,0,0,0,0,0,0,0,0,0,0,2,3,0,0,0,0,0,0,0,0,0,0,0,5,"2007-2014-Geographe-stereo-BRUVs",NA,NA,NA,NA,NA,NA,NA,NA,NA,NA,NA,NA,NA,NA
"MF-CNB2-3",0,0,0,0,0,0,0,0,0,0,0,10,0,0,0,0,0,0,0,0,0,0,0,0,0,10,"2007-2014-Geographe-stereo-BRUVs",NA,NA,NA,NA,NA,NA,NA,NA,NA,NA,NA,NA,NA,NA
"MF-CNB2-4",0,0,0,0,0,0,0,0,0,0,0,0,7,10,0,0,0,0,0,0,0,0,0,2,0,19,"2007-2014-Geographe-stereo-BRUVs",NA,NA,NA,NA,NA,NA,NA,NA,NA,NA,NA,NA,NA,NA
"MF-CNB2-5",0,0,0,0,0,0,0,0,0,0,0,0,0,0,0,0,0,0,0,6,0,0,0,0,0,6,"2007-2014-Geographe-stereo-BRUVs",NA,NA,NA,NA,NA,NA,NA,NA,NA,NA,NA,NA,NA,NA
"MF-CNB3-5",0,0,0,0,0,0,0,0,0,0,0,0,0,12,0,0,0,0,0,0,0,0,0,0,0,12,"2007-2014-Geographe-stereo-BRUVs",NA,NA,NA,NA,NA,NA,NA,NA,NA,NA,NA,NA,NA,NA
"MF-CNB4-2",0,0,0,0,0,0,0,0,0,0,0,0,2,0,0,0,0,0,0,0,0,0,0,6,0,8,"2007-2014-Geographe-stereo-BRUVs",NA,NA,NA,NA,NA,NA,NA,NA,NA,NA,NA,NA,NA,NA
"MF-CNB4-5",0,0,0,0,0,0,0,0,0,0,0,0,5,1,0,0,0,0,0,0,0,0,0,3,0,9,"2007-2014-Geographe-stereo-BRUVs",NA,NA,NA,NA,NA,NA,NA,NA,NA,NA,NA,NA,NA,NA
"MF-CNB5-3",0,0,0,0,0,0,0,0,0,0,0,0,0,6,0,0,0,0,0,0,0,0,0,0,0,6,"2007-2014-Geographe-stereo-BRUVs",NA,NA,NA,NA,NA,NA,NA,NA,NA,NA,NA,NA,NA,NA
"MF-CNB6-1",0,0,0,0,0,0,0,0,0,0,0,0,8,0,0,0,0,0,0,0,0,0,0,0,0,8,"2007-2014-Geographe-stereo-BRUVs",NA,NA,NA,NA,NA,NA,NA,NA,NA,NA,NA,NA,NA,NA
"MF-CNB6-2",0,0,0,0,0,0,0,0,0,0,0,0,0,15,0,0,0,0,0,0,0,0,0,0,0,15,"2007-2014-Geographe-stereo-BRUVs",NA,NA,NA,NA,NA,NA,NA,NA,NA,NA,NA,NA,NA,NA
"MF-CNB6-3",0,0,0,0,0,0,0,0,0,0,0,0,20,0,0,0,0,0,0,0,0,0,0,0,0,20,"2007-2014-Geographe-stereo-BRUVs",NA,NA,NA,NA,NA,NA,NA,NA,NA,NA,NA,NA,NA,NA
"MF-CNB6-4",0,0,0,0,0,0,0,0,0,0,0,0,11,6,0,0,0,0,0,0,0,0,0,0,0,17,"2007-2014-Geographe-stereo-BRUVs",NA,NA,NA,NA,NA,NA,NA,NA,NA,NA,NA,NA,NA,NA
"MF-CNB7-1",2,0,0,0,0,0,0,0,0,0,0,0,0,8,0,0,0,0,0,0,0,0,0,0,0,10,"2007-2014-Geographe-stereo-BRUVs",NA,NA,NA,NA,NA,NA,NA,NA,NA,NA,NA,NA,NA,NA
"MF-CNB7-3",0,0,0,0,0,0,0,0,0,0,0,0,5,0,0,0,0,0,0,0,0,0,0,0,0,5,"2007-2014-Geographe-stereo-BRUVs",NA,NA,NA,NA,NA,NA,NA,NA,NA,NA,NA,NA,NA,NA
"MF-GB109",0,0,0,0,0,0,0,0,0,0,0,0,0,0,0,0,0,0,0,0,0,0,0,10,0,10,"2007-2014-Geographe-stereo-BRUVs",NA,NA,NA,NA,NA,NA,NA,NA,NA,NA,NA,NA,NA,NA
"MF-GB113",0,0,0,0,0,0,0,9,0,0,0,0,0,0,0,0,0,0,0,0,0,0,0,0,0,9,"2007-2014-Geographe-stereo-BRUVs",-33.56969737,115.2362963,"20070302","12:02:00","Geographe.Bay","Geographe.Bay","24",NA,"Yes","Yes",NA,NA,"Multiple Use Zone","Fished"
"MF-GB128",0,0,0,0,0,0,0,0,0,0,0,0,0,0,0,0,0,0,0,0,0,0,0,5,0,5,"2007-2014-Geographe-stereo-BRUVs",-33.56540445,115.2369006,"20070302","12:12:00","Geographe.Bay","Geographe.Bay","24",NA,"Yes","No",NA,NA,"Multiple Use Zone","Fished"
"MF-GB145",0,0,0,0,0,0,0,0,0,0,0,0,0,0,0,0,0,0,0,3,0,0,0,7,0,10,"2007-2014-Geographe-stereo-BRUVs",NA,NA,NA,NA,NA,NA,NA,NA,NA,NA,NA,NA,NA,NA
"MF-GB168",0,0,0,0,0,0,0,0,0,0,0,0,0,0,0,0,0,0,0,0,0,0,0,10,0,10,"2007-2014-Geographe-stereo-BRUVs",NA,NA,NA,NA,NA,NA,NA,NA,NA,NA,NA,NA,NA,NA
"MF-GB192",0,0,0,0,0,0,0,0,0,0,0,0,0,0,0,0,0,0,0,0,0,0,0,9,0,9,"2007-2014-Geographe-stereo-BRUVs",NA,NA,NA,NA,NA,NA,NA,NA,NA,NA,NA,NA,NA,NA
"MF-GB199",0,0,0,0,0,0,0,0,0,0,0,0,0,0,0,0,0,0,0,10,0,0,0,0,0,10,"2007-2014-Geographe-stereo-BRUVs",NA,NA,NA,NA,NA,NA,NA,NA,NA,NA,NA,NA,NA,NA
"MF-GB221",0,0,0,0,0,0,0,0,0,0,0,0,0,0,0,0,0,0,0,0,0,0,0,10,0,10,"2007-2014-Geographe-stereo-BRUVs",NA,NA,NA,NA,NA,NA,NA,NA,NA,NA,NA,NA,NA,NA
"MF-GB228",0,0,0,0,0,0,0,0,0,0,0,0,0,0,0,0,0,0,0,0,0,0,0,3,0,3,"2007-2014-Geographe-stereo-BRUVs",NA,NA,NA,NA,NA,NA,NA,NA,NA,NA,NA,NA,NA,NA
"MF-INB1-1",0,0,0,0,0,0,0,0,0,0,0,0,0,0,0,0,0,0,0,0,0,0,0,10,0,10,"2007-2014-Geographe-stereo-BRUVs",NA,NA,NA,NA,NA,NA,NA,NA,NA,NA,NA,NA,NA,NA
"MF-INB1-2",0,0,0,0,0,0,0,0,0,0,0,0,0,0,0,0,0,0,0,0,0,0,0,10,0,10,"2007-2014-Geographe-stereo-BRUVs",NA,NA,NA,NA,NA,NA,NA,NA,NA,NA,NA,NA,NA,NA
"MF-INB1-3",1,0,0,0,0,0,13,0,0,0,0,0,0,0,0,0,0,0,0,0,0,0,0,0,0,14,"2007-2014-Geographe-stereo-BRUVs",NA,NA,NA,NA,NA,NA,NA,NA,NA,NA,NA,NA,NA,NA
"MF-INB1-4",4,0,0,0,0,0,0,0,0,0,0,0,0,0,0,0,0,0,0,0,0,1,0,0,0,5,"2007-2014-Geographe-stereo-BRUVs",NA,NA,NA,NA,NA,NA,NA,NA,NA,NA,NA,NA,NA,NA
"MF-INB1-5",0,0,0,0,0,0,0,0,0,0,0,0,0,0,0,0,0,0,0,0,0,0,0,10,0,10,"2007-2014-Geographe-stereo-BRUVs",NA,NA,NA,NA,NA,NA,NA,NA,NA,NA,NA,NA,NA,NA
"MF-INB2-1",0,0,0,0,0,0,0,0,0,0,0,0,10,0,0,0,0,0,0,0,0,0,0,0,0,10,"2007-2014-Geographe-stereo-BRUVs",NA,NA,NA,NA,NA,NA,NA,NA,NA,NA,NA,NA,NA,NA
"MF-INB2-2",0,0,0,0,0,0,4,0,0,0,0,0,0,0,0,0,0,0,0,0,0,0,0,1,0,5,"2007-2014-Geographe-stereo-BRUVs",NA,NA,NA,NA,NA,NA,NA,NA,NA,NA,NA,NA,NA,NA
"MF-INB2-4",1,0,0,0,0,0,0,0,0,0,0,0,17,0,0,0,0,0,0,0,0,0,0,0,0,18,"2007-2014-Geographe-stereo-BRUVs",NA,NA,NA,NA,NA,NA,NA,NA,NA,NA,NA,NA,NA,NA
"MF-INB2-5",0,0,0,0,0,0,0,0,0,0,0,0,9,3,0,0,0,0,0,0,0,0,0,0,0,12,"2007-2014-Geographe-stereo-BRUVs",NA,NA,NA,NA,NA,NA,NA,NA,NA,NA,NA,NA,NA,NA
"MF-INB3-1",0,0,0,0,0,0,10,0,0,0,0,0,0,0,0,0,0,0,0,0,0,0,0,0,0,10,"2007-2014-Geographe-stereo-BRUVs",NA,NA,NA,NA,NA,NA,NA,NA,NA,NA,NA,NA,NA,NA
"MF-INB3-2",0,0,0,0,0,0,0,0,0,0,0,0,7,0,0,0,0,0,0,0,0,0,0,0,0,7,"2007-2014-Geographe-stereo-BRUVs",NA,NA,NA,NA,NA,NA,NA,NA,NA,NA,NA,NA,NA,NA
"MF-INB3-4",0,0,0,0,0,0,5,0,0,0,0,0,0,0,0,0,0,0,0,0,0,0,0,0,0,5,"2007-2014-Geographe-stereo-BRUVs",NA,NA,NA,NA,NA,NA,NA,NA,NA,NA,NA,NA,NA,NA
"MF-INB4-1",0,0,0,0,0,0,3,0,0,0,0,0,0,0,0,0,0,0,0,0,0,0,0,7,0,10,"2007-2014-Geographe-stereo-BRUVs",NA,NA,NA,NA,NA,NA,NA,NA,NA,NA,NA,NA,NA,NA
"MF-INB4-2",0,0,0,0,0,0,5,0,0,0,0,0,0,0,0,0,0,0,0,0,0,0,0,5,0,10,"2007-2014-Geographe-stereo-BRUVs",NA,NA,NA,NA,NA,NA,NA,NA,NA,NA,NA,NA,NA,NA
"MF-INB4-3",0,0,0,0,0,0,1,0,0,0,0,0,0,0,0,0,9,0,0,0,0,0,0,0,0,10,"2007-2014-Geographe-stereo-BRUVs",NA,NA,NA,NA,NA,NA,NA,NA,NA,NA,NA,NA,NA,NA
"MF-INB4-4",0,0,0,0,0,0,0,0,0,0,0,0,10,0,0,0,0,0,0,0,0,0,0,0,0,10,"2007-2014-Geographe-stereo-BRUVs",NA,NA,NA,NA,NA,NA,NA,NA,NA,NA,NA,NA,NA,NA
"MF-INB4-5",0,0,0,0,0,0,0,0,0,0,0,0,0,0,0,0,0,0,0,0,0,0,0,5,0,5,"2007-2014-Geographe-stereo-BRUVs",NA,NA,NA,NA,NA,NA,NA,NA,NA,NA,NA,NA,NA,NA
"MF-INB5-1",0,0,0,0,0,0,5,0,0,0,0,0,0,0,0,0,0,0,0,0,0,0,0,0,0,5,"2007-2014-Geographe-stereo-BRUVs",NA,NA,NA,NA,NA,NA,NA,NA,NA,NA,NA,NA,NA,NA
"MF-INB5-2",0,0,0,0,0,0,6,0,0,0,0,0,0,0,0,0,0,0,0,0,0,0,0,4,0,10,"2007-2014-Geographe-stereo-BRUVs",NA,NA,NA,NA,NA,NA,NA,NA,NA,NA,NA,NA,NA,NA
"MF-INB6-1",0,0,0,0,0,0,0,0,0,0,0,0,5,7,0,0,0,0,0,1,0,0,0,0,0,13,"2007-2014-Geographe-stereo-BRUVs",NA,NA,NA,NA,NA,NA,NA,NA,NA,NA,NA,NA,NA,NA
"MF-INB6-2",0,0,0,0,0,0,2,0,0,0,0,0,7,5,0,0,0,0,0,0,0,0,0,0,0,14,"2007-2014-Geographe-stereo-BRUVs",NA,NA,NA,NA,NA,NA,NA,NA,NA,NA,NA,NA,NA,NA
"MF-INB6-4",0,0,0,0,0,0,0,0,0,0,0,0,0,8,0,0,0,0,0,0,0,0,0,0,0,8,"2007-2014-Geographe-stereo-BRUVs",NA,NA,NA,NA,NA,NA,NA,NA,NA,NA,NA,NA,NA,NA
"MF-INB6-5",0,0,0,0,0,0,0,0,0,0,0,0,5,0,0,0,0,0,0,0,0,0,0,0,0,5,"2007-2014-Geographe-stereo-BRUVs",NA,NA,NA,NA,NA,NA,NA,NA,NA,NA,NA,NA,NA,NA
"MF-INB7-1",0,0,0,0,0,0,0,0,0,0,0,0,0,0,0,0,0,0,0,0,0,0,0,10,0,10,"2007-2014-Geographe-stereo-BRUVs",NA,NA,NA,NA,NA,NA,NA,NA,NA,NA,NA,NA,NA,NA
"MF-INB7-2",0,0,0,0,0,0,0,0,0,0,0,0,16,0,0,0,0,0,0,0,0,0,0,1,0,17,"2007-2014-Geographe-stereo-BRUVs",NA,NA,NA,NA,NA,NA,NA,NA,NA,NA,NA,NA,NA,NA
"MF-INB7-3",0,0,0,0,0,0,0,0,0,0,0,0,0,0,0,0,0,0,0,10,0,0,0,0,0,10,"2007-2014-Geographe-stereo-BRUVs",NA,NA,NA,NA,NA,NA,NA,NA,NA,NA,NA,NA,NA,NA
"MF-INB7-4",0,0,0,0,0,0,0,0,0,0,0,0,0,0,0,0,0,0,0,0,0,0,0,10,0,10,"2007-2014-Geographe-stereo-BRUVs",NA,NA,NA,NA,NA,NA,NA,NA,NA,NA,NA,NA,NA,NA
"MF-INB7-5",0,0,0,0,0,0,0,0,0,0,0,0,2,0,0,0,0,0,0,0,0,0,0,0,0,2,"2007-2014-Geographe-stereo-BRUVs",NA,NA,NA,NA,NA,NA,NA,NA,NA,NA,NA,NA,NA,NA
"MF-WC045",0,0,0,0,0,0,0,0,0,0,0,0,0,0,0,0,0,0,0,0,0,0,0,10,0,10,"2007-2014-Geographe-stereo-BRUVs",NA,NA,NA,NA,NA,NA,NA,NA,NA,NA,NA,NA,NA,NA
"MF-WC065",0,0,0,0,0,0,0,0,0,0,0,0,14,0,0,0,0,0,0,0,0,0,0,0,0,14,"2007-2014-Geographe-stereo-BRUVs",NA,NA,NA,NA,NA,NA,NA,NA,NA,NA,NA,NA,NA,NA
"MF-WC100",0,0,0,0,3,0,0,0,0,0,0,0,0,0,0,0,0,0,0,0,0,0,0,7,0,10,"2007-2014-Geographe-stereo-BRUVs",NA,NA,NA,NA,NA,NA,NA,NA,NA,NA,NA,NA,NA,NA
"MF-WC101",0,0,0,0,0,0,4,0,0,0,0,0,0,0,0,0,0,0,0,0,0,0,0,0,0,4,"2007-2014-Geographe-stereo-BRUVs",NA,NA,NA,NA,NA,NA,NA,NA,NA,NA,NA,NA,NA,NA
"MF-WC102",0,0,0,0,0,0,0,0,0,0,0,0,0,0,0,0,0,0,0,0,0,0,0,1,0,1,"2007-2014-Geographe-stereo-BRUVs",NA,NA,NA,NA,NA,NA,NA,NA,NA,NA,NA,NA,NA,NA
"MF-WC104",0,0,0,0,0,0,0,0,0,0,0,0,0,0,0,0,0,0,0,0,0,0,0,8,0,8,"2007-2014-Geographe-stereo-BRUVs",NA,NA,NA,NA,NA,NA,NA,NA,NA,NA,NA,NA,NA,NA
"MF-WC105",3,0,0,0,0,0,0,0,0,0,0,0,0,0,0,0,0,0,0,0,0,0,0,0,0,3,"2007-2014-Geographe-stereo-BRUVs",NA,NA,NA,NA,NA,NA,NA,NA,NA,NA,NA,NA,NA,NA
"MF-WC106",0,0,0,0,0,0,0,0,0,0,0,0,5,0,0,0,0,0,0,3,0,0,0,0,0,8,"2007-2014-Geographe-stereo-BRUVs",NA,NA,NA,NA,NA,NA,NA,NA,NA,NA,NA,NA,NA,NA
"MF-WC108",0,0,0,0,0,0,0,0,0,0,0,0,0,0,0,0,0,0,0,0,0,0,0,10,0,10,"2007-2014-Geographe-stereo-BRUVs",NA,NA,NA,NA,NA,NA,NA,NA,NA,NA,NA,NA,NA,NA
"MF-WC110",0,0,0,0,0,0,0,0,0,0,0,0,0,0,0,0,0,0,0,12,0,0,0,0,0,12,"2007-2014-Geographe-stereo-BRUVs",NA,NA,NA,NA,NA,NA,NA,NA,NA,NA,NA,NA,NA,NA
"MF-WC116",0,0,0,0,0,0,0,0,0,0,0,0,0,0,0,0,0,0,0,0,0,0,0,5,0,5,"2007-2014-Geographe-stereo-BRUVs",NA,NA,NA,NA,NA,NA,NA,NA,NA,NA,NA,NA,NA,NA
"RB1",0,0,0,0,0,0,0,0,0,0,0,0,0,0,0,0,0,0,0,0,0,0,0,20,0,20,"2007-2014-Geographe-stereo-BRUVs",-33.5346,115.2177,"2014-12-09","06:49","Geographe Bay","Geographe Bay","28","Hayley","Yes",NA,NA,"1","Multiple Use Zone","Fished"
"RB2",0,0,0,0,0,0,0,0,0,0,0,0,0,0,0,0,0,0,0,10,0,0,0,3,0,13,"2007-2014-Geographe-stereo-BRUVs",-33.5086,115.2255,"2014-12-09","09:39","Geographe Bay","Geographe Bay","30","Hayley","Yes",NA,NA,"1","Multiple Use Zone","Fished"
"RC1",0,0,0,0,0,0,0,3,0,0,0,0,0,0,0,0,0,0,0,5,0,0,0,13,0,21,"2007-2014-Geographe-stereo-BRUVs",-33.4628,115.24,"2014-12-09","10:09","Geographe Bay","Geographe Bay","34.2","Hayley","Yes",NA,NA,"1","Special Purpose Zone (Mining Exclusion)","Fished"
"RC2",0,0,1,0,0,0,0,2,0,0,2,0,0,0,0,0,5,0,0,3,0,0,0,1,0,14,"2007-2014-Geographe-stereo-BRUVs",-33.4864,115.178,"2014-12-09","10:34","Geographe Bay","Geographe Bay","34.3","Hayley","Yes",NA,NA,"1","Multiple Use Zone","Fished"
"RC3",0,0,0,0,0,0,0,1,0,0,0,0,0,0,0,0,0,0,0,0,0,0,0,10,0,11,"2007-2014-Geographe-stereo-BRUVs",-33.4705,115.1684,"2014-12-09","13:11","Geographe Bay","Geographe Bay","35","Hayley","Yes",NA,NA,"1","Special Purpose Zone (Mining Exclusion)","Fished"
